id,Date,Open,High,Low,Close,Volume,feature_ret_1d,feature_ret_5d,feature_sma_20_ratio,feature_vol_ratio_20d,feature_high_low_spread,target
0,2014-01-30,145.25808985973364,146.0541101359483,144.79509050686053,145.58299255371094,118938100,0.010600957859174587,-0.0194760009236995,-0.016530125468719237,1.0183174206208718,0.008648123019062554,0.021090403479661957
1,2014-01-31,143.77973401913408,145.63170638354538,143.70663278233295,144.73008728027344,194677900,-0.0058585502226355946,-0.003968780272660677,-0.02101868592092815,1.6149047662103995,0.013301129277179795,0.03277585492340518
2,2014-02-03,144.55952529087867,144.8844279564876,141.1967318854332,141.472900390625,254837100,-0.022505250641774444,-0.021572007719726005,-0.040752976956011544,1.9720719275841128,0.026066448492058886,0.05781708120999607
3,2014-02-04,142.10648204542971,142.829401076534,141.42417894974005,142.46388244628906,165012400,0.007004748279902495,-0.020550524007100446,-0.03217606602783907,1.2494102185822782,0.00986370792838482,0.043503072292621514
4,2014-02-05,141.9683718424326,142.6019406575674,141.09925047571838,142.28515625,164230500,-0.0012545368918781552,-0.012291802269817964,-0.03116891515106035,1.20778546006646,0.010561116995287645,0.05097889498970498
5,2014-02-06,142.6181928771321,144.1614990234375,142.32577554060418,144.1614990234375,132877600,0.013187199725463339,-0.00976414555944094,-0.01675041864715765,0.9643394433096164,0.012733798519498385,0.03611689025386733
6,2014-02-07,144.83566663436045,146.10280414454215,144.36454918160882,145.94847106933594,170787200,0.01239562614153944,0.008418317241134954,-0.003469304278374552,1.204452817789832,0.011910059421640192,0.029107738843324515
7,2014-02-10,145.96473606996042,146.2652840264978,145.56673219432315,146.21653747558594,92218800,0.0018367195235819977,0.03353035861895215,-0.0004942378630449218,0.6526171459305108,0.00477751589686825,0.026832290332521547
8,2014-02-11,146.33843358657785,148.19040651708121,146.24095284680453,147.81675720214844,117814100,0.010944177411051692,0.037573556637258365,0.01036319295607191,0.8433229734414404,0.013188313065281803,0.015771030147763376
9,2014-02-12,148.0360492962704,148.50716688010547,147.59742941848927,147.8898468017578,94717700,0.0004944608513459681,0.039390549931365815,0.01131195841238175,0.6805052845694051,0.006151453134140306,0.020596342859949157
10,2014-02-13,146.89077375454727,148.80772975286536,146.88265552366826,148.6533966064453,100542200,0.005162962983598307,0.031158787980399172,0.016999350788110323,0.721828916792838,0.012950085723864491,0.017922021106431485
11,2014-02-14,148.51525579253143,149.74990809974926,148.37717155466854,149.47373962402344,96498400,0.005518494943979935,0.024154199964265155,0.022725317538424328,0.6868285872335168,0.009183797425110388,0.00521687059018805
12,2014-02-18,149.6037040085563,149.85551781904024,149.17320241415996,149.65245056152344,80460900,0.0011956008991915734,0.0234987994193967,0.023777376313155463,0.5783181422898281,0.004559333324112718,0.01812865359934812
13,2014-02-19,149.2625702448168,150.2291724885674,148.53965121789932,148.6614990234375,126524300,-0.006621686008934091,0.00571479064537872,0.017326108831165588,0.8971809358934172,0.011364887894758254,0.025843915637175918
14,2014-02-20,148.8645116740785,149.87984770973415,148.32029304627568,149.5386962890625,104998100,0.005900635143512911,0.011149173002491075,0.023385888101396635,0.7331724537655703,0.010429104319886591,0.022162477214676235
15,2014-02-21,149.82303277468804,150.1804331611909,149.2950628182361,149.3681640625,118116400,-0.0011403886137462127,0.004808282033050393,0.021906401721652147,0.8289357647839221,0.005927436736682055,0.023764142416297762
16,2014-02-24,149.68496748661352,151.20390692752142,149.619984463173,150.1967010498047,114063900,0.005546944976561496,0.004836711970943819,0.025858878288944176,0.8279842126535704,0.01054565415403619,0.017575930651648974
17,2014-02-25,150.31856230715982,150.74906406647835,149.64437726661941,150.13986206054688,117085000,-0.0003784303440790282,0.0032569563491582354,0.02353146987084287,0.8700478710244038,0.0073577182281774865,0.012929838572148356
18,2014-02-26,150.359165284908,150.7571816897172,149.72559624492297,150.14797973632812,98677200,5.406742533153874e-05,0.009999096757770998,0.02195135888162758,0.7364863001488501,0.006870458374503555,0.013145702410687354
19,2014-02-27,149.92861873494613,150.97644032801486,149.75803678553217,150.9358367919922,93880800,0.0052472038388236,0.009343003099538727,0.024914056723158495,0.734316152009657,0.008072327741236148,-0.0034440888050837337
20,2014-02-28,150.9114314733624,152.01611765846127,150.31036042765837,151.31756591796875,150842000,0.0025290821191963353,0.013050986250678243,0.025509480435949916,1.1653148825014847,0.011272698053625947,-0.008749541684431206
21,2014-03-03,149.9854745075675,150.63529222374171,149.25443732327275,150.25352478027344,167748500,-0.007031841486745405,0.00037832875204024674,0.01639590041203598,1.309546295334566,0.009190166436949048,0.007298556973864612
22,2014-03-04,151.72374843149225,152.69035069897134,151.69126311909721,152.36544799804688,167545900,0.014055731610036037,0.014823418024738189,0.026898835544391764,1.3541021834310654,0.006557179419621012,0.00042602105349187624
23,2014-03-05,152.49537603518047,152.76342627405623,152.25981110060457,152.5034942626953,88376900,0.0009060207971181011,0.015687953514284203,0.024363596959718015,0.7370864398026628,0.003302318913323782,-0.005805410972809066
24,2014-03-06,152.87722372211095,153.2021265127117,152.5279414476805,152.85284423828125,82516500,0.002290767023240603,0.01270081040416482,0.023079114288343305,0.712487767088473,0.004410680536504859,-0.002285531403271368
25,2014-03-07,153.48636864913018,153.48636864913018,152.2435855715258,152.9177703857422,114513500,0.00042476244249489703,0.010575140156833696,0.020523152560875335,0.996667302456739,0.008127133128277989,-0.0065769812242911785
26,2014-03-10,152.68221474855062,152.89340024021618,151.9592957877914,152.8365478515625,74939200,-0.0005311517031330037,0.017191098012951045,0.017642112134862664,0.6806218646976679,0.006111787171037092,-0.010159544007086074
27,2014-03-11,153.06399734423744,153.28331348044767,151.7318764624212,152.08114624023438,99009100,-0.0049425456276451785,-0.001865920138377719,0.010639160856746432,0.8964680864510578,0.010201376412403814,-0.0005218330074175936
28,2014-03-12,151.3420088755226,152.1786451908426,151.00084489200364,152.1217803955078,104824400,0.0002671873291200111,-0.0025029844006719815,0.009465222708600063,0.9547366617196771,0.0077424830012949725,-0.007975462645744003
29,2014-03-13,152.57663935335296,152.69848716654545,149.99362931769363,150.41600036621094,155014300,-0.011213253124318867,-0.015942417586103486,-0.002690076995605639,1.3741321327776737,0.01798251410931299,0.0011595040325480532
30,2014-03-14,150.14793967080504,150.91959279367396,149.8149063838668,149.9936065673828,153919600,-0.002808170658704756,-0.019122459155551663,-0.005932360392385427,1.3328940567725842,0.007364889978233113,0.00892778938229899
31,2014-03-17,150.749074873866,151.70755921025466,150.68409183459835,151.35015869140625,98359500,0.009044066311013177,-0.009725351567086316,0.0024347503633641576,0.8510757042436324,0.006762248447608815,0.00807863062013836
32,2014-03-18,151.6587060414882,152.63342607726563,151.49624237366055,152.43035888671875,101804600,0.007137093245570769,0.002296225765768156,0.008661309252734117,0.8728254350415947,0.007460349184444239,0.007571717040672832
33,2014-03-19,152.4466543379388,152.6578522301574,150.65154661953594,151.61814880371094,176267300,-0.005328401041234998,-0.0033107132357211855,0.002306264899474497,1.479681848839038,0.013232621730653671,0.016359268056278076
34,2014-03-20,151.28509084648203,152.6172114191056,151.01704060760625,152.5034942626953,117241000,0.005839310570468603,0.013878137242062438,0.007172040482869013,0.9791520234967757,0.010492682933172407,0.009121745237290702
35,2014-03-21,153.1439807568224,154.2127476511232,151.77333937596447,151.9120330810547,163128000,-0.0038783451126818136,0.012790055240188059,0.0024238256171420502,1.3372478212176195,0.016058031912831828,0.0010740573220968663
36,2014-03-24,152.43415532250484,152.62181070199017,150.6229584828259,151.28379821777344,121411000,-0.004135517447429904,-0.00043845658443031343,-0.0020796417753845553,0.9922830015868143,0.013212599384151565,-0.005877935778127785
37,2014-03-25,152.05073453567684,152.51577737845676,151.15330243659872,152.0017852783203,103852000,0.004745961358752604,-0.0028116026986260145,0.002041101716115934,0.8533894129899144,0.00896354565417309,-0.0064946465870053816
38,2014-03-26,152.59735038725194,152.84210911506207,150.86774362223335,150.90853881835938,119843000,-0.007192326445108255,-0.0046802443569617935,-0.005415239058749188,0.9763029650346221,0.013083192695975696,0.011461139003646315
39,2014-03-27,150.72910208086796,151.21045319448774,150.03562085355446,150.5904083251953,142383000,-0.002108101341746993,-0.012544538384180237,-0.0073989369100401214,1.137453684070388,0.0078015084360237895,-0.0076936148033056595
40,2014-03-28,151.02268948412961,152.0914559141666,150.93294507288542,151.3327178955078,101642000,0.0049293283587459324,-0.003813491096111954,-0.002511061435955364,0.8282636390168222,0.007655389114739307,-0.021456499015249486
41,2014-03-31,152.29547332977668,152.8094653626108,151.35724615610448,152.57286071777344,99745000,0.008194809684987758,0.008520823215612205,0.0048950496028628,0.8359678466039859,0.009518201334591329,-0.021763443699204355
42,2014-04-01,153.07052641914066,153.67426287228858,152.5647009131443,153.5845184326172,89193000,0.006630653119332308,0.010412595821811088,0.011152222982496518,0.7729086727635633,0.007224438833208895,-0.021513981430288043
43,2014-04-02,153.78032817345837,154.302474246474,153.49477428787955,154.0985107421875,78774000,0.0033466414116201104,0.021138445503522618,0.014003779767114422,0.6854741165516581,0.005241452073120632,-0.01455965937221504
44,2014-04-03,154.33514810583682,154.37594330842438,153.42139532282644,153.89459228515625,77435000,-0.0013232993365679402,0.021941529986595487,0.012314981179932571,0.6753154898937055,0.0062026090158465615,-0.011875205490263552
45,2014-04-04,154.7348875767787,154.7675162623956,151.8304490480102,152.0751953125,169381000,-0.011822358054563886,0.004906258390897644,0.0006243259661049549,1.4426663191614222,0.01931325623715295,0.0034333360089902065
46,2014-04-07,151.70808754087548,151.96100035361238,150.08454563371384,150.39456176757812,140803000,-0.011051332477123088,-0.014277106294970032,-0.00963826045062266,1.1665390377533864,0.012476878803626105,0.01925771423597067
47,2014-04-08,150.3292605492759,151.25933365457013,149.78263983772916,151.01458740234375,112660000,0.004122659938487816,-0.016733008355923285,-0.005205994665747227,0.9281286455834163,0.009778484597032018,0.012695803894798408
48,2014-04-09,151.42250806045195,152.6870718069828,150.98193992706223,152.63812255859375,100254000,0.010750849862765088,-0.0094769779186058,0.005317914218675224,0.8274819350980432,0.011171074770433033,0.0039552979159260815
49,2014-04-10,152.62996996159802,152.70339383488462,149.24416834458842,149.43182373046875,172959000,-0.02100588486270316,-0.0289988653169716,-0.01548059214296904,1.4170840067102135,0.02314918873328907,0.017088757014587008
50,2014-04-11,148.59963956072357,149.64393163209212,147.92247928103336,148.0856475830078,167251000,-0.009008630918465155,-0.02623404639589022,-0.023736161187340454,1.3628742401766893,0.011624707587504838,0.029585136066257345
51,2014-04-14,149.24418334525566,149.60316113821924,148.0285687132919,149.25234985351562,132382000,0.007878564125222365,-0.007594768724601186,-0.015363731140739745,1.0639891217235238,0.01054986689638546,0.026292652116741477
52,2014-04-15,149.5623609020567,150.38636895848958,148.08565470843334,150.28030395507812,157093000,0.006887356229710262,-0.004862334559172732,-0.007878568995663637,1.2351548275810962,0.015309486270030277,0.022312633963428974
53,2014-04-16,151.3164223594984,151.8630429733171,150.64741619250262,151.85488891601562,105197000,0.010477653554707755,-0.005131310772493736,0.0024381994918358796,0.8508925931812602,0.008005186987998783,0.011820081306580521
54,2014-04-17,151.65098122155126,152.49131004355579,151.38990190456687,152.0670623779297,105255000,0.001397211926653208,0.01763505645366492,0.0039834425950575625,0.8555087881572322,0.007242910606450756,0.008959381055356319
55,2014-04-21,152.10781564565764,152.64628225178816,151.92017271889466,152.59732055664062,68329000,0.0034870021845565535,0.03046664580444136,0.007256471817154386,0.5776294444007672,0.0047583373695214235,0.007378144030698808
56,2014-04-22,152.75235059892685,153.70689834544774,152.67077266313188,153.2908172607422,85790000,0.004544619142536899,0.02705798207659793,0.011164282380810464,0.7363250095162648,0.006759215593152216,-0.005907685067200963
57,2014-04-23,153.23371345265846,153.31529138818834,152.80946586149057,152.9318389892578,73869000,-0.002341811974775787,0.017643929140390036,0.008486973058027258,0.6422726691759723,0.0033075226848825554,0.002294029029165312
58,2014-04-24,153.68240747039755,153.69872803540886,152.50757576845433,153.24185180664062,88170000,0.002027130644813635,0.009133475389073942,0.009754468641447023,0.7773195830844609,0.00777302187954188,-0.0007983783102379904
59,2014-04-25,152.7441785083306,152.833922941372,151.64277068908993,151.9854278564453,100380000,-0.008198960893403107,-0.0005368323699282973,0.0010154553587966575,0.9016591498462653,0.007837279330536599,0.008964695306478587
60,2014-04-28,152.60547528606608,153.12762128684997,150.90034361385923,152.46678161621094,135121000,0.00316710467940573,-0.0008554471333671598,0.00381089097610543,1.1957393693300253,0.014608281550778953,0.015571859384793774
61,2014-04-29,152.95630589800794,153.41318215054898,152.62996927446272,153.1765899658203,84098000,0.0046554950664341455,-0.0007451672380842655,0.008283739652783284,0.7494049618738956,0.005113136911201761,0.011771285204552395
62,2014-04-30,152.92366442537403,153.7884676094904,152.71153443376144,153.63345336914062,101508000,0.002982592858492561,0.004587758733039848,0.011274752253920717,0.8996108935622625,0.007009757003517765,0.003983007635082858
63,2014-05-01,153.56008158805372,154.06590721849705,153.16030854044524,153.6498260498047,93019000,0.000106569762672315,0.0026622899576993486,0.011531897289360105,0.8192063775840461,0.005893912810277169,-0.004938232371808349
64,2014-05-02,153.63345261964037,154.31061288005554,153.20105102969166,153.4294891357422,98122000,-0.0014340199382397723,0.00950131403821719,0.010236004522431896,0.8563470456323656,0.007231737892200351,-5.300763638149686e-05
65,2014-05-05,152.67891346691172,153.82927056757083,152.25466591119712,153.72320556640625,75883000,0.0019143414497340139,0.008240640596441473,0.01162108091816183,0.690428238745159,0.010243116194278822,0.001698462757697694
66,2014-05-06,153.3805663577602,153.4866313713509,152.35259470315296,152.38522338867188,85454000,-0.00870383994924162,-0.005166367637019609,0.0021596714232363645,0.797594169108183,0.007441907049645427,0.004122675737915138
67,2014-05-07,152.89921665253303,153.35609294709138,151.75701346719174,153.2826690673828,106500000,0.005889322197742963,-0.0022832546822662003,0.00731045982511036,0.9968951163371921,0.01043222622380545,0.006653305504048523
68,2014-05-08,153.14399391441802,154.2372355300772,152.63000179631769,153.1195068359375,93618000,-0.0010644532251300465,-0.003451479428914439,0.006079090466740711,0.8790430789136892,0.010496596854126669,0.010176744223126644
69,2014-05-09,153.143967398107,153.41318827636255,152.42601185890635,153.34793090820312,83679000,0.00149180255988135,-0.0005315681359462365,0.006285326915040912,0.8200937121150497,0.006437494210777055,0.01271536476809021
70,2014-05-12,154.03328515880668,154.91440924421929,153.3805992678772,154.84097290039062,86940000,0.009736303472404062,0.007271298629675682,0.01383570205775353,0.8869586774583033,0.009905711308910466,0.009115403770998176
71,2014-05-13,155.0449326764147,155.35496126804733,154.82466099715245,154.97967529296875,66454000,0.000895773192198579,0.01702561341974418,0.012844774964704042,0.7015543587445414,0.0034217407533756973,0.007475030393586657
72,2014-05-14,154.84094660360256,154.91438293495946,154.02509249073498,154.24537658691406,72367000,-0.00473803229143821,0.006280602532488855,0.006741494299818296,0.7997444955195543,0.005765426905508502,0.017507623440378817
73,2014-05-15,153.93535985357812,153.9680009920074,152.14048315731722,152.8910675048828,154956000,-0.008780224808022874,-0.0014919022126910209,-0.002435249672142037,1.6666308149665074,0.01195307132401191,0.02817491925293636
74,2014-05-16,152.9807880438859,153.48662601887887,152.33626882356472,153.42135620117188,97458000,0.0034684086189151753,0.00047881502237356877,0.0005826386345182399,1.0526241889275618,0.007498025201952663,0.025791024267247442
75,2014-05-19,153.1276494591625,154.1066718346343,152.9889557637906,153.9842987060547,63839000,0.0036692577801531456,-0.005532606636920567,0.003800036227861847,0.6911881335516789,0.007258636628773046,0.02151123988816339
76,2014-05-20,153.91089040582332,153.9272109755874,152.6218517202452,153.01345825195312,111644000,-0.0063048016080836655,-0.01268693483386607,-0.0024385412634462256,1.192090669961064,0.008531009430509022,0.030072228554561375
77,2014-05-21,153.45401017210077,154.37592938182908,153.42953554254575,154.30250549316406,89093000,0.00842440433630598,0.00037037678220341874,0.005516056616522658,0.9436303389869105,0.0061333666375576685,0.028128522604347284
78,2014-05-22,154.34326174748693,154.9959474711187,154.08219492740108,154.67776489257812,61549000,0.0024319721719014975,0.011686080925808584,0.0074900812493057245,0.6612192630105463,0.005907458931490414,0.030539425914785978
79,2014-05-23,154.81644249002184,155.40385833532383,154.67774881112325,155.2978057861328,61092800,0.004008597447637596,0.012230693505931978,0.010438687740617736,0.6704672335544417,0.004675594227007541,0.02747623039112268
80,2014-05-27,155.87711245266897,156.30136015229226,155.7873679863823,156.25241088867188,72010000,0.006146932325970411,0.014729502953719109,0.015399269035855756,0.8186285805621583,0.0032894991058805625,0.021303186923482986
81,2014-05-28,156.2523721459482,156.49713085231022,155.87707380300037,156.13815307617188,66723000,-0.0007312387172151436,0.02042104570353276,0.01368132528371957,0.7660906242623036,0.003971207786781975,0.018497322790630433
82,2014-05-29,156.4971367694236,156.97032118428427,156.09736378561877,156.9458465576172,64377000,0.005172941177620238,0.01713090176990173,0.017830629761094174,0.7552538518509567,0.0055621567426763965,0.006082190805925425
83,2014-05-30,156.79900044726293,157.296671942972,156.66846080436812,157.19876098632812,76316000,0.0016114757686058745,0.016298374207183608,0.01829899719149264,0.9041779428257563,0.003996285560154794,0.007525398998153632
84,2014-06-02,157.4190453166551,157.4516864519011,156.61951178836495,157.3782501220703,64656000,0.0011417973946867832,0.013396482489923756,0.018159502794944826,0.7815261226702046,0.0052877361572560965,0.00720597490328867
85,2014-06-03,156.994817375929,157.37826984497872,156.84796959575527,157.29669189453125,65047000,-0.0005182306162115902,0.00668329531634182,0.01645690373791653,0.7914354100518027,0.0033713375840034505,0.010528979892121093
86,2014-06-04,157.02749777497596,157.70465842262263,156.86432938433887,157.6149139404297,55529000,0.002023068902884617,0.009458039788246886,0.016795164463669687,0.6881565907268331,0.00533153251348636,0.01589048633852852
87,2014-06-05,157.7943243286681,158.8059753162208,157.2150625140661,158.64280700683594,92103000,0.006521546982506621,0.010812394761882116,0.021659844334770195,1.1516828151262921,0.010028269369226217,0.010439831813877642
88,2014-06-06,158.985441588119,159.44231776901978,158.9120177266761,159.4015350341797,78696000,0.004782618523076598,0.014012668000882966,0.024473734421467164,0.9933047603804992,0.00332681891821154,0.00767163172415275
89,2014-06-09,159.37716105199368,159.9482566387365,159.2303007874312,159.56480407714844,65119000,0.0010242626768539598,0.013893622234216751,0.023478367401887246,0.8316768507776144,0.004499462493985696,0.00633264669574829
90,2014-06-10,159.36895514747275,159.6137138952767,159.02629788012598,159.58108520507812,57129000,0.00010203458102076013,0.014522831237153921,0.02202911082360326,0.7437907746196387,0.0036809877210437097,0.0001683829101959411
91,2014-06-11,159.00997032469888,159.18945923527312,158.66731307240624,159.0262908935547,68772000,-0.0034765668550910123,0.008954590132621787,0.01715790737522882,0.8940277123631064,0.0032833952168096338,0.008194246238250935
92,2014-06-12,158.83866097018333,158.92840543284214,157.54960980151486,157.90042114257812,106350000,-0.007079771179032135,-0.004679606206323794,0.008777489176636788,1.3526586515335093,0.008732057972678097,0.014655646094446473
93,2014-06-13,158.2104095635726,158.53675863990588,157.70458405643643,158.38174438476562,82017000,0.00304827079436909,-0.0063976212600173055,0.0100809223269267,1.0939101971177707,0.0052542329717483365,0.01353930448511731
94,2014-06-16,158.18597712834807,158.84681706687545,157.99833414000085,158.51231384277344,87424000,0.0008243971457380095,-0.006596004930173205,0.009275191699988472,1.1738816174011193,0.005352788728553897,0.012186734201858451
95,2014-06-17,158.2920257306587,159.0670846836728,158.12069088155525,158.95286560058594,84834000,0.0027792904357542003,-0.00393667961140165,0.010481894432763594,1.123271477532187,0.00595392727612488,0.016137738447279393
96,2014-06-18,158.952826405367,160.20923600951187,158.60200273378507,160.11949157714844,105267000,0.007339446018507001,0.006874339314909106,0.015604332229416595,1.3997305239172988,0.010037711585865266,0.009758051366781872
97,2014-06-19,160.25821603538742,160.3969221884531,159.74423641398897,160.29901123046875,85929000,0.0011211605255054824,0.015190523689134316,0.014813088365465577,1.1450026176932613,0.004071676858478705,0.013587926006505713
98,2014-06-20,160.69818059385204,160.75557002251222,160.42765723429812,160.62440490722656,100587000,0.002029916929992659,0.01415984229225753,0.014962575266499467,1.3063435070297766,0.0020414879569732166,0.008012497006416375
99,2014-06-23,160.66544608798387,160.71462989453258,160.2801562585553,160.5752716064453,70611000,-0.00030588938716769043,0.013014495301091333,0.012963117099904053,0.9114060313805263,0.002705731907725637,0.001837798420120551
100,2014-06-24,160.2883611598971,161.08353278041707,159.42760695629727,159.6079559326172,96237000,-0.006024063756211007,0.004121286706949556,0.005796432135015239,1.2230487830450467,0.010374957905099035,0.012429174688842748
101,2014-06-25,159.27188926518437,160.49334172342932,159.23910421983766,160.3293914794922,82782000,0.004520047529332327,0.0013108953836680204,0.009010191290567793,1.0414258055506982,0.00782287946095085,0.003885376584593647
102,2014-06-26,160.35391210383145,160.37031087351548,159.14066582773444,160.2145538330078,84312000,-0.0007162607268990095,-0.0005268741011728029,0.0072514611894456404,1.0475381697528199,0.007674989670805463,0.005986483007662802
103,2014-06-27,159.83751207820035,160.57530686422305,159.76373635217826,160.526123046875,71445100,0.0019446998191683385,-0.0006118737710395505,0.008155794312237452,0.8903669953150025,0.005055691227326346,0.00909009680387518
104,2014-06-30,160.42766251219822,160.81295223315422,160.2883042633452,160.44406127929688,70201200,-0.0005112050675649682,-0.0008171266088219387,0.006671283309953813,0.8718526981609998,0.0032699743800160383,0.007715365165990695
105,2014-07-01,160.8376001483516,162.00986848661293,160.7802232064136,161.51800537109375,90470000,0.006693573344091375,0.011967131759289984,0.01206924269942844,1.106115773654748,0.007613053896834377,0.004720155718658914
106,2014-07-02,161.5343943802032,161.8868866684271,161.46061866991417,161.68194580078125,52475000,0.0010149978592841613,0.008436097142313859,0.011807248209175114,0.6427765300270958,0.0026364600970239017,-0.007706879245238829
107,2014-07-03,162.14103625733597,162.55091805560969,162.01807672129377,162.47714233398438,52938800,0.004918276615639705,0.014122240750580328,0.01556515614257692,0.6643941962458367,0.00327948489653161,-0.0024722715841752896
108,2014-07-07,162.16554454220545,162.2966971333706,161.67368167241096,161.91140747070312,61696000,-0.0034819350904039537,0.008629651034577135,0.011235811570072363,0.7826481367041311,0.0038478787300540653,-0.0008603315079993568
109,2014-07-08,161.61635178582407,161.67374122883092,160.47688114268797,160.87037658691406,108143000,-0.006429632723546241,0.002657096212960175,0.004324468637978418,1.335411927772445,0.007439903551766199,0.009987952916876708
110,2014-07-09,161.27204388545425,161.739315009344,160.9277447719232,161.5917510986328,72992000,0.004484197320996586,0.00045657898863749047,0.008195278027509634,0.8926047600247291,0.005022349420085531,0.007711369804015655
111,2014-07-10,160.03420060281206,161.37861198315403,159.90303546604798,160.95233154296875,99040000,-0.003957006167188415,-0.004512651392206135,0.0036028354685917474,1.1891332384532118,0.009167785908787042,0.011765640529942
112,2014-07-11,160.85396832541244,161.2884419077545,160.4932704437859,161.17367553710938,64243000,0.001375214586944562,-0.008022462594742263,0.003958461903196264,0.7913433738342042,0.004933631136218213,0.005645727343009055
113,2014-07-14,161.99351417927662,162.19845511556392,161.85415584363352,161.98532104492188,58658000,0.005035844129680056,0.0004565062794115171,0.00788305025945002,0.7330943717466344,0.0021254967407504446,0.0010115044739620327
114,2014-07-15,162.0836344044624,162.39514852603546,160.9687555841249,161.68194580078125,111307000,-0.0018728563933054776,0.0050448642633016405,0.005004412620280396,1.3706339879474299,0.00882221533669637,-0.0014194995313320247
115,2014-07-16,162.40335503508928,162.52631456236603,161.83771619241833,162.2803955078125,79986400,0.003701400945338884,0.004261630958868334,0.0076822066510651155,0.9879007892507999,0.004243262827853704,-0.004950631901134428
116,2014-07-17,161.78029389360395,162.39511637481817,160.20633733413163,160.43588256835938,145398000,-0.011366209292756668,-0.0032087076319954333,-0.0038691718318113466,1.7523621509878415,0.013642702652593531,-0.013386973164043026
117,2014-07-18,160.9605757991324,162.23940491790572,160.87040130954716,162.07545471191406,124330000,0.010219485300341669,0.005595077308993002,0.0057561098362513,1.464555961133255,0.008446705337288307,-0.026351805352343605
118,2014-07-21,161.56716913075113,161.90327513435915,161.0261222725426,161.77210998535156,67592000,-0.0018716265649335595,-0.0013162369169931187,0.0035163547115881766,0.8119854101627316,0.005422151333106594,-0.017482720309393684
119,2014-07-22,162.32138524926438,162.77225772908545,162.20661884609174,162.47714233398438,67678000,0.004358182313976444,0.004918276615639705,0.007295667246885573,0.8144533641570361,0.003481344359386845,-0.031231575354931818
120,2014-07-23,162.7230784422669,163.01000071248174,162.39517799796437,162.8378448486328,65612000,0.002220020056156402,0.0034350997178429488,0.00852214810016716,0.804413904375009,0.0037756745987941975,-0.033075109300347516
121,2014-07-24,162.99360277507375,163.18214490608634,162.6820885953658,162.84603881835938,56888000,5.031981192193946e-05,0.015022551136420814,0.0077874957887582585,0.7087056821469716,0.0030707305768628945,-0.0383592893663377
122,2014-07-25,162.3869266150363,162.52628489004036,161.76391094291276,162.0836181640625,76837000,-0.00468184955451878,5.036821993154028e-05,0.002489402904903848,0.9617064071309734,0.004703584210194012,-0.022658061634792892
123,2014-07-28,162.11637238775583,162.38689575556495,161.18184280286715,162.149169921875,69259000,0.0004044317282339005,0.0023308092881868525,0.0023917125983841103,0.8680462861094796,0.0074317552983984075,-0.02022216308345992
124,2014-07-29,162.45255094616562,162.68208375324477,161.42784644720513,161.4524383544922,80466000,-0.004296855591172655,-0.006306757767722382,-0.0022264107569376357,1.0020615074932322,0.007768463076945187,-0.01736526985722542
125,2014-07-30,162.02624502938608,162.23939153733514,160.80480546317656,161.4770050048828,104222000,0.00015216029340292536,-0.008357024406795532,-0.0020619462761422014,1.2868810538244773,0.00888415086789103,-0.010864293005934167
126,2014-07-31,160.35393924281232,160.49329753722154,158.18976409630736,158.2881317138672,183479000,-0.019748157274276923,-0.027989057256566974,-0.020742437256508373,2.095986372130312,0.014552786844930417,0.013827446691211831
127,2014-08-01,157.85365768561695,158.83737138468868,157.042099825467,157.80447387695312,189261000,-0.003055553386582144,-0.026400843808767838,-0.022321489133498518,2.0058530410409183,0.011376556792816435,0.01672694910032746
128,2014-08-04,158.10773142893882,159.27999936166168,157.43553207944413,158.9438934326172,91340000,0.007220451535185912,-0.019767455428863046,-0.014356143392314502,0.9530808542083674,0.0116045180622148,0.0178973896052117
129,2014-08-05,158.29627660114895,158.70615819513577,156.8288934898637,157.40272521972656,152690000,-0.009696303391133365,-0.025083010055716226,-0.022862645688135563,1.5570456494090794,0.011926507007115018,0.03322781297546573
130,2014-08-06,156.66498694880465,158.12416482875244,156.64039504700978,157.45196533203125,94818000,0.0003128288422957759,-0.02492639538818453,-0.021299373059112114,0.9562582786866894,0.009423634558093478,0.03566422438639005
131,2014-08-07,158.1651313811781,158.32088840785735,156.20589761585524,156.59938049316406,135733000,-0.005414888515803962,-0.010668842966419234,-0.025280260262184995,1.3440258909136134,0.013505741755437162,0.04433865018814864
132,2014-08-08,156.9519393925789,158.5176783124906,156.53385196430662,158.41111755371094,117014000,0.011569247942369465,0.0038442742582243117,-0.013155048034878769,1.1291690059541581,0.012523277272577443,0.03079063395722703
133,2014-08-11,159.00952125271453,159.57516004830526,158.79638725364177,158.8701629638672,74544000,0.0028978105656038977,-0.0004638773290227549,-0.00933409896053694,0.7138676334039182,0.00490194496017869,0.033023858221244096
134,2014-08-12,158.71435575125793,159.1570223813307,158.16511590102576,158.64877319335938,73632000,-0.0013935264267221914,0.007916304955288389,-0.00977816827552791,0.7180879620694454,0.0062522165179053945,0.03513713203335578
135,2014-08-13,159.27179921143795,159.9030204277295,159.00128834162203,159.72267150878906,69047000,0.006769030064422976,0.014421580397357303,-0.0022789317792516472,0.6769844693701467,0.005645611093211978,0.02776628993220509
136,2014-08-14,159.98500196264735,160.4768524169922,159.83743807032755,160.4768524169922,57371000,0.004721815012727282,0.024760455064491094,0.002419295501847607,0.5878739407924837,0.003984464656641858,0.022374227810544323
137,2014-08-15,161.05888370525722,161.20643508336244,159.28819211642883,160.44406127929688,139951000,-0.00020433562349608803,0.012833339963633783,0.0027253794573860457,1.4226754239278165,0.01195583651796483,0.02549581725371186
138,2014-08-18,161.3295085200741,161.8623499541939,161.23933400721978,161.78857421875,75424000,0.008379948305550666,0.018369788262548425,0.011122964259916879,0.7636844860388423,0.0038508031236602876,0.016467169217396993
139,2014-08-19,162.182001127093,162.75583305162903,161.85410074410035,162.63287353515625,59135000,0.005218534871719083,0.025112708164097164,0.01635008573573038,0.6013556560837494,0.005544588175365102,0.01063592832933713
140,2014-08-20,162.411554197156,163.26411531325724,162.37876915819797,163.06736755371094,72763000,0.0026716248019853506,0.02094064676809415,0.01899231132425272,0.7372608383311194,0.0054293275738792595,0.006485019860513752
141,2014-08-21,163.206679674477,163.7559196089434,163.07551453856374,163.54278564453125,67791000,0.0029154704460641057,0.01910514308675726,0.0217407252427384,0.6831094878668988,0.0041604101807251785,0.008070674028777924
142,2014-08-22,163.41165581267342,163.6985780458969,162.91980520963125,163.2886962890625,76107000,-0.001553656766132283,0.017729761931255084,0.01976940995472365,0.7671894869425976,0.004769300349407124,0.007028312853555541
143,2014-08-25,164.0674848870025,164.43637600187247,163.25591442740878,164.11666870117188,63855000,0.005070604585167615,0.014389733599321497,0.02431095099789382,0.645442356200689,0.007192819497287681,-0.004395963014443671
144,2014-08-26,164.22323608398438,164.62492473296763,164.18224540411273,164.22323608398438,47298000,0.000649339178377728,0.00977885045168514,0.024090568580519278,0.4862360092008378,0.0026955949682327886,-0.0012981143660033556
145,2014-08-27,164.30512888357043,164.41990773752332,163.90345292910933,164.15757751464844,47874000,-0.00039981290651436296,0.006685641506896989,0.022826247827645973,0.5068372851587003,0.0031460917993133583,0.00024976225180517453
146,2014-08-28,163.61652583231452,164.17397128466297,163.45257570230373,164.06739807128906,58330000,-0.0005493468210526764,0.00320779925993242,0.02042712255316892,0.6613461165615444,0.004396946564885374,-0.005046166311441058
147,2014-08-29,164.32156726050255,164.55110000655176,163.80512483619003,164.5347137451172,65907000,0.0028483152614211527,0.007630763698724952,0.021196301027552877,0.8034382040004291,0.0045338467085877755,-0.008619165057567324
148,2014-09-02,164.74788944016058,164.77248134713636,163.83795135625778,164.45277404785156,72426000,-0.000498008568529551,0.002047965933866802,0.018945784714276437,0.8932053203100431,0.005682664803250222,-0.0006480120717300419
149,2014-09-03,165.08402119518405,165.1086131059855,164.13309228218898,164.3626251220703,57462000,-0.0005481751603352292,0.0008487778064161233,0.016196132974708455,0.7528683600592736,0.005935174271352874,0.0012467891466030334
150,2014-09-04,164.6413051915498,165.24793470989772,163.67399022541008,164.12486267089844,85236000,-0.0014465724856566053,-0.00019928926976930939,0.012637254851103785,1.1238183136660294,0.009589921105638322,0.008041400185773817
151,2014-09-05,164.09210624069203,164.9282687574212,163.46909030174592,164.86268615722656,102177000,0.004495501012589331,0.00484732552162459,0.014603143670796515,1.3776575089797107,0.008850871532468416,0.002625864679163037
152,2014-09-08,164.70686375988004,164.94460215492762,163.95268291948207,164.43634033203125,64146000,-0.0025860662296179893,-0.0005978884993128597,0.010106544096137204,0.8968483218173531,0.0060322385759903115,-0.0025378369600519424
153,2014-09-09,164.2887568408744,164.40352319616375,163.05911195909098,163.3952178955078,88591000,-0.006331461977450936,-0.006430758973004824,0.0023180362379693342,1.226577908416827,0.008227971750877808,-0.0019279493258901326
154,2014-09-10,163.48539500220514,164.11661626911516,162.9443607105923,164.0100555419922,67251000,0.003762886419831357,-0.002145071483351413,0.004437957202437781,0.9352483968898759,0.0071474615056314385,0.0021133987864239145
155,2014-09-11,163.35422275253785,164.22316977713328,163.23125076257418,164.19857788085938,66774400,0.0011494559784410718,0.0004491410305624832,0.004216158218676158,0.9300901600103743,0.0060409720191293426,-0.015188295273693142
156,2014-09-12,164.0346581776774,164.05104443917145,162.7722155612275,163.23948669433594,117409300,-0.00584104441647082,-0.009845766199287898,-0.0024922023308173724,1.5697398977222994,0.007834065787884578,-0.0015313052465666388
157,2014-09-15,163.26412584597784,163.39529102747062,162.6247112219508,163.11656188964844,76401000,-0.0007530335164412927,-0.0080260752563448,-0.004056589448898529,1.0667865994646448,0.004724105244696907,-0.0025965371210702193
158,2014-09-16,162.81325270184377,164.6413220679184,162.72307820350284,164.34620666503906,116201000,0.007538442210561769,0.005820175044164433,0.0026683800273890057,1.5776018309798825,0.011671969212682907,-0.012665040819943685
159,2014-09-17,164.58394943438074,165.32992483992336,163.74778701953247,164.5675506591797,151266000,0.0013468153517637305,0.0033991520540932463,0.003426598273638337,1.9327836801125842,0.00961391121186165,-0.027354871754074805
160,2014-09-18,165.06755970205413,165.46924827352822,164.85442571988656,165.4446563720703,94990000,0.005329760997094146,0.0075888506909911335,0.008044033674824869,1.1967299125218025,0.0037161826022290966,-0.03236212853747644
161,2014-09-19,165.970947517806,166.28390522229688,164.95791613367513,165.29559326171875,121649000,-0.0009009847378590452,0.012595644650811977,0.006598290574464594,1.482303568640145,0.00802192643165184,-0.02082718688370111
162,2014-09-22,165.00735229680302,165.03205915476718,163.67311913139386,164.01902770996094,125553000,-0.007722925497091637,0.005532643711084528,-0.0013976566841760185,1.4851341973875392,0.008285258377316869,-0.014361320256827681
163,2014-09-23,163.42610892403025,164.1096949475943,163.0307864579349,163.0802001953125,111393000,-0.005723893914970635,-0.007703289874568697,-0.006800177906857829,1.281605895573505,0.006615815337283412,-0.02398933570267814
164,2014-09-24,163.10480583374672,164.46374560358373,162.67654533088916,164.35667419433594,107276000,0.007827277606323069,-0.00128139760237711,0.000933201301419162,1.193073929800974,0.010873913587356876,-0.014632245622827167
165,2014-09-25,163.92838596218894,163.93662995725583,161.64703626634434,161.70468139648438,150300000,-0.016135595410721404,-0.022605595475837403,-0.014481360451347292,1.5814903963390654,0.014159105791734154,-0.01833568326350854
166,2014-09-26,162.0012052903277,163.3930834636835,161.77059959419316,162.98951721191406,103547000,0.007945569691203858,-0.0139512252220384,-0.006324470359521217,1.0642277211141036,0.00995452896139838,-0.03719040102395865
167,2014-09-29,161.5894089031488,162.9812870876513,161.46587462461167,162.69302368164062,95112000,-0.0018190957022587995,-0.008084452437220335,-0.007574915004768257,0.9630811305631992,0.009314550979180354,-0.05128073342868533
168,2014-09-30,162.8165626114416,163.31895626484734,161.92707814801506,162.26475524902344,131302000,-0.0026323712162067414,-0.005000269470557761,-0.009526359445919619,1.2910484850150443,0.008577821565109498,-0.047304997478414657
169,2014-10-01,162.00126873563602,162.05892646578437,159.7034423038626,160.06582641601562,177798000,-0.013551487688334918,-0.026106927506009292,-0.021665767542813796,1.6505779153254216,0.01471572174187759,-0.040751571437913636
170,2014-10-02,159.925785964721,160.65055410688262,158.41861709092709,160.09051513671875,157285000,0.00015424104729855337,-0.009982186327728182,-0.02030699336920161,1.412894960554867,0.013941719245824422,-0.04172253626965028
171,2014-10-03,161.1611214503601,162.19885956599353,160.66697181311898,161.8529510498047,121569000,0.01100899645166864,-0.0069732470011040215,-0.008608562694275568,1.0826276462735978,0.009464688428221289,-0.04096247877030634
172,2014-10-06,162.5282754070243,162.74241820412692,161.0787523644065,161.6634979248047,104778000,-0.0011705262324299692,-0.006328026448451318,-0.008927374614759342,0.9165142211774371,0.01029091824113714,-0.030515596408381862
173,2014-10-07,160.83168046096915,161.19406438405736,159.13507624566202,159.1680145263672,147913000,-0.015436282342463192,-0.019084493844049866,-0.022959865025569015,1.2611052663057813,0.012935941586770569,0.004191641737531615
174,2014-10-08,159.2586070228945,162.18237262886325,158.4267803573253,161.95176696777344,186461000,0.017489396030287985,0.011782281040152887,-0.0052436037249973255,1.5128818406754754,0.023189572684843073,-0.020087489050678142
175,2014-10-09,161.69641881034536,161.91879299418505,158.60793735115107,158.73971557617188,210705000,-0.019833382813543077,-0.00843772386760877,-0.023335611664194733,1.615273330994424,0.02085713478203419,0.011362502530479768
176,2014-10-10,158.69860946399393,159.4892540593955,156.88670198520697,156.92787170410156,221909000,-0.011413929182712224,-0.030429345364160865,-0.03260485001538538,1.635647864235677,0.016584383933376926,0.030912180311490456
177,2014-10-13,156.8619744107322,157.43024464053445,154.25941011318756,154.35000610351562,230939000,-0.01642707297685575,-0.04523898044499086,-0.04591828818638555,1.6104836004583072,0.020543144813485535,0.046689124650708624
178,2014-10-14,155.18181097923474,156.33485183590665,154.04524554586172,154.5888214111328,215847000,0.0015472322525016402,-0.028769556049691114,-0.041551748123370924,1.45469458065664,0.014810943437854827,0.05705956086056707
179,2014-10-15,152.49693529139552,154.58063075749524,149.82848153106588,153.5428924560547,380715000,-0.006765877024810574,-0.051922091800282844,-0.044771869715053314,2.381671051450388,0.030949978539641446,0.06265068813814967
180,2014-10-16,150.7673858053878,154.4900408751826,150.62737608253514,153.4111328125,270391000,-0.0008581292266094387,-0.03356805034159793,-0.04200563775799104,1.6035323958128858,0.025178516850979923,0.0703811794605742
181,2014-10-17,155.18187068795575,156.2772542680809,154.5229917402098,155.22305297851562,214625000,0.011810877951277332,-0.01086370895796318,-0.027632827633386814,1.2386673122838283,0.011301559234979823,0.06998467859755597
182,2014-10-20,154.9430389849367,156.8537741771381,154.89362526134707,156.73023986816406,130011000,0.009709813463449013,0.01542101503418225,-0.015944759439871503,0.7493697181109642,0.012506513851059194,0.06027353622990583
183,2014-10-21,157.86678444711472,159.9422486921458,157.70206785527077,159.83518981933594,154949000,0.01981079052634427,0.033937566509096184,0.004573527090927065,0.8820378478934557,0.01401556715643868,0.03606906719157554
184,2014-10-22,160.11514738503328,160.52694498898612,158.63267349739,158.6985626220703,151822000,-0.007111245017760948,0.03357804508920026,-0.000793574308702083,0.853417306121623,0.01193628638028188,0.05008072232127225
185,2014-10-23,160.2880835112166,161.58936535171543,159.99158875557046,160.54339599609375,154944000,0.0116247642293823,0.04649117083511034,0.0111916437100672,0.8698312647258115,0.009952303464315929,0.04216912014896912
186,2014-10-24,160.80701773431326,161.82828065533695,160.18108969262954,161.7788543701172,117927000,0.007695479258788662,0.04223471492026998,0.019361901583534236,0.6593622256850848,0.010181744512413063,0.03517780369029899
187,2014-10-27,161.2023202299979,161.795309909042,160.6258059773351,161.5564727783203,82954000,-0.0013746023401062235,0.030793246499309257,0.018325314059896902,0.4654004495007355,0.007238979111110254,0.039865259570834866
188,2014-10-28,162.1000778017965,163.41782310593672,162.02594465332643,163.4095916748047,106736000,0.011470409477354337,0.022363046957988075,0.02963442251667381,0.6029808958505518,0.008517727988576158,0.029080947233180776
189,2014-10-29,163.52484425864415,163.99428703021516,162.08355252832857,163.16246032714844,142557000,-0.0015123429727923465,0.028128154605335576,0.027075262304117276,0.813440771095997,0.011710625704316307,0.029529183303306006
190,2014-10-30,162.72591564097064,164.67783193783723,162.57766199331334,164.20838928222656,113330000,0.006410352926653484,0.022828676716306617,0.032321226999417085,0.654881912650437,0.012789662901536058,0.024125403368526088
191,2014-10-31,166.18511590074576,166.21806676165906,165.35328888521866,166.08628845214844,146903000,0.01143607326111895,0.02662544557384927,0.04273937965671415,0.8427164170884943,0.0052067987339578185,0.01279363535612732
192,2014-11-03,166.3004600005467,166.7369647628093,165.7980660671969,166.1769256591797,93600000,0.0005457235987145204,0.028599614743999302,0.04183232530498837,0.538668143016392,0.005649994377306107,0.012885366616681493
193,2014-11-04,165.73206170402406,166.03680047937794,164.76845680989194,165.6002960205078,93343000,-0.0034699741638890558,0.013406216386996128,0.0361280154405188,0.5457588985543175,0.007659066438679131,0.022280925045847777
194,2014-11-05,166.81101784703924,166.85220013318357,165.91330181761182,166.64630126953125,91709000,0.006316445526727277,0.021351976032952358,0.041143598318361674,0.5514811558680376,0.005634078334887182,0.014233153977921464
195,2014-11-06,166.68744188609193,167.4039657310186,166.06974544955068,167.31336975097656,107089000,0.004002900012562538,0.018908780984468798,0.042519066592592525,0.6646743009651491,0.007974379354463509,0.01196173405153056
196,2014-11-07,167.32986944584755,167.68402198904192,166.86865805039554,167.46987915039062,89540000,0.0009354267363510527,0.008330553419771514,0.04007830723147565,0.5795598671944454,0.0048687199321029865,0.016425692367939337
197,2014-11-10,167.50281386790624,168.0463772075769,167.29691504569357,167.99696350097656,66319000,0.0031473382154447727,0.010952410116971789,0.0389489810217134,0.4534150386061516,0.0044611649297993826,0.01607996621933694
198,2014-11-11,168.06286996430262,168.26876880774944,167.72519284495348,168.1616973876953,54499400,0.0009805765728485571,0.015467371911402239,0.035621290479163736,0.39435688620189396,0.003232460014617633,0.014350158271135616
199,2014-11-12,167.4781208559649,168.2111202209386,167.44517000413023,167.9805145263672,90120300,-0.001077432400735212,0.008006257844739073,0.029926739475585107,0.7287251593343119,0.004559756344168927,0.018043067659414547
200,2014-11-13,168.14527604820728,168.69708357685306,167.3628627633236,168.16998291015625,85357900,0.001127918820366114,0.005119812962076198,0.026444272959389448,0.7460260636595436,0.00793376315107476,0.01474078837961934
201,2014-11-14,168.09583300624917,168.41703472263535,167.78286272005323,168.2111358642578,80417500,0.0002447104613405582,0.004426209164464234,0.022641997558286997,0.7466361912274391,0.0037700952396747377,0.007442022481185084
202,2014-11-17,167.88991573935286,168.49113682111425,167.72518661705757,168.31817626953125,80441000,0.0006363455351721115,0.0019120153237341952,0.019700904528012764,0.7644455147139915,0.004550608977785905,0.0133089775086348
203,2014-11-18,168.37583247820055,169.59475005652524,168.37583247820055,169.29002380371094,76068100,0.005773871578928391,0.006709770616874167,0.022659678606356648,0.7510387143617947,0.007200173707447804,0.01138437640468215
204,2014-11-19,169.09232428540787,169.28999165262312,168.26049767829076,169.01820373535156,82373000,-0.0016056472924509402,0.006177437971958799,0.017845042667031352,0.8421614615309195,0.006091024230409726,0.011889740129281234
205,2014-11-20,168.22757592610955,169.421799196511,168.1616867923099,169.31472778320312,72840300,0.0017543911915893773,0.006807070163397988,0.016944894796104393,0.77732615949474,0.00744242642503368,0.011771676996019442
206,2014-11-21,171.01134496405106,171.17606152737287,169.64417361105055,170.22068786621094,142327300,0.005350745885306818,0.01194660503080347,0.019800925608148834,1.4993462292407242,0.008999422664337621,-0.00033848522304935624
207,2014-11-24,170.62422844174733,170.80542040424424,170.41009819837205,170.69834899902344,65880800,0.002806128554643905,0.01414091325277167,0.0198697327753401,0.7003188389220323,0.002315911127379751,-0.003811247936981954
208,2014-11-25,170.92898435132895,171.13488320200935,170.31953179623883,170.57484436035156,79108300,-0.0007235256778762578,0.007589464091105391,0.016955030246420977,0.8534607844898321,0.004780021396637042,-0.019072094813814
209,2014-11-26,170.7231348143842,171.11022577084086,170.50900447196926,171.0113983154297,62167800,0.0025593102940542067,0.011792780517293044,0.017177801763585965,0.7011005254380102,0.003515679684477191,-0.016615356831551464
210,2014-11-28,170.88779071094828,171.20074837456252,170.41010393619658,170.64894104003906,57890100,-0.002119491910837823,0.007880077972568955,0.013081421306713858,0.6739263704407021,0.004633163461474028,-0.030453745463578152
211,2014-12-01,169.9900674160856,170.1053702571142,169.15000924590606,169.4629669189453,103968400,-0.006949788928461542,-0.0044514033914677675,0.005033367971141178,1.2413691161666907,0.005637579871153161,-0.030375317679526948
212,2014-12-02,169.5041182897445,170.76421788230812,169.47941144024836,170.55831909179688,74507200,0.006463666916533217,-0.0008203354516765904,0.01021705887311497,0.8998631253248102,0.007532945029601635,-0.044328310539457516
213,2014-12-03,170.7313667786352,171.43141548357062,170.56665017553692,171.21728515625,68952000,0.0038635820753982753,0.003766327903200306,0.012435956978679386,0.8452193841489739,0.005050689287851553,-0.029342754803181492
214,2014-12-04,170.92894628296273,171.53017984133535,170.23712931485076,171.0277862548828,91316600,-0.0011067743609779468,9.58295155444322e-05,0.010007033433621748,1.1196357982913026,0.007560470463890341,-0.004237774677148365
215,2014-12-05,171.2007746440806,171.69493691918504,170.937230646542,171.30784606933594,91025500,0.001637510609157733,0.003861172681653313,0.010469110798458248,1.127166672703368,0.004423068119929374,-0.0016351007688634178
216,2014-12-08,170.9125456170777,171.4066953882223,169.6030191909294,170.16307067871094,108588200,-0.006682562514747081,0.004131308288143565,0.002919971271493349,1.3289717273375754,0.010599692342755537,0.009704436240691727
217,2014-12-09,168.31821957599914,170.15484671218144,167.93937265820907,170.0477752685547,125180100,-0.0006775583544442743,-0.0029933680512377325,0.0016350848114103922,1.4787701905778623,0.013028538894281308,0.011752696524871986
218,2014-12-10,169.58651183886957,169.64415697519863,167.1321887879012,167.32162475585938,159856400,-0.016031674089178383,-0.02275272848086285,-0.014178895839440209,1.7777755041351504,0.015012812545674535,0.028336003808276722
219,2014-12-11,167.91467029196937,169.81717406446768,167.77466055190146,168.16998291015625,159012800,0.005070224219581476,-0.01670958507565301,-0.00923586153866418,1.7031496038112777,0.01214552964340501,0.026447693297673602
220,2014-12-12,166.89333324688926,167.86518213186451,165.41910334700742,165.45204162597656,202330200,-0.016161869301204224,-0.034182931942237316,-0.024467421379297694,2.0393603311192994,0.014784216385716996,0.04471106647428558
221,2014-12-15,166.3497566334868,166.80273651141,163.71425448065943,164.3154754638672,189965800,-0.006869459880578077,-0.03436465498371699,-0.03005484759331245,1.8145554405652613,0.01879605084080902,0.04629245882859756
222,2014-12-16,163.54956432844529,166.69569199627895,162.95657467754313,162.9977569580078,259543800,-0.008019442490973083,-0.041459044667963796,-0.03631999347504167,2.2838091573387636,0.022939685726467447,0.04428535975805037
223,2014-12-17,163.4342614875855,166.6462782908317,163.31071464618827,166.19329833984375,253910100,0.019604818136602864,-0.006743458400323199,-0.01652692395658084,2.0721056746547286,0.02007038597803525,0.02365740194960475
224,2014-12-18,168.62288040815773,175.40106516976164,167.9475263334497,170.30300903320312,257633900,0.02472849828731083,0.012683750608373678,0.007409920295810224,1.9621732718315605,0.04376633671140101,-0.01908569302797658
225,2014-12-19,170.95319815971595,171.6985328926812,170.27412888187627,171.02774047851562,245084600,0.004255541046671807,0.03369978875899027,0.011184670251471962,1.7516991602501264,0.008328496925818026,-0.03244268577506626
226,2014-12-22,171.21814484177622,171.8144073486328,170.97798952149458,171.8144073486328,148318900,0.004599644875832309,0.045637404898083656,0.015357389754079298,1.0578183084445474,0.004868147206311043,-0.02487080628300331
227,2014-12-23,172.3941128745285,172.44379931339762,171.75644075737372,172.04629516601562,122167900,0.001349641284227543,0.055513268261347504,0.01632296439683345,0.8541631081751814,0.0039951953360031975,-0.008904832594929801
228,2014-12-24,172.26988619233464,172.5348847288303,172.02144137682555,172.06285095214844,42963400,9.622866982894607e-05,0.03531762514456038,0.015974240663766404,0.30423203476213234,0.0029840453599570636,-0.016941888176017827
229,2014-12-26,172.51002867949322,172.9572318414319,172.46034224737275,172.61769104003906,57326700,0.0032246361420857905,0.013591550847963374,0.018767256527715048,0.40663829658044537,0.002878555442755288,-0.027777608351271188
230,2014-12-29,172.43550838538636,173.05661409343963,172.3692555934893,172.84957885742188,79643900,0.0013433606716997115,0.01065229753845176,0.019473788263582703,0.5606166255657101,0.003976628143926895,-0.031813041639778716
231,2014-12-30,172.42720926279756,172.55970219305735,171.84750056765225,171.9220428466797,73540800,-0.005366145621374496,0.0006264637506705473,0.01326833499120239,0.5232602816609584,0.004142584706489574,-0.03246616715258066
232,2014-12-31,172.24512772594383,172.41075347230168,170.0919551139887,170.21617126464844,130333800,-0.009922355236044678,-0.010637392101941034,0.0033154878784977804,0.9092964672842465,0.013622667817546967,-0.031721729795029074
233,2015-01-02,170.91174406115695,171.3258145622169,169.08982374735015,170.125,121465900,-0.0005356204640902806,-0.011262459859434526,0.0031010059627643027,0.8321835642274776,0.013143223011707502,-0.01849737454651912
234,2015-01-05,169.08160166630944,169.24722739310786,166.74624985465596,167.0526580810547,169632600,-0.0180593206109938,-0.032239064984906696,-0.013858638716244265,1.1318176363682402,0.014971192719593965,0.0016850623262063547
235,2015-01-06,167.35901221336937,167.88074508876025,164.68412031268113,165.47914123535156,209151400,-0.009419286491925472,-0.04264076123754956,-0.02146391937949954,1.342585460143934,0.019317387993528088,0.016314669804748716
236,2015-01-07,166.8041993427242,167.88078543230242,166.3570086538022,167.54124450683594,125346700,0.01246140906999016,-0.025481306918569757,-0.008501382375158295,0.8003212351181265,0.009094935297785937,0.018733453412450585
237,2015-01-08,168.9490654962137,170.72957648769642,168.93251177202868,170.51425170898438,147217800,0.017744927291781787,0.0017511875759002038,0.008953423751536516,0.9333983505320139,0.010539088068338028,-0.004516939956627497
238,2015-01-09,170.92827927931057,170.9448456357597,168.53495254772835,169.1477813720703,158567300,-0.008013818922574356,-0.0057441212516072815,0.0003273973622444082,1.0057680897276866,0.014247263951575901,0.005875184445230941
239,2015-01-12,169.2803208086118,169.43766963528094,167.21824497501035,167.82278442382812,144396100,-0.007833368770753357,0.004610081345726158,-0.007406631135668973,0.9201477527014458,0.013224811326366409,0.00044397229641957026
240,2015-01-13,169.04010981735388,170.16638190252374,166.05052078045333,167.3507080078125,214553300,-0.002812945915754872,0.011309986010859863,-0.010754190501572558,1.361912554117418,0.02459422592869025,-0.009600368215315513
241,2015-01-14,165.33833694878177,166.53915144512624,164.44395583561231,166.34039306640625,192991100,-0.006037111843943177,-0.007167497436016079,-0.017314501647832548,1.2238677908167632,0.012595831781385057,0.0056261262434773585
242,2015-01-15,166.9780683165703,167.29275329332586,164.70068064236253,164.81661987304688,176613900,-0.009160572277540857,-0.033414402484442274,-0.026839306251016715,1.150256893825935,0.01572701013380765,0.0021602711198580593
243,2015-01-16,164.60964953475775,167.13548302390737,164.42745743806935,166.97813415527344,211879600,0.01311466212504242,-0.012826932751925146,-0.014305021419862896,1.3990856402090102,0.01621784552532977,0.0014378951298807952
244,2015-01-20,167.61571710165006,167.88072826145347,165.7689663888203,167.3341522216797,130991100,0.002132123874825309,-0.0029115963236220344,-0.011337053458223223,0.9027061938259798,0.012620029112978461,0.01375883139889611
245,2015-01-21,166.8704144645625,168.6592020890844,166.40665751815214,168.1788787841797,122942700,0.005048142003796885,0.004948713908808244,-0.005509180359674182,0.8844655710416763,0.013393742348722041,0.0048257217465323965
246,2015-01-22,168.9324925342067,170.8123635660142,167.55777539756028,170.67987060546875,174356000,0.014871022088918329,0.0260879360633115,0.009618583419419124,1.242700676601753,0.019068377289651172,9.69096548120163e-05
247,2015-01-23,170.42311807048108,170.67985237585975,169.61154348944333,169.74404907226562,117516800,-0.005482905101131141,0.029896434006559502,0.0047671076432529436,0.8389769670920671,0.006293645593204881,0.0028297393842298124
248,2015-01-26,169.52873956995722,170.23265179616268,168.81653784693114,170.1415557861328,92009700,0.002341800587648102,0.01894512504204715,0.007693083195581485,0.6455740112567818,0.008323151523379703,-0.003991158341716483
249,2015-01-27,168.0877619624292,169.04011895690113,167.06915217860907,167.8972930908203,134044600,-0.013190561735156203,0.003365367210840464,-0.004206966347631291,0.9158569580825002,0.01173912182864021,0.020075128254507302
250,2015-01-28,169.0814856079298,169.18085844851225,165.55361076658596,165.74407958984375,168514300,-0.012824587349432925,-0.014477437428159212,-0.014901877676300579,1.117444564781501,0.021884628946641168,0.03392635601393601
251,2015-01-29,165.94293728307736,167.53296686671393,164.5350871374661,167.2762451171875,173585400,0.00924416444397469,-0.019941575278955015,-0.00442095987516089,1.1141159614353806,0.01792173017243207,0.03430832567701003
252,2015-01-30,166.1001946807976,167.42521228608183,164.90766999054438,165.17266845703125,197729700,-0.012575465564058752,-0.02693102138318959,-0.015463165739088458,1.2422134589977214,0.015241881838292014,0.051792576202179585
253,2015-02-02,165.66961155632973,167.30932721771725,163.85598072283597,167.21823120117188,163107000,0.012384390003802315,-0.017181720076872575,-0.0024060501044536053,1.0114701434858584,0.020651734383715252,0.04056068476023045
254,2015-02-03,168.11269752660715,169.6447641103643,167.74003643868727,169.636474609375,124212900,0.014461601410517666,0.010358603682871337,0.011241362641881913,0.781280181439453,0.011228290826386683,0.02582435513095982
255,2015-02-04,168.8745240134986,170.08361552524215,168.534983145,168.99046325683594,134306700,-0.0038082101978754723,0.01958672475678047,0.0063371214032150736,0.8651321996802005,0.009164022338281239,0.02901094261387338
256,2015-02-05,169.65295806926244,170.84548307699293,169.57842841538633,170.6964111328125,97953200,0.010094935791635784,0.020446214662631634,0.015541979270597972,0.6365786758894231,0.007422854723177277,0.024839989416059804
257,2015-02-06,171.06079833152506,171.62394076730268,169.70264763355704,170.22438049316406,125672000,-0.00276532257776152,0.030584430725274503,0.012821011691874773,0.8224759660142921,0.011286826999630677,0.02753574926103619
258,2015-02-09,169.57843312899038,170.29891174267553,169.0567002644991,169.46249389648438,87219000,-0.004475778348979165,0.013421160355491013,0.00819345654142034,0.5844611887220481,0.007330303299650577,0.03508785515150792
259,2015-02-10,170.49768765305734,171.52457449325172,169.50390825922682,171.26785278320312,96164200,0.010653442217258613,0.00961690684497385,0.01789105489334153,0.6549884564688728,0.011798280886855816,0.023306228233434645
260,2015-02-11,171.10217375218946,171.79780900185008,170.45622492944372,171.36717224121094,91087800,0.0005799071827772284,0.014064160418110871,0.01726718151643669,0.6476438869426357,0.007828711035261712,0.02150503453964081
261,2015-02-12,172.16222880934126,173.07318894711187,171.40034061976428,173.0152130126953,97545900,0.009617015615830171,0.013584362228205471,0.025019540276129293,0.7179216564042977,0.009668793270941129,0.008328714207285204
262,2015-02-13,173.13941354760124,173.77707290377327,172.88267926954353,173.72738647460938,93670400,0.004116247638072279,0.020578755941402793,0.02652918051983688,0.7111032833822166,0.005148259306603112,0.01053480958680586
263,2015-02-17,173.41273145538702,174.1746323442568,173.1642992486139,174.00071716308594,76968200,0.0015733310333112538,0.026780104330187182,0.026015504846166992,0.615844726367156,0.005806488111746892,0.004806761825578487
264,2015-02-18,173.62799999303866,174.09175681074964,173.36298887638918,174.01722717285156,80652900,9.48847225161753e-05,0.016053067431917256,0.024095005299154426,0.6585901027878059,0.004187906830836788,0.0004760446259612916
265,2015-02-19,173.4210021106608,174.25741993425422,173.2802196633091,173.89303588867188,91462500,-0.0007136723541533163,0.014739483732074454,0.02164634423756917,0.7565827350983911,0.005619548051198083,0.0022861898304478157
266,2015-02-20,173.47897194148132,175.01103783545233,172.8578661957788,174.93650817871094,140896400,0.0060006560050347435,0.011104775889705376,0.026493347171299142,1.1818583381187657,0.012308303521606263,-0.017704962188517248
267,2015-02-23,174.68803478245675,174.91163635253906,174.30708442736932,174.91163635253906,74411100,-0.00014217630402491022,0.0068167138294155105,0.02479369416318078,0.6356625509527344,0.0034563276507873593,-0.013493751945933163
268,2015-02-24,174.83714993892866,175.60732775468037,174.53901862902975,175.4085693359375,72472300,0.002841051594742794,0.008091071093299096,0.026121929891801843,0.6243100621469012,0.006090404418068192,-0.032245970101889676
269,2015-02-25,175.284303664984,175.76462689715748,174.9199196518574,175.25946044921875,73061700,-0.0008500661471856352,0.007138564937213321,0.02304663409553398,0.6463653455735886,0.0048197526292443685,-0.03369045823870931
270,2015-02-26,175.16836842089657,175.3257172152652,174.4478772380732,175.05242919921875,72697900,-0.001181284305391217,0.006667278563640355,0.019069523566461744,0.6716122281670295,0.005014726052118757,-0.020247840089761104
271,2015-02-27,174.95308435386465,175.2180955715284,174.40652083118627,174.45620727539062,108076000,-0.00340596201124177,-0.002745572712756106,0.013480527186786162,1.029605198288742,0.004652025588639639,-0.022928127844248136
272,2015-03-02,174.5555154906968,175.61553469575227,174.50582906490132,175.5575714111328,87491400,0.0063131266748428505,0.0036929221638053455,0.016811559492373673,0.8796953642284225,0.006321035441144082,-0.016085485862609383
273,2015-03-03,175.12695152826169,175.60727475125827,173.97583621956494,174.83709716796875,110325800,-0.0041039200837246215,-0.0032579489709780862,0.01040929444798766,1.1395243304110112,0.009331192053171561,-0.014967720719377797
274,2015-03-04,174.2408495827965,174.3153918714502,173.1311437504533,174.10006713867188,114497200,-0.00421552428652372,-0.006615296586986896,0.004853841222276056,1.1885732650843757,0.006802111799610258,0.0010943203145501457
275,2015-03-05,174.42308135647423,174.57215333133064,173.78542178241264,174.29058837890625,76873000,0.0010943203145501457,-0.0043520722551384505,0.004417179608067201,0.8225234885383251,0.00451390724097879,-0.004561424888910315
276,2015-03-06,173.42929317901158,173.85993005329047,171.50801255821912,171.83926391601562,188128000,-0.014064583094765104,-0.01500057464417981,-0.010035531151669774,1.9202870794887161,0.013686729339231919,0.018550199269059764
277,2015-03-09,172.03797885333026,172.9075166069959,171.8806300753752,172.55142211914062,89818900,0.0041443275936812185,-0.017123438583871664,-0.00659867427750227,0.933901097809922,0.005951191355071391,0.012370173137854934
278,2015-03-10,171.18504297637017,171.26784949998202,169.71094027349486,169.75234985351562,157121300,-0.016221670220094353,-0.029082771315793066,-0.022794837999061235,1.5763970605534832,0.009171650512235428,0.02328067962919178
279,2015-03-11,170.00911495619863,170.1830301821086,169.27206973483317,169.35488891601562,110145700,-0.002341416409510577,-0.027255464633891724,-0.02454578409721664,1.0973942270924584,0.005379002951176656,0.010652282463341711
280,2015-03-12,169.98420665550796,171.5742357613371,169.93452022039267,171.50799560546875,93993500,0.012713578587748131,-0.015965249755128252,-0.012184332002163512,0.9351144383147655,0.009560577832863076,-0.004411942119305179
281,2015-03-13,171.2347075656587,172.1953414628287,169.42107686549133,170.4562530517578,162410900,-0.006132323743846535,-0.00804828205580388,-0.017517918962803525,1.5652741785500415,0.016275522591095517,0.004024878298948709
282,2015-03-16,171.18502302994446,172.82473858898433,170.48109816090155,172.733642578125,136099200,0.01336055137663772,0.0010560356834299345,-0.004106203715034451,1.2854075306529233,0.013567944223851953,0.002874842583287851
283,2015-03-17,171.99658274860482,172.60112205758392,171.4085971591291,172.22018432617188,94510400,-0.0029725434159179054,0.014537851610218144,-0.00655662459747397,0.885282744820132,0.0069244200563406055,-0.0029262962824483374
284,2015-03-18,171.74818903558065,174.96138067468297,171.11051682508818,174.29058837890625,228808500,0.01202184320516797,0.02914412152186685,0.005307133950958276,2.0041898098705047,0.02209450255123956,-0.018254366805727895
285,2015-03-19,173.876525449042,174.29887289622786,173.1063475907249,173.49557495117188,117917300,-0.004561424888910315,0.011588843649454672,0.0008362244462292168,1.0210366330823184,0.006873520006712422,-0.010208082421725662
286,2015-03-20,174.4446328421003,175.53433784337255,174.26162759227103,175.02691650390625,177715100,0.008826401210321189,0.02681429029629423,0.009643678308783654,1.5146763674993242,0.007271511585323075,-0.012261297700793095
287,2015-03-23,175.0352833889691,175.60925341996233,174.6859130859375,174.6859130859375,71784500,-0.001948291295877036,0.011302201925890154,0.007742206661157658,0.6125091650900536,0.005285717192150391,-0.012952673150122274
288,2015-03-24,174.56109147262433,175.0185919093405,173.63775140856606,173.7042999267578,77805300,-0.005619303479249549,0.008617547393719782,0.002572248207180605,0.6623752554823569,0.007949374318060459,-0.004022440493733015
289,2015-03-25,173.9122982280771,174.14521174748526,171.1173233023442,171.15890502929688,159521700,-0.014653609027146741,-0.017968172456915066,-0.010948647265571543,1.309840912517157,0.017690510725239698,0.015260758825611287
290,2015-03-26,170.49344462384173,171.6663260245403,169.79469137466845,170.75131225585938,153067200,-0.0023813705361560578,-0.01581747947222767,-0.012076240007595551,1.216696768016068,0.010961172860957765,0.02323741563942816
291,2015-03-27,170.63489714450185,171.3169975608882,170.4435653058631,171.14231872558594,118939000,0.0022899178024509137,-0.022194287918187783,-0.008863807323963302,0.9413551916780779,0.005103543422393336,0.01628238915840008
292,2015-03-30,172.17378703255255,173.5296867298586,172.1571594151307,173.230224609375,96180400,0.012199822342812139,-0.008333176103595519,0.0039044273685371333,0.7586213451322729,0.00792313995910864,0.005954205546888192
293,2015-03-31,172.406643721356,173.1053969004978,171.65799501357338,171.71621704101562,126768700,-0.008739858022890568,-0.011445214002073989,-0.003968837048693552,0.9934439238373268,0.008429034321078064,0.019377098551804917
294,2015-04-01,171.6829941309399,171.7079482482188,170.11913508633242,171.10902404785156,137303600,-0.0035360259131438365,-0.0002914308281930511,-0.006629109954537804,1.066472091747439,0.009285384980292202,0.022703185119835823
295,2015-04-02,171.04240505004668,172.17370444109807,170.85939980349193,171.72451782226562,86900900,0.0035970854128763996,0.0056995495586469325,-0.002312728465611147,0.6723629688749848,0.007653564291654867,0.007314642845147379
296,2015-04-06,170.8345327089042,173.3965947727931,170.7014483013963,172.880859375,114368200,0.00673370097292203,0.010158449776537681,0.004101584531345237,0.9108720707947574,0.015589617503871124,0.009719133056544038
297,2015-04-07,172.9057307881502,173.65437940702623,172.3899956370504,172.4232635498047,81236300,-0.0026468854149014343,-0.004658315610858166,0.0014811154183678177,0.6492158128332013,0.007333023073250307,0.01119298870055041
298,2015-04-08,172.64790063262691,173.44645764013111,172.25693593565734,173.00558471679688,89351900,0.003377277259480671,0.007508712327812805,0.003914912514848989,0.7339482623887689,0.006875626046528932,0.012741647758432784
299,2015-04-09,172.83926548017172,174.00383337971292,172.34848420056778,173.7709197998047,85548900,0.004423759407886418,0.015556723362577962,0.007065672773354903,0.7098811877614246,0.009526042568297404,0.010818342518091661
300,2015-04-10,174.02039106177926,174.7607258805684,173.82075819826983,174.71913146972656,72722900,0.005456676358819301,0.01743847463039816,0.011619607347539418,0.608824531200992,0.005379878404795298,0.007665588421288172
301,2015-04-13,174.57775688738096,175.2099616006904,173.87901633430343,173.92892456054688,74436600,-0.004522726861864057,0.006062355250522566,0.006032928801562143,0.6469972489192245,0.007652236508388559,0.008034754425234159
302,2015-04-14,173.72929738807832,174.44467827112047,173.10541915377996,174.2616729736328,75099900,0.0019131286755591503,0.010662188999207123,0.00751236069081429,0.6705386231430865,0.0076853337540443815,0.009308332369416084
303,2015-04-15,174.72748944644854,175.55100054245278,174.6443006097776,175.0435791015625,99529300,0.004486965576463886,0.01177993408768696,0.011207698553648004,0.8866728296785995,0.005179852567737527,0.0006656406014964311
304,2015-04-16,174.71092204232482,175.5011655491069,174.51127636670884,174.99374389648438,68934900,-0.00028470170304972786,0.007036989262003468,0.010714527207493552,0.6612039924942903,0.005656711836416376,-0.009079391265905623
305,2015-04-17,173.8041451072998,174.04537241941927,172.19869198583558,172.98062133789062,191113200,-0.011503968734931425,-0.009950313495790009,-0.0007641034000426261,1.770937093218201,0.010675649210303643,0.013320474525641002
306,2015-04-20,173.90395269086372,174.8938413864011,173.820776553229,174.5611114501953,92189500,0.009136804458676595,0.0036347427045027025,0.008501401296704625,0.8895153514113667,0.006147215861868933,0.0070052220984948566
307,2015-04-21,175.24325497098113,175.4013061722621,174.05373309664378,174.3531951904297,72559800,-0.0011910800638145203,0.0005251999205282409,0.007397017780962578,0.6998511076167757,0.007728984112659938,-0.003339631315554814
308,2015-04-22,174.69421298498898,175.39296622825637,173.77087272447622,175.2099609375,78264600,0.00491396642392794,0.0009505166472913995,0.011907174866868653,0.7547076656039247,0.009257998204558556,-0.01229612560265303
309,2015-04-23,174.81066901866583,176.29966545157106,174.6942122607432,175.6508331298828,102585900,0.0025162507315441562,0.003754929855018796,0.013139210204000662,1.017161405396664,0.009140026051802025,-0.010845025384718987
310,2015-04-24,176.06678292189486,176.32465059604635,175.60926961638245,176.05845642089844,61327400,0.002320645360755158,0.017792947320935726,0.013938455371395264,0.6370480271786826,0.004063315072771411,-0.00014187695497902553
311,2015-04-27,176.62406528021913,176.74883583330077,175.13506898499944,175.32640075683594,79358100,-0.004158026140547277,0.004384076729821773,0.008507395246875715,0.84164704172966,0.009204357366233209,-0.000759256308272005
312,2015-04-28,175.30147471591496,175.93366677414596,174.1285805578068,175.88375854492188,86863500,0.0031789723948016935,0.008778521969846853,0.010941882785739931,0.9258210695317859,0.010262949980558505,-0.00690500105927816
313,2015-04-29,174.99371749717676,175.75900676566133,174.35321151694242,175.16009521484375,125684900,-0.004114440901564542,-0.00028460552350695334,0.005786961182990602,1.3403670711481825,0.008025773490215425,-0.0026119206654905414
314,2015-04-30,174.58611533755442,174.97708010512378,172.70615385277307,173.4049072265625,161304900,-0.0100204786148832,-0.012786309425925624,-0.004947404080469342,1.6984991325597762,0.013096089889680123,0.01798867044975383
315,2015-05-01,174.18677366593695,175.32639971290897,174.08695722406594,175.28480529785156,103399700,0.010841089224959966,-0.004394285504794704,0.0048136295741409985,1.0793961877787361,0.007071020712473682,0.008162375249892051
316,2015-05-04,175.7090757652785,176.36623466355326,175.60094549420802,175.78395080566406,70927200,0.002847625651090091,0.0026097042251080893,0.006837180284454014,0.7575914072305892,0.004353578161360671,0.008423047666715533
317,2015-05-05,175.5427384617421,175.90043533342572,173.6295088900631,173.7709197998047,113326200,-0.011451733771104422,-0.012012699538585081,-0.005076839979646475,1.1900704284255432,0.013068506778803182,0.01977002438741482
318,2015-05-06,174.31995445768484,174.62773042986032,171.9908057167505,173.05555725097656,135060200,-0.004116698867982493,-0.01201493959732014,-0.009186813456005583,1.3850640557847926,0.01523744602599264,0.02326456356371076
319,2015-05-07,172.95565229556806,174.1701406361635,172.6229223711262,173.7458953857422,88244900,0.003989112778183923,0.0019664273902824103,-0.005227221613741118,0.903716337309164,0.008905063694323416,0.022166736002485754
320,2015-05-08,175.4179260513807,176.23312338675464,175.33473721002545,176.03347778320312,155877300,0.013166252891224639,0.004271177322411779,0.007491128780510392,1.5311450192722516,0.005103496153360168,0.006473697030216163
321,2015-05-11,175.9918526052693,176.25803398478618,175.11842075801857,175.1932830810547,75708100,-0.004772925654421223,-0.003360191427614345,0.002319794491332683,0.743198242627283,0.0065048910935720985,0.00042755860379162236
322,2015-05-12,174.36150511096568,175.20998313991484,173.53798119820593,174.66928100585938,119727600,-0.002990994095092514,0.005169801754457248,-0.0007946462560656231,1.1501281083764587,0.009572386925053095,0.012953469718075983
323,2015-05-13,175.07691544088195,175.70079383599332,174.4696773569683,174.7025909423828,94667900,0.00019070288909195376,0.009517369552123789,-0.0005066122311171428,0.9115278429452852,0.0070469274232518,0.011617557007152168
324,2015-05-14,175.71734761461244,176.61573358430036,175.44283973280514,176.52423095703125,95934000,0.010427092150277373,0.01599079831567085,0.009473245471948166,0.9118660208811749,0.00664437876395971,-0.005041883732404662
325,2015-05-15,176.71554565429688,176.85695649425244,176.23307842177277,176.71554565429688,76510100,0.0010837871731739224,0.0038746486161782556,0.009489237006560014,0.7691305518743248,0.0035304085453814176,-0.004094901836851572
326,2015-05-18,176.5492065999346,177.51412851366834,176.48265807263678,177.26458740234375,74549700,0.0031069238759613427,0.011822966525096401,0.011844315651080795,0.7561273950469652,0.005818818389768924,-0.008164953863284974
327,2015-05-19,177.38106661495368,177.65557456500738,176.9235533648642,177.2063751220703,72114600,-0.00032839204449397474,0.014525130587363044,0.010689017751902341,0.7315943376931991,0.004130896530324713,-0.005210792328893987
328,2015-05-20,177.30620630998737,177.8302681393417,176.76551686494682,177.0816192626953,76857500,-0.0007040145101385731,0.013617590371611143,0.009438693971772105,0.7802674243946678,0.0060127712793012515,-0.012918237403665156
329,2015-05-21,176.94012885656431,177.80523411842364,176.77375123177958,177.59727478027344,64764600,0.0029119652266855756,0.006078733879335774,0.011816812414812139,0.6703686827983979,0.005807988258379672,-0.017470550557757702
330,2015-05-22,177.2146469042835,177.6305656343087,177.10651666560295,177.17306518554688,57433500,-0.0023886041903030675,0.0025890168833535565,0.00907958920119789,0.5956860252827015,0.0029578365546531512,-0.021174616194310047
331,2015-05-26,176.68230992815077,177.1065552486118,174.85226965592858,175.2681884765625,124308600,-0.010751502814434377,-0.011262254661445481,-0.0017529846573952623,1.2599280887260453,0.012861920992494785,-0.01067847683203127
332,2015-05-27,175.72569227161335,177.1647677596547,175.31808727988246,176.93185424804688,93214000,0.009492114832389209,-0.0015491591306143748,0.007421801870536537,0.9417384335493433,0.010437241431852665,-0.008227482504709172
333,2015-05-28,176.62406531070803,176.84033850036474,176.0417815748373,176.73220825195312,74974600,-0.001128377911045142,-0.0019731636304038958,0.005834869797028075,0.7773798318341409,0.004518457237794461,-0.00390664324476564
334,2015-05-29,176.66569965442963,176.70728138630633,175.36803483753582,175.63421630859375,124919600,-0.006212743869493553,-0.01105342677193899,-0.0010478425064515129,1.3201404117335833,0.007625202975355486,-0.005351872451644479
335,2015-06-01,176.29968873706432,176.6324187485515,175.20165685205126,175.99191284179688,93338800,0.002036599363842928,-0.006666658628460387,0.0007853746302064479,0.9916688756567872,0.008129702515287583,-0.01162747145218157
336,2015-06-02,175.5344084312624,176.50765709154723,174.91053010855387,175.81723022460938,91531000,-0.0009925604783017627,0.0031325807199764633,-0.00021742556298154359,0.9619335736056635,0.009084018562646012,-0.005251876395439226
337,2015-06-03,176.34953802057242,176.90686758457306,175.79220845657179,176.28298950195312,87820900,0.002649110537964461,-0.0036673144519475676,0.0017156408925380617,0.9354802715762367,0.00632312358186397,-0.006275750068251318
338,2015-06-04,175.57596623076313,176.2331123420793,174.47793451929695,174.79403686523438,151882800,-0.008446377276250194,-0.010966712892285346,-0.0072355927726229785,1.6035092429444333,0.010041405612341224,0.012611103574571736
339,2015-06-05,174.644277266899,175.16833894364447,173.8373938918091,174.4945526123047,121704700,-0.0017133550909439466,-0.006488847789696273,-0.009147210562686858,1.2626017336813082,0.007627430380548762,0.009846204968224415
340,2015-06-08,174.38642816048372,174.53616552378108,173.3466311950418,173.42149353027344,89063300,-0.006149527684198741,-0.014605326290385023,-0.014509650776288185,0.9571419720703511,0.006859209343227302,0.021300442018904686
341,2015-06-09,173.39659118652344,173.9372933856817,172.7643990122124,173.39659118652344,105034700,-0.00014359433333821503,-0.01376792840493235,-0.014147887208077692,1.1112710460086148,0.006764229708573701,0.022169942780176033
342,2015-06-10,174.16184549668475,175.85880141825191,174.10362346119902,175.4761505126953,134551300,0.011993080786316446,-0.004576953179301957,-0.0025532716984381087,1.4124814282269536,0.010002373267961051,0.002720781425747276
343,2015-06-11,175.9169953206503,176.424416715982,175.68408183028492,176.04177856445312,73876400,0.003223389902873963,0.007138353925544738,0.00028116850211712396,0.7840904248479623,0.004205449932022962,-0.003539892350521434
344,2015-06-12,175.21830623820307,175.91704691422837,174.41973639929063,174.69424438476562,135382400,-0.007654627161098215,0.0011444011831396317,-0.006859271761494923,1.4074235441733485,0.008571035183276546,0.00395510012348943
345,2015-06-15,173.55460718758775,174.2283936547843,172.8475401063269,173.94557189941406,124384200,-0.004285616208984044,0.0030219920176683956,-0.010336262037419885,1.2616903767455938,0.007938423113500634,-0.012867973596140336
346,2015-06-16,173.795828110699,174.977048702538,173.6211493182285,174.89385986328125,85308200,0.005451636126819759,0.008634937206736693,-0.00426944182339839,0.8606272481788714,0.007752698610285397,-0.016164850961154276
347,2015-06-17,175.1766815185547,175.78393212058168,174.15352479896114,175.1766815185547,126708600,0.0016171045426895958,-0.0017066079536487422,-0.00208265775487515,1.2440342322809685,0.009307216619740828,-0.00988016162184191
348,2015-06-18,175.77558042562677,177.46420953838458,175.20993701711987,176.99838256835938,165867900,0.010399221140695802,0.005433960118484071,0.008318811040185503,1.5603239046539434,0.012736119328062654,-0.0209676643477118
349,2015-06-19,176.75599386561865,176.83122034648056,175.83651658427985,176.21266174316406,130478700,-0.004439141272332581,0.008691856813863419,0.004238804133604113,1.1906163024626237,0.005644905152448857,-0.019401342521085163
350,2015-06-22,177.13216924817195,177.70056420665657,176.90647701250222,177.11544799804688,70696000,0.0051232768743862955,0.018223379095075876,0.009400369975148148,0.6412199796040601,0.004483444008583036,-0.018264150969404258
351,2015-06-23,177.32437716774217,177.5751448421762,176.8479300654339,177.24078369140625,68476800,0.0007076496984088632,0.01341913220944213,0.009547203514574054,0.6372261796621641,0.004102976536193011,-0.035417469462755924
352,2015-06-24,176.97336226846414,177.34950751918115,175.92850726392928,175.95358276367188,92307300,-0.007262442091068189,0.004434958114187593,0.002494727680284914,0.8593487656938609,0.008075995003525752,-0.0266037792462841
353,2015-06-25,176.45511032865318,176.58048782172534,175.34338312329731,175.41860961914062,97107400,-0.003040422002942633,-0.008925352459696168,-0.00017913527387491968,0.8948172283881478,0.007052300215547037,-0.011341018284770521
354,2015-06-26,175.77803133706038,176.02044482664536,174.83349114074264,175.3851776123047,104174800,-0.00019058415129680206,-0.0046959402501135505,-0.0002987350869138039,0.969204857877127,0.006767696689434762,-0.00023855835583697083
355,2015-06-29,173.90562329995635,175.39349541072858,171.63201839380625,171.70724487304688,202621300,-0.02097060190222011,-0.030534903567867477,-0.020066438815616983,1.79391952655419,0.02190633842912922,0.025606313548575343
356,2015-06-30,173.245313432343,173.2954771862415,171.59026668186704,172.0667266845703,182925100,0.0020935739303791223,-0.029192248528106757,-0.016962822653134646,1.5565624312874962,0.009910169951105219,0.023123264930410947
357,2015-07-01,173.63815731665525,173.88892503517445,172.66017469354873,173.44590759277344,135979900,0.008015384117415092,-0.014251913098391245,-0.008279683260597137,1.1338594718652468,0.007084343232304214,0.02313241255284737
358,2015-07-02,173.9224200050983,174.0895942830216,172.86919782048003,173.28713989257812,104373700,-0.0009153729966813184,-0.012150761719011638,-0.008760448287220557,0.8879004018123687,0.0070426256864652755,0.024937864030137424
359,2015-07-06,171.99981247989805,173.57126534514668,171.7991957769713,172.7938995361328,117975400,-0.002846376001999218,-0.014774783772776856,-0.01110088329393033,1.005203695456222,0.010255394275680667,0.028396037131384055
360,2015-07-07,172.99454976101808,174.00596220881198,170.61227537611487,173.88058471679688,173820200,0.006288909409309484,0.012657240207638809,-0.005012496741693906,1.4294128702847964,0.019517341963304794,0.017930684191340474
361,2015-07-08,172.54318399105082,172.8273815068212,170.72931713393493,170.96336364746094,164020100,-0.016777152400811568,-0.006412413709316667,-0.02102401379817953,1.3168827728964303,0.012272011547530428,0.03344247341746498
362,2015-07-09,173.0613429671038,173.32047760897532,171.1638962902982,171.27255249023438,144113100,0.0018085093564899068,-0.012530449018386736,-0.01807173760686398,1.1526293215921395,0.012591517364115248,0.025769035249442407
363,2015-07-10,173.27036398192914,173.84712590022323,171.3143987625998,173.42918395996094,129456900,0.012591810178397056,0.0008197034556105542,-0.004962282087100478,1.0128942507133698,0.01460381165264635,0.0025066306054406517
364,2015-07-13,174.691349707303,175.4519942272115,174.64955296883963,175.3433380126953,106069400,0.011037093117939545,0.014754215764598788,0.0058327493190653,0.8395335722327865,0.004576400035875662,-0.01420596327604684
365,2015-07-14,175.301592929007,176.41332017593288,175.24307492700046,176.10403442382812,81709600,0.004338325138293797,0.012787222395488351,0.009571367269031628,0.6578368550172322,0.006645192728043912,-0.00640785141589828
366,2015-07-15,176.14577315657752,176.6055117545682,175.56901134769592,176.04547119140625,97914100,-0.0003325490674502829,0.02972629594738785,0.008902597940481094,0.7843178876867127,0.005887685720386061,0.0007598821077623441
367,2015-07-16,177.09869322333674,177.4581298828125,176.8562925380049,177.4581298828125,106683300,0.00802439666210053,0.03611540379729439,0.016334014423035947,0.8614708424799871,0.0033914329267699683,-0.0069711715392811735
368,2015-07-17,177.44973109415943,177.6670690019798,177.04015627632327,177.60855102539062,89030000,0.000847643005577936,0.024098407027012048,0.017017802250601344,0.7419373481702469,0.0035297440468781355,-0.009318066344013776
369,2015-07-20,177.834306013265,178.1937299807778,177.38293430331788,177.7005615234375,70446800,0.0005180521856389397,0.013443473458749411,0.01711138232546494,0.6021348251797982,0.004562707458597248,-0.013171032538470628
370,2015-07-21,177.5667773913658,177.82591206552033,176.69746391071664,176.99838256835938,77965000,-0.00395147291071174,0.0050785216105773134,0.013126236603924646,0.6643318835591897,0.00637547156323798,-0.011192294741118047
371,2015-07-22,176.3130103817242,177.01516265266184,176.27958063290717,176.68080139160156,88667900,-0.0017942603324929696,0.0036088982914224133,0.011470527665412344,0.7490863350685001,0.004163338710040733,-0.0061505560995022135
372,2015-07-23,176.81452935695242,176.91483134859936,175.3266569594978,175.6860809326172,90509100,-0.005630042716297412,-0.009985729880989447,0.0058529238994355914,0.7652224537996893,0.009039841862661262,-0.00870714465809308
373,2015-07-24,175.78644299674264,175.84494825609278,173.52955829514448,173.86390686035156,117755000,-0.010371761169654103,-0.021083693005883086,-0.004136327458798328,0.986962299682924,0.013317254873422514,-0.00024082121438306903
374,2015-07-27,172.9778072233487,173.4876968857565,172.40939956881726,172.8524169921875,132361100,-0.0058177104519829825,-0.02728266297915194,-0.009211293800141074,1.0964319455333982,0.006238254203804187,0.018279570651839938
375,2015-07-28,173.68831753287859,175.11768467613908,172.86080059877006,174.9755859375,123544800,0.01228313136870085,-0.01142833398535803,0.0020200965270098514,1.058054344146767,0.012898279867313404,-0.0031530800892981548
376,2015-07-29,175.10094767161476,176.40492445434515,174.95884894576088,176.1792449951172,105791300,0.006879011441328409,-0.0028387713465976017,0.007726362976437917,0.936957958347731,0.008207978803770841,-0.008777435603052552
377,2015-07-30,175.66935241801707,176.38821303691228,175.05079377933856,176.22103881835938,91304400,0.00023722330767927957,0.003044964535052541,0.007166059021956883,0.8249734629759271,0.007589441456830049,-0.010245633710520452
378,2015-07-31,176.72259451646022,176.74767001620285,175.66938526353704,175.95358276367188,103266900,-0.0015177305529516794,0.01201903224801426,0.004871756544508221,0.9335264384757145,0.00612823413839821,-0.0051309072511723786
379,2015-08-03,175.9201150310407,175.97862026628187,174.4071545973059,175.3600616455078,113965700,-0.0033731687007546585,0.014507431813543192,0.0007488376558364429,1.0321135076080377,0.008961365856227338,0.0038134777279275056
380,2015-08-04,175.28484070143256,175.74457936960462,174.53255033866034,175.01736450195312,81820800,-0.0019542485349226535,0.00023876796428079494,-0.0015307478179041878,0.7732090503130488,0.006925193019523235,0.002865665010569396
381,2015-08-05,175.91174338222967,176.63060396132454,175.30990602510028,175.5941162109375,85786800,0.003295397063175054,-0.003321212916969296,0.0004381103142288012,0.8418055090812212,0.007521310877169352,-0.00833048307677553
382,2015-08-06,175.77796031566635,175.88662926740656,173.571228075604,174.15635681152344,116030800,-0.008187970248882959,-0.011716433069970278,-0.008567924545642036,1.154489545862286,0.013294956521790004,-0.021022102664114528
383,2015-08-07,173.99757795629148,174.1480309207651,172.91928069259777,173.82203674316406,117858000,-0.0019196546969639794,-0.012114251878410198,-0.010581769547720055,1.1794759299163644,0.007069012946746903,-0.048665415862089945
384,2015-08-10,174.93378755052083,176.09566570104846,174.93378755052083,176.0120849609375,80270700,0.012599370360671935,0.0037181973438613625,0.0016936249881394083,0.8138229672180834,0.006601127137295624,-0.10006182852934098
385,2015-08-11,174.67464159643114,175.09258350334616,173.66321656968387,174.4238739013672,126081400,-0.009023306893516936,-0.0033910383822475243,-0.006870154682063201,1.2501539993551982,0.008194789518724765,-0.10255389643797164
386,2015-08-12,173.11989537119487,174.81673847505203,171.6570987123818,174.63284301757812,172123700,0.0011980534059752301,-0.005474404348518203,-0.0052802964400370245,1.646121591085963,0.018093044286933944,-0.06921294310101289
387,2015-08-13,174.47404784482575,175.1594787845437,173.87221039931902,174.41554260253906,89383300,-0.0012443273057015647,0.0014882361790338194,-0.005656416365211081,0.8619563459048339,0.0073804683115777465,-0.045001630287816896
388,2015-08-14,174.22325170871736,175.12600772977814,174.0811529953894,175.05078125,72786500,0.003642098851869724,0.007068980031867289,-0.0013067788074979658,0.7074480492972804,0.005968866445083263,-0.04841943883471311
389,2015-08-17,174.457340223446,176.02879333496094,173.99760151213454,176.02879333496094,79072600,0.005587019252225822,9.492742516603592e-05,0.0047520911412375355,0.7653375345017276,0.011538974870783184,-0.061351449256832113
390,2015-08-18,175.75295212180188,176.10402184503204,175.284859157495,175.51890563964844,71692700,-0.0028966152960114844,0.00627799230568904,0.0022649013851026023,0.6960207973162122,0.004667090901414564,-0.08672274515255274
391,2015-08-19,174.77495378843668,175.543965411561,173.32052403028706,174.13133239746094,172946000,-0.007905548619567382,-0.00287180012334054,-0.004934233078157102,1.613037712658689,0.01276876108774531,-0.06197187122076653
392,2015-08-20,172.61836329246614,174.10623547356118,170.43670600935428,170.49522399902344,194327900,-0.02088141374889363,-0.022476887925345634,-0.02426545620798326,1.7287648658660393,0.021522769835640214,-0.041280700223518485
393,2015-08-21,168.62285717821266,170.4701662267819,165.10379306833215,165.3629150390625,346588500,-0.03010236204616701,-0.05534317608729611,-0.05132969716289626,2.798449368610199,0.032452095786906644,-0.026487502703644417
394,2015-08-24,156.71987190379426,165.07034363018442,152.46521329774097,158.39999389648438,507244300,-0.04210690855887078,-0.10014724923399976,-0.08749237522404052,3.557253721579652,0.07957784607416717,0.04184703795489053
395,2015-08-25,163.356830869499,163.3735521235313,156.24346145101953,156.53602600097656,369833100,-0.011767474541229617,-0.10815290563425084,-0.09341512942885599,2.3874251922599345,0.045549199469694615,0.04015569155876286
396,2015-08-26,160.55658221227628,162.82182045521694,157.45544730866962,162.54598999023438,339257000,0.03839348770244322,-0.06653221018709377,-0.0548769438107487,2.036575908491464,0.03301449114105937,0.00714801080748817
397,2015-08-27,164.68582039582773,166.69193629886527,163.17287284538895,166.56655883789062,274143900,0.024734961766191832,-0.02304266987065462,-0.02877332512870079,1.5600820217929217,0.021127070631874054,-0.012696285653510553
398,2015-08-28,165.92293231844926,167.0430135359747,165.43811818969027,166.57492065429688,160414400,5.0201051547071884e-05,0.007329367742145099,-0.02606154381641046,0.8982704554261962,0.00963467573618216,-0.016409148810615393
399,2015-08-31,165.5969627158288,166.44956787940615,164.67748530858103,165.2291717529297,163298800,-0.00807894067174797,0.043113498229729874,-0.031060236274196185,0.9019638210981107,0.010724998207186734,0.003996321175524509
400,2015-09-01,161.42585968397782,162.8050754726631,159.4280981063428,160.29742431640625,256000400,-0.029847922035813212,0.024028962607024473,-0.0559063227029617,1.3490956646456964,0.021066947149784545,0.04385492132887436
401,2015-09-02,162.67973241882933,163.3818846395931,160.84079025542636,163.340087890625,160269300,0.018981362845936545,0.004885373674480276,-0.03450205271640272,0.8283457462125577,0.015557077365283995,0.02210682902841521
402,2015-09-03,164.0505320581229,165.54677103907727,162.9638934406019,163.45706176757812,152087800,0.0007161369781523153,-0.018668195416937094,-0.03074568744220707,0.7788031191390652,0.01580156629848145,0.004685165363774502
403,2015-09-04,161.2002023394496,162.04444041936074,160.16370179460242,160.9828643798828,207081000,-0.015136680917545275,-0.03357081757835323,-0.04176934760962181,1.0367259703132239,0.011682849798971204,0.025397972146997017
404,2015-09-08,163.78310551299384,165.17903019862646,163.1394712911374,165.028564453125,116025700,0.025131246662969398,-0.0012141155080330757,-0.014466202749545465,0.5757158824403448,0.012358823542141314,-0.012723072621483311
405,2015-09-09,166.60840462453442,166.73378212241914,162.45406013358513,162.82183837890625,149347700,-0.013371782524628006,0.015748313319851714,-0.024264296584300626,0.7368055143403506,0.02628469271348342,-0.0009423006492924602
406,2015-09-10,162.62957308634384,164.85302736988268,162.37045111243074,163.70787048339844,158611100,0.005441727678017427,0.0022516370446654665,-0.015732627491324536,0.7851233983069054,0.015164672597116801,-0.009942249611534781
407,2015-09-11,163.31497975651632,164.5186544606328,162.60447342977204,164.4517822265625,119691200,0.004544141591772188,0.006085515353253967,-0.008289530881029128,0.5880591292955332,0.01163977066678198,-0.014676207273070063
408,2015-09-14,164.62730075288837,164.67745173677312,163.35675389132194,163.84156799316406,79452000,-0.003710596657187648,0.017757813070932604,-0.0086186944400245,0.38972033401600936,0.008060822791358306,-0.03582754343390804
409,2015-09-15,164.3430906824267,166.33249792044325,163.79977139276014,165.8894805908203,113806200,0.01249934691629484,0.005216770445457319,0.006861547473903107,0.5535160825841859,0.015267553546269052,-0.04717306799201193
410,2015-09-16,166.1904652381236,167.51951775490605,165.84774973241406,167.32725524902344,99581600,0.008667063475528591,0.02767083896714473,0.01811907312882055,0.48106961341788745,0.009991008458269357,-0.03773486659944647
411,2015-09-17,167.19343266122635,169.5924143886235,166.57487423733124,166.95101928710938,276046600,-0.0022485037560326937,0.01981058573503236,0.01805373225075435,1.30115268087064,0.018074403883110896,-0.03305017995116122
412,2015-09-18,164.4413530496671,166.93682335451308,163.81118080217664,164.22288513183594,223657500,-0.016340925421855612,-0.0013918796842907755,0.003336583658878567,1.0469783049636225,0.019032929240204374,-0.002302436671144825
413,2015-09-21,165.05469450473444,166.09657093916724,164.02121575026516,165.07150268554688,105726200,0.005167474393289906,0.007506853770064881,0.008611087012857066,0.5244906966650609,0.012572461964289074,0.010231069595602715
414,2015-09-22,162.90368818539991,163.39102279987037,161.79457916883604,162.92889404296875,153890900,-0.012979882097879036,-0.01784674071741832,-0.005856075641469061,0.8367677821765209,0.00979840709293287,0.02000935032124862
415,2015-09-23,163.09692361831407,163.56745001444625,162.08865093790467,162.6684112548828,92790600,-0.0015987513425165245,-0.027842708512771153,-0.009298967193622443,0.5456377064912091,0.009090880430524816,0.030010401817452292
416,2015-09-24,161.45007392230164,162.54237470540022,160.11411225463215,162.0802459716797,159378800,-0.0036157314051683542,-0.029174864198063477,-0.01274105677766113,0.9895304125037403,0.014981853193833161,0.043079559382422916
417,2015-09-25,163.54225885128184,163.84474196466735,161.16440798067316,162.0382537841797,155054800,-0.0002590826985007233,-0.013302843546454945,-0.011633748345488804,0.9996400633534916,0.01654136551955288,0.043972040067653984
418,2015-09-28,161.13919557199506,161.2484294982135,157.66064631992091,157.97152709960938,178515900,-0.025097324795827713,-0.04301151604261222,-0.03390420003956096,1.1442175004112567,0.02271158128407729,0.07185789536418197
419,2015-09-29,158.19000695761784,159.42514531239374,157.06408971646624,158.06396484375,159045600,0.0005851544631985117,-0.029859216978025627,-0.031216290707162142,1.0208118846457719,0.014937342602163978,0.06448032991983688
420,2015-09-30,159.9544862157138,161.18122692999685,159.17307893276782,161.01318359375,163452000,0.018658387779373786,-0.010175470752826543,-0.013356765443176433,1.0812060476019199,0.012471947653030448,0.03997295340480056
421,2015-10-01,161.39124402784296,161.73574111474952,159.49233044247578,161.43325805664062,131079000,0.0026089445194159566,-0.003991775254043706,-0.010204403971948994,0.8755170034807878,0.013896830797323154,0.053193335532515595
422,2015-10-02,159.45037511162676,163.86997820124844,158.90421817796545,163.8447723388672,211003300,0.014938150361683666,0.011148716506742984,0.0044619226569451165,1.3821609761991345,0.03030771108774046,0.04241007713827072
423,2015-10-05,165.07150392864102,166.98722628735067,164.96226998386578,166.76036071777344,126320800,0.01779482089838158,0.05563555521383434,0.020528819378112573,0.8499361223087475,0.012142911509479984,0.02468887958219046
424,2015-10-06,166.62591831272772,167.18887056699,165.52521966477568,166.18899536132812,110274500,-0.003426266014213586,0.05140343357583066,0.016671220267637565,0.743408652156419,0.010010596060209756,0.026897095147512262
425,2015-10-07,167.1216304200561,167.90305046579965,165.92850615424473,167.55015563964844,124307300,0.008190435686556086,0.040598986368667545,0.02351789852313302,0.845143256117181,0.011784795448364678,0.012236071233844292
426,2015-10-08,167.16366458507915,169.34826651960603,166.8611814375429,169.06259155273438,153055200,0.009026765193455022,0.04725998587860314,0.031070611428799966,1.042564191640016,0.014711031335914075,0.020128007237750323
427,2015-10-09,169.20542041114757,169.64233051907377,168.53323424856578,169.1634063720703,107069200,0.0005963165382123492,0.032461420387603246,0.030205307308156737,0.7324707166869391,0.00655636046999765,0.030696013536716027
428,2015-10-12,169.23900049794267,169.52467541066562,168.81048812885825,169.32302856445312,56395600,0.0009435976480145492,0.015367368094248546,0.029459131222434154,0.3888746152495701,0.004217898107908651,0.027193267508678565
429,2015-10-13,168.5920681650384,169.86082309690977,168.08793808544954,168.2559814453125,88038700,-0.006301842863237317,0.012437562905355692,0.022236245941507082,0.612510432015817,0.010536832011743163,0.031710400020894536
430,2015-10-14,168.19715993141767,168.77692042315795,167.15528340331548,167.44935607910156,99106200,-0.004794036796089252,-0.0006016082776053588,0.01729787509552083,0.6896242433613119,0.009684343122086539,0.04847192367459652
431,2015-10-15,168.11310710881224,170.02882919739733,167.7434041055969,170.0204315185547,134142200,0.015354346529935725,0.0056655937722422944,0.031955651184981226,0.9818979533136188,0.013442061471012127,0.032023721155267415
432,2015-10-16,170.4237387677061,170.81023713021614,169.65912690067984,170.79344177246094,114580100,0.004546572708950425,0.009635862952566798,0.03458451812166463,0.8735813131528958,0.00673978003833346,0.022925245411935746
433,2015-10-19,170.14649154385307,170.8774871826172,169.83561069902436,170.8774871826172,76523900,0.0004920880408758599,0.009180432403926408,0.033276615024013134,0.590001343857726,0.006097213277015094,0.03451833872134502
434,2015-10-20,170.44054155017596,171.27236046365508,170.18847016210702,170.65899658203125,78448500,-0.001278638890285344,0.014281900209888176,0.02954921406359934,0.6229576306860265,0.006351205170874512,0.03884603321010105
435,2015-10-21,171.07911042313316,171.23034556267947,169.43225514084543,169.60031127929688,102038000,-0.006203512993383176,0.012845407414879606,0.02102749156181516,0.8073170754864173,0.01060192878344994,0.04216024470158408
436,2015-10-22,170.54976258403462,172.67554197229597,169.60031206597318,172.46548461914062,174911700,0.016893679724003574,0.014380936918861442,0.03504080358821415,1.375436651283488,0.017830987534194962,0.02382378083533676
437,2015-10-23,174.137593492348,174.72575167820509,173.3393778957643,174.35604858398438,144442300,0.01096198447485719,0.02085915462883947,0.042533467897598376,1.140596584739907,0.007951394825129866,0.012192255297683419
438,2015-10-26,174.17954634407485,174.2383557315556,173.55777201125318,173.92747497558594,69033000,-0.002458036941528907,0.01784897380723538,0.0350334630304332,0.569751473124857,0.003913031684027814,0.005217523587071948
439,2015-10-27,173.2553463797978,173.9275326450187,172.9108491560002,173.59144592285156,77905800,-0.0019320067331601853,0.017183092597235383,0.028282937568527178,0.6652567518426518,0.005856760300679308,0.009486670272348618
440,2015-10-28,173.92750355326413,175.5911543452303,173.2637279006993,175.56594848632812,135906700,0.011374423163420522,0.03517468312429606,0.03551575810675023,1.1743519996267144,0.013256707605303335,-0.005790773247441039
441,2015-10-29,175.0618118601516,175.83482141928536,174.9441802494331,175.46511840820312,90525500,-0.000574314546723409,0.017392661468969672,0.030656081520342493,0.7961685616517119,0.005075887321263934,-0.01910623637197517
442,2015-10-30,175.65838682947495,175.9776781596275,174.54929049565288,174.70892333984375,131076900,-0.004309660377056601,0.0020238744725245006,0.0229503550895922,1.1948113080061316,0.008175814014926442,-0.025922458916913582
443,2015-11-02,175.0366256668099,176.9691433713122,174.91058354202576,176.77589416503906,86270800,0.011830940204322848,0.01637705135346179,0.03202678052921981,0.8010094091967414,0.011645025692046946,-0.02267231813734527
444,2015-11-03,176.42298628553587,177.84297616889708,176.19612073435962,177.28842163085938,95246100,0.002899306312329042,0.021296992420069216,0.031676361296644195,0.8905567525969909,0.009289131345342184,-0.026208531123851797
445,2015-11-04,177.58253383668966,177.70856315028564,176.21295546480997,176.75070190429688,96224500,-0.0030330222448599065,0.006748195924000555,0.025801204534241506,0.9116740312341288,0.008461678903461922,-0.007748930507736285
446,2015-11-05,176.80952781429752,177.2716567087634,175.68362310478983,176.5742645263672,78408700,-0.0009982273112851825,0.006321177270024236,0.022548311563457712,0.7701116302239991,0.008993573373975095,-0.007614001106639456
447,2015-11-06,176.22978338559173,176.71711815422435,175.15429038615696,176.48184204101562,110471500,-0.0005234199083284929,0.01014784286503323,0.019851954769873226,1.0832149701472773,0.008855459292543994,-0.0034756440347040174
448,2015-11-09,175.8684243134523,176.0196722814713,173.88548229652773,174.83494567871094,131008700,-0.00933181761510593,-0.010979712451721801,0.008728370153785692,1.2392573690005126,0.012206884479865364,0.004757818195401331
449,2015-11-10,174.35600725233144,175.2718670898659,174.0871404971983,175.23825073242188,75874600,0.0023067759831725265,-0.011564042815532916,0.009022859891801849,0.7218776510115354,0.006760662057033466,0.0037880034627801873
450,2015-11-11,175.50714703296265,175.55755875304874,174.48206598826206,174.54928588867188,67846000,-0.003931589369731925,-0.012454920924823143,0.0030055808761633163,0.6552366125505249,0.006161542049920654,0.007605910241412328
451,2015-11-12,173.50742469269002,173.97795125068419,172.09584501870754,172.11264038085938,121315200,-0.013959641802067324,-0.025267692081150206,-0.011590169495159786,1.1789285873069206,0.0109353167077783,0.02304218226681254
452,2015-11-13,171.70086426962504,171.9697309814071,170.0960232138523,170.18003845214844,153577100,-0.011228704204609197,-0.03570794318546722,-0.02251656415030545,1.464692756104929,0.01101015010101586,0.030364606790383775
453,2015-11-16,169.99522793409466,172.8267970688517,169.8775835034225,172.76797485351562,117645200,0.015207050279841594,-0.01182241237397541,-0.00819040857123643,1.1004253717466208,0.017070371797375913,0.024608563357174207
454,2015-11-17,173.0788754346867,173.96110613317177,172.14622019779057,172.64195251464844,121123700,-0.0007294311285065413,-0.01481581907444296,-0.0094776489217685,1.1107924792695698,0.01051242707201894,0.014892353129850378
455,2015-11-18,173.12085393898545,175.5239104525939,173.07885272714665,175.38107299804688,121342500,0.0158659030641235,0.004765342379604576,0.004571962973567212,1.1030351704526473,0.01394140019587217,-0.01494730973481817
456,2015-11-19,175.26343141259227,175.64994254237146,174.93574248944813,175.22982788085938,88220500,-0.0008623799284726008,0.018111322289299236,0.002911635755303621,0.8348421902171755,0.004075790415139388,0.005131026478722989
457,2015-11-20,175.98608560962322,176.54903789817084,175.4903532269914,175.8684539794922,94011500,0.003644505654979202,0.033425868151647053,0.006131293638455881,0.9113904784432835,0.006019753100819815,-0.0045866134985985685
458,2015-11-23,175.92724764453766,176.43137762573497,175.20464979935923,175.66677856445312,64931200,-0.0011467401371628716,0.016778594027019755,0.0044777729185234705,0.6307267838331967,0.006983265910609517,-0.010140023477094195
459,2015-11-24,174.65850492161297,176.30536040976253,174.27200652498112,175.9020538330078,98874400,0.0013393270513488709,0.01888359851631516,0.0051590762666322565,0.9507605000294966,0.011559580121285934,-0.01915454457210264
460,2015-11-25,176.02812728623044,176.22978703563413,175.61641010569755,175.87689208984375,51980100,-0.00014304405557397093,0.0028270957824645393,0.0049260151758521165,0.5208492873181209,0.0034875356429612415,-0.016482091167757007
461,2015-11-27,175.96925727372445,176.2801509055882,175.49033312764547,176.0784912109375,37317800,0.0011462513278366337,0.004843144231444052,0.00590164419722683,0.3841716479639607,0.004485600555246321,-0.0366481851868542
462,2015-11-30,176.23812958132908,176.35576119312486,175.23825447062276,175.3474884033203,112822700,-0.004151573554440957,-0.002962245726187085,0.0015428883058385967,1.1724806402950398,0.006373097970651851,-0.02774441758321511
463,2015-12-01,175.97767012472167,177.1371909479036,175.70039284870492,177.01954650878906,97858400,0.009535683235010639,0.007700761381239651,0.011022932819366504,1.0108814604862433,0.008116607050099664,-0.026817851639401757
464,2015-12-02,176.96907342145042,177.28836462630272,174.96092610747584,175.21299743652344,108441300,-0.01020536493226143,-0.003917273172594826,0.0012985195089993962,1.1126203742521144,0.013283480979600675,-0.002397681602478996
465,2015-12-03,175.46513794700394,175.73400473534974,172.03699985461813,172.7595977783203,166224200,-0.014002383921843164,-0.017724297231332842,-0.011594861492743025,1.6463585093274866,0.021399707618418355,-0.0036477741114556705
466,2015-12-04,172.7596204552769,176.42302227616668,172.7596204552769,176.12893676757812,192913900,0.01950304951266002,0.0002864947120666539,0.007810439975561856,1.8081718511172904,0.020799545424634327,-0.04011839082869595
467,2015-12-07,175.80120656208416,176.22132129264844,174.09554178166388,175.0618133544922,102027100,-0.006058762589898126,-0.0016291938449157772,0.0021114840925771095,0.9600941696311502,0.0121430223430849,-0.02630043744139965
468,2015-12-08,173.4990148690273,175.0114178936216,172.90244621132328,173.88551330566406,103372400,-0.006719341164632908,-0.0177044471355563,-0.004351484158118701,0.9855691880297835,0.012128507097604324,-0.010818759712493131
469,2015-12-09,173.24693033755833,175.33909367995196,171.558060762313,172.53273010253906,162401500,-0.007779734938280991,-0.015297194689882443,-0.01133156780376543,1.4870252522299794,0.021914873284575177,0.009282393680787537
470,2015-12-10,172.59997234359287,174.28882931654118,172.36470906838275,172.9780731201172,116128900,0.002581208894761211,0.0012646205745234784,-0.00833318156041829,1.0403346947785148,0.011123492205987913,0.005022895054475951
471,2015-12-11,170.86067243732876,171.52444809524988,169.3146404271741,169.6255340576172,211173300,-0.019381294993221276,-0.03692410133913948,-0.02685919990501595,1.8185878266578832,0.013027564985146381,0.0225445256135004
472,2015-12-14,169.78519520283177,170.60861659080248,168.00389979791956,170.48257446289062,182385200,0.005052543592772629,-0.026157839930109783,-0.022027234390327166,1.5514250238112879,0.0152784928376941,0.028261718291993754
473,2015-12-15,171.99498528490597,173.17971202028292,170.45736367916072,172.2722625732422,154069600,0.010497777359299132,-0.009277660351072692,-0.011620163619777801,1.2905704181929774,0.015802592364309274,0.010367195495851078
474,2015-12-16,173.39810880326252,175.0953755033966,172.07895552796663,174.7928924560547,197017000,0.014631664117958909,0.013099904882814872,0.0022230757110983657,1.599479767413493,0.0172571088735107,-0.014164538162360296
475,2015-12-17,175.1038164735659,175.1710363696927,172.1126016107863,172.12940979003906,173092500,-0.015237934612731818,-0.004906190216888429,-0.01212782450439931,1.3763369126137281,0.017768228930994622,-0.012904194634486776
476,2015-12-18,171.3873100077972,171.5225370211609,168.90233146446238,169.06292724609375,251393500,-0.017814983201800083,-0.00331675779032381,-0.02800668155990338,1.8771660257766052,0.015498404052145991,0.006699274024189128
477,2015-12-21,170.23785582572785,170.63511514052436,169.12214552105874,170.45761108398438,99094300,0.008249495383813255,-0.0001464277447996709,-0.01846151503564253,0.7385398718764572,0.008875928800387697,-0.01413234674083419
478,2015-12-22,171.34500941773533,172.3001233488802,170.3560919647485,172.00428771972656,111026200,0.009073673072774291,-0.0015555310501694786,-0.008509851253340694,0.8134936866355075,0.011302226298564247,-0.04643719261957868
479,2015-12-23,173.01008964567862,174.17651089556458,172.91711385188796,174.13424682617188,110987200,0.012383174481766401,-0.0037681488110187233,0.004279636273399445,0.8096152239221767,0.0072323340562284524,-0.06843942838726258
480,2015-12-24,173.8807402551436,174.39633114107903,173.6271686412562,173.846923828125,48539600,-0.0016500085611171889,0.009978039430803554,0.003209814198327887,0.3545253444252329,0.004424366464967068,-0.06597601102128003
481,2015-12-28,173.15382558359133,173.49191243890718,172.3762154986154,173.4496612548828,65899900,-0.002285128574578299,0.02594734446070235,0.0016771258175343196,0.47635003424629435,0.0064323961904558715,-0.05628344437067467
482,2015-12-29,174.54845073711917,175.6303441554267,174.51464721031633,175.3007049560547,92640700,0.010671936098230805,0.028412306386742303,0.012380636135067569,0.674563283828476,0.006364474948289997,-0.08953713480785619
483,2015-12-30,175.05562110545048,175.14014928136507,173.91455521654785,174.05824279785156,63317700,-0.007087605029966082,0.011941301611456456,0.0060655612118767355,0.46691955374083843,0.007041287129622473,-0.06798443878850335
484,2015-12-31,173.38202988913335,174.02440003081537,172.31703186035156,172.31703186035156,114877900,-0.010003610915009675,-0.010435712669629726,-0.0031644341934586873,0.8451308413435736,0.009908296075152265,-0.07877574090569095
485,2016-01-04,169.46024730418517,169.9166660447881,167.85430180809493,169.90821838378906,222353500,-0.013978963370925745,-0.022656169908591317,-0.01628784918282744,1.602714141241114,0.012138107598978428,-0.06447150700419979
486,2016-01-05,170.22932965082862,170.65194468263027,169.08827680327653,170.19552612304688,110845800,0.0016909584597539773,-0.01876126542013834,-0.012929016140953875,0.823323159193949,0.009187479336109302,-0.07801937863358344
487,2016-01-06,167.64292530886155,169.09672202912697,167.0174633249898,168.04864501953125,152112600,-0.012614204100544257,-0.04136925711931061,-0.023394018270671224,1.1092060744018741,0.012372957270173261,-0.06101013362466767
488,2016-01-07,165.09878489652976,166.88222079288164,163.62807998718796,164.0168914794922,213436100,-0.02399158612418728,-0.057689605254841236,-0.04408320636663954,1.4963307888094228,0.019840278500221187,-0.018191161958993285
489,2016-01-08,164.98050521799036,165.5383603143507,161.92922330250477,162.2165985107422,209817200,-0.010976265630391446,-0.05861540928696429,-0.05172489496760446,1.4469110447120581,0.022248876162983676,-0.02230113798036637
490,2016-01-11,163.13789939462924,163.47599926089094,160.44162550789264,162.377197265625,187941300,0.0009900266455913354,-0.044324054420681214,-0.0478358012561938,1.264737319664386,0.01868719133040904,-0.009942628669201592
491,2016-01-12,163.82255684934236,164.4395714095291,161.55733274642813,163.68731689453125,172330500,0.008068371981831302,-0.0382396022784427,-0.03847932440435187,1.1750427854999472,0.01760819786030263,-0.028555536041684593
492,2016-01-13,164.3549705671791,164.70151796175867,159.22443118474726,159.6047821044922,221168900,-0.024941057544913936,-0.05024653970912818,-0.05945574214280902,1.4883696359509306,0.0343165580930125,0.001482811575184817
493,2016-01-14,160.21335217593364,163.34914831411587,158.61586796094596,162.22499084472656,240795600,0.016416856097199783,-0.010925098132284039,-0.04117645403638026,1.574502531804486,0.029177257637822005,0.009326368044928701
494,2016-01-15,157.86359655845175,159.5455958534582,156.80705915317225,158.7426300048828,324846400,-0.021466241555697763,-0.021415616760262157,-0.05728730014562655,2.0388804404457357,0.017251425783998367,0.03109553964167522
495,2016-01-19,160.55992451092123,160.68670387418427,157.3818509017829,158.9539794921875,195244400,0.0013313971634347777,-0.021081887303656455,-0.05232468360118725,1.2169805096461639,0.020791256582310323,0.011166811683130495
496,2016-01-20,156.3929383469813,158.48065791232142,153.0035699860845,156.91697692871094,286547800,-0.012815046027688015,-0.0413614206296915,-0.0610696236804823,1.7667286223578866,0.03490436811515442,0.030433663489765506
497,2016-01-21,157.39026798387735,159.63856975358786,156.06325082805316,157.7959747314453,195772900,0.005601674337211593,-0.011333039957804436,-0.05221973968717619,1.1721165757651648,0.022657858868830948,0.026300518589653432
498,2016-01-22,160.40775875907423,161.23608060151886,159.6470568686722,161.03323364257812,168319600,0.020515472062214046,-0.007346323127791821,-0.029578226909307115,0.990757654757102,0.009867675739366899,-0.013489112684600402
499,2016-01-25,160.52610746192698,160.7205067839082,158.4045844426672,158.59898376464844,130371700,-0.015116444120675365,-0.000904900216343596,-0.03975268756741612,0.7630367506822365,0.014602378188486457,-0.01183140988939424
500,2016-01-26,159.2582327424634,161.041668532484,158.92014590624152,160.7627410888672,141036800,0.013642945704051002,0.011379152648195223,-0.022781371984828658,0.8037023802729669,0.013196606451676198,-0.025078905178721578
501,2016-01-27,160.23871884423306,161.9122707781583,158.10873544829985,159.0131378173828,185681700,-0.010883139088286753,0.01335840729090898,-0.029156789536286754,1.0231921335055132,0.02391962942223418,-0.015202447729770974
502,2016-01-28,160.55989658220685,160.76274352814337,158.19325000118587,159.84144592285156,143798800,0.0052090545274317,0.012962758998684487,-0.01947223967219336,0.7813841656774304,0.016075264535567846,-0.03304962335932993
503,2016-01-29,160.61061231496032,163.8732007142099,160.4922806278243,163.7379608154297,210529300,0.024377375154994496,0.016796080608148634,0.007619999178934966,1.0999932912360135,0.02064835832538964,-0.0365991841562332
504,2016-02-01,162.73216408290494,164.4648885160024,162.14895320031806,163.67881774902344,136061600,-0.0003612055879510523,0.032029423290083514,0.009940378629666569,0.7069948460806506,0.01414926712896633,-0.019984795170625458
505,2016-02-02,162.2504056883727,162.25885334794796,160.20493711841954,160.72898864746094,182564900,-0.018022057723349527,-0.00020995189045447393,-0.005444332684964692,0.9585411873531509,0.012778754142685709,0.014303650199102291
506,2016-02-03,161.78551123572566,162.09824227403948,158.14257123728788,161.69253540039062,205054900,0.0059948535795437685,0.01685016483408397,0.003156919845309414,1.0506387582417835,0.024464153691179238,0.004129500158634558
507,2016-02-04,161.1938364326577,162.91810014463994,160.5599138640015,161.9460906982422,139531800,0.0015681323644514134,0.013167077933006421,0.0066356075263851455,0.7172300196856617,0.014561551133904869,0.002087475345790235
508,2016-02-05,161.43054563790417,162.00529607260728,158.22711545945455,158.8610382080078,180788300,-0.0190498731826928,-0.02978492331976268,-0.010955823504993356,0.9371628937025731,0.02378292787061918,0.036339232380156794
509,2016-02-08,157.01836981803837,157.31419255920386,154.50803586041826,156.7225341796875,191526700,-0.013461475843562276,-0.04249959564103367,-0.02259820698979309,0.9975572629375883,0.017905253468963496,0.03721294818560428
510,2016-02-09,154.98136821297294,158.0072930610037,154.84612832210112,156.73098754882812,184513100,5.393844085577193e-05,-0.024874175668472165,-0.020821514071045488,0.961886030228133,0.020169366558210146,0.041902748200315365
511,2016-02-10,157.55931048204576,159.190598016285,156.468956676666,156.5957489013672,148214100,-0.0008628711499619746,-0.03152147058862387,-0.019494371232501306,0.7775432458759963,0.01738004612968926,0.055433002304763335
512,2016-02-11,154.11922316074063,155.6068360996528,153.0626857426202,154.55874633789062,219058900,-0.013008032323786667,-0.0456160709313852,-0.030717588894928483,1.1498372302378477,0.0164607336518548,0.06688233439251934
513,2016-02-12,156.33375242808964,157.76218034884897,155.48852239590252,157.7452850341797,127632400,0.02061700661910626,-0.007023453871472185,-0.009342333699277061,0.6904467536021041,0.014413476462727889,0.03713224856463948
514,2016-02-16,159.5540525427347,160.43308596787688,158.59049096834326,160.40773010253906,120250700,0.01687812772205821,0.023514141997132088,0.006851679967987634,0.6886223978671556,0.011486946410598517,0.043893158998337345
515,2016-02-17,161.57420294874984,163.3999032175602,161.44741068450003,163.0279998779297,136009500,0.016335059250047523,0.04017720061350216,0.021991946800992368,0.7923040032878319,0.011976424506968938,0.03172946077494032
516,2016-02-18,163.29845066594467,163.35762296284307,162.04751374504974,162.36024475097656,102343000,-0.004095953624243198,0.036811317612716055,0.016072352239159038,0.6299851523241778,0.008069150300941791,0.04003330313095099
517,2016-02-19,161.58260676907716,162.43628436911968,160.97404017791513,162.28414916992188,114793000,-0.0004686835818177304,0.0499836018023998,0.014171853033919435,0.7246847997058661,0.009010394414265833,0.043906353221968786
518,2016-02-22,163.86476386535287,164.77761396839716,163.79714390618048,164.63392639160156,103640300,0.014479400691310484,0.04366939624172783,0.02770018713433009,0.6679142225071426,0.005955455741755902,0.029828307265737042
519,2016-02-23,163.9746219498688,164.24510174373455,162.4362971409267,162.5546417236328,111455300,-0.012629745967565165,0.013384090777429192,0.013469338043242685,0.722683341864741,0.011127363596808744,0.03161374992126764
520,2016-02-24,161.12621208575905,163.57737412554178,160.01896275957054,163.29844665527344,150812200,0.004575722500162138,0.0016588977203073618,0.0173025552058772,0.9747867059027513,0.021790846384981983,0.03198741684558315
521,2016-02-25,163.7464566851493,165.28478196803928,162.9857546006108,165.2763214111328,110728300,0.012112024311135672,0.017960533778628163,0.027619374067314517,0.7334682848260119,0.013910204122401492,0.020455984642639757
522,2016-02-26,166.1469463751657,166.23990933811643,164.73540025375797,164.89599609375,129833700,-0.0023011482475867595,0.01609428238794508,0.023646158592698363,0.8640194693316102,0.009123987968168048,0.0393147758263821
523,2016-02-29,164.9128312909009,165.85948479522963,163.40832287272696,163.60272216796875,125918100,-0.007842967424424141,-0.006263619207987348,0.015660369411174546,0.8622369442606624,0.014982403043306959,0.04618719424637563
524,2016-03-01,164.82831369073514,167.5330602715892,164.35498690824195,167.4485321044922,141799700,0.023507004563010803,0.03010612510948607,0.03832052587605084,0.9690839359338485,0.01897940413932108,0.020494068338650973
525,2016-03-02,167.13580511906184,168.25150214787573,166.72163772583008,168.20079040527344,102415000,0.004492474740309005,0.030020761681517794,0.04057459066612301,0.7196312149130157,0.009095465118561559,0.021809079698857037
526,2016-03-03,168.02327923672547,168.87696985804945,167.4485289821829,168.8600616455078,95172200,0.0039195490023911095,0.021683325256618424,0.042342201134151436,0.6955922927933678,0.00845931750792155,0.024276791404766795
527,2016-03-04,169.05445926898167,170.18707734864023,168.22613742329827,169.40945434570312,129293600,0.003253538432010483,0.027371545452122614,0.043330191729607836,0.9485268146874579,0.011575150471474841,0.024966993676512672
528,2016-03-07,168.48814026472485,169.9503974086945,168.41207266223464,169.544677734375,100219000,0.000798204499236066,0.03631941747464151,0.040739128521571244,0.75761951185291,0.009073270638845717,0.025602900835907327
529,2016-03-08,168.47122635698474,168.9783565481332,167.53302067159788,167.693603515625,123974900,-0.010917914047706478,0.0014635626126593415,0.02592188217838176,0.9617625850585534,0.008618908808889983,0.03636652991164313
530,2016-03-09,168.505033929405,168.86847659694155,167.71896341330543,168.52194213867188,94801200,0.004939595820479203,0.001909335459272521,0.027284357564867356,0.7619557114026394,0.006821148445406684,0.024466659314427153
531,2016-03-10,169.01221930118146,169.95042524378096,166.8315240589992,168.65721130371094,156838700,0.0008026798369540344,-0.0012012925958935217,0.024343203639886957,1.2562222423264302,0.01849254568288432,0.023191462970768795
532,2016-03-11,170.11100010344728,171.42110929799443,168.64030802842734,171.37884521484375,137964500,0.01613707406931919,0.011625035195035993,0.03558348862190264,1.142139727661211,0.016226047421903374,0.007537294270285155
533,2016-03-14,170.8716977748675,171.6154913955506,170.54205859484566,171.15907287597656,73612000,-0.001282377288700176,0.009521945266431908,0.030080824349630886,0.6233353002735242,0.006271550684799333,0.018162657468551835
534,2016-03-15,170.19559918278713,171.18451723405266,169.9335798141432,170.88023376464844,93169100,-0.001629122585456999,0.019002694093376737,0.025172055699100637,0.7980929189748831,0.007320550729304159,0.024298659669730993
535,2016-03-16,170.39840264831153,172.27481460482147,170.35613856156,171.8690948486328,129303200,0.005786866404609015,0.019861821359776766,0.028377285951534992,1.1108107214206342,0.011163589620061046,0.01593396364026356
536,2016-03-17,171.7845727975683,173.466572468125,171.38731361270996,172.95944213867188,134278500,0.006344056742716653,0.02550872744607191,0.03163006012727876,1.1379425408020474,0.012021655653514325,0.016406515354558948
537,2016-03-18,173.4606796292937,173.97892972183823,173.14633567541978,173.63909912109375,138372400,0.0039295743211114065,0.013188640076413849,0.03218855048806102,1.1610361612817979,0.004794968705969898,0.009149433214418856
538,2016-03-21,173.3757672903841,174.11490614258017,173.14637445346796,173.88551330566406,72926700,0.0014191169259549774,0.015929277857581692,0.030818823039734378,0.6198908804978119,0.005569938925330031,-0.0023455212863801034
539,2016-03-22,173.11236372451606,174.36126141225773,172.9509525979609,173.7920379638672,97471900,-0.0005375683115853569,0.01704002935312654,0.02684442619525851,0.8334832254188702,0.008114921896422211,0.009092653100823744
540,2016-03-23,173.40973655074222,173.59664730283123,172.47518279029714,172.64511108398438,81052500,-0.006599421315959697,0.004515158679546216,0.017258968683948606,0.7143879554292074,0.006495779147713864,0.003641354831467991
541,2016-03-24,171.6170826624935,172.60260961481538,171.396194054714,172.56861877441406,84360900,-0.0004430609652948947,-0.0022596243340359257,0.01462845088025877,0.7522894153847964,0.006990932468889067,0.00679404855600052
542,2016-03-28,172.984921975653,173.19731935478111,172.22029659627466,172.6705780029297,62408200,0.0005908329639521259,-0.00557778244108853,0.012912855659815703,0.5737755672954675,0.005658304789423206,0.0038378814540895867
543,2016-03-29,172.26274495323278,174.37822726148767,171.95689224557793,174.2677764892578,92922900,0.00924997474845446,0.0021983613029441518,0.019094399382719063,0.8674828300099923,0.013894335858809725,0.0039003352913666856
544,2016-03-30,175.27027838042338,175.75453754913232,174.66706426238844,175.0323944091797,86365300,0.004387603579534938,0.0071370153652861035,0.021301077037815697,0.8276808719364641,0.006212982976177885,0.009611083606785531
545,2016-03-31,174.93899016812185,175.36378494996057,174.44622666554395,174.60765075683594,94584100,-0.002426657384065778,0.011367478989294133,0.0169219213409455,0.9098597762734671,0.005254971820762017,0.01211534964297667
546,2016-04-01,173.61366503542266,175.9840146579442,173.2993080226713,175.79710388183594,114423500,0.006812147805919766,0.01870841367538678,0.021785255274501703,1.0906081088454982,0.015271620385040196,0.004155961975304434
547,2016-04-04,175.7205618265666,175.9244679317104,174.92194578605054,175.22779846191406,63497000,-0.003238423201240792,0.014809821618486652,0.016757050081437797,0.6248024337942576,0.0057212505918560995,0.01449720730957682
548,2016-04-05,173.88546041373525,175.2363044443393,173.22278172084626,173.4776611328125,99662200,-0.009987783584931353,-0.0045339154051466934,0.005454622403658238,0.9809321375989258,0.011606812717814568,0.02796412218735944
549,2016-04-06,173.4776876606398,175.43174616625078,173.29926815586828,175.3722686767578,91839800,0.01092133437569709,0.0019417792273559442,0.014178748883489467,0.9184647723889526,0.012159721867503661,0.017827763676198982
550,2016-04-07,174.28478675657163,174.64161278528653,172.5431257163603,173.27377319335938,113859000,-0.011965948203968013,-0.00763928474894926,0.0006682271705198417,1.1279241238995807,0.012110817639923452,0.024613783246607124
551,2016-04-08,174.45471044132043,174.88800939705797,173.20581279897237,173.74105834960938,95040600,0.0026968025664710904,-0.011695559749428819,0.001896069710983772,0.9712319816987695,0.009682205312118029,0.021858033878275007
552,2016-04-11,174.37825875022577,175.07492841823893,173.23981184092958,173.33326721191406,83757500,-0.0023471201428665323,-0.010811819052853,-0.001018445812591029,0.8803108800938437,0.01058721506164059,0.022497420456709216
553,2016-04-12,173.5031796002762,175.22784535626184,173.06138940275196,174.94747924804688,115350600,0.009312765299458015,0.008472665043074867,0.0071852937969447694,1.1863404026409126,0.012383464813678179,0.014568842944110427
554,2016-04-13,175.8650557444646,176.7996095353536,175.72911829056997,176.7146453857422,96336400,0.010101123750344332,0.007654441144617996,0.015653251645767474,0.9891749373091835,0.0060577392578125,0.006490017287543726
555,2016-04-14,176.7740697487607,177.2243510861963,176.37476170028683,176.72308349609375,65212900,4.774992097078545e-05,0.019906707398154477,0.014286924718140526,0.6923831525326788,0.0048074613067072645,-0.0026921725988290346
556,2016-04-15,176.72311192128882,176.85904935618856,176.20486179397741,176.5277099609375,75761600,-0.0011055348927326847,0.01603910807151121,0.012129186686590465,0.8301704026833135,0.0037058633024577804,-0.006978611659515299
557,2016-04-18,176.52770580484832,177.80209005868852,175.86502702994795,177.7681121826172,82531000,0.007026671461121792,0.025585653821901255,0.018036043144879388,0.9328885634990097,0.010896571972090619,-0.006069589640908646
558,2016-04-19,178.1928871925741,178.58369106078013,177.51321307308314,178.3288116455078,88316100,0.0031541059642610225,0.01932770001599593,0.019949369324549826,0.9896725262977418,0.0060028325082149185,-0.01781789733632122
559,2016-04-20,178.37131783136135,179.1954207060925,177.89554977248713,178.49876403808594,81100300,0.000953028234809139,0.010096042964912622,0.0195490937379883,0.917225821745342,0.00728224052760402,-0.02422685061114649
560,2016-04-21,178.5157189044119,178.62616967376115,177.2668214610352,177.5386962890625,85695000,-0.005378568048900245,0.004615202365381821,0.012650141444022767,0.9666530909971992,0.0076566305889321,-0.019141352051743832
561,2016-04-22,177.18187030005564,177.8105581533845,176.63813360770632,177.5386962890625,99251700,0.0,0.00572706873243134,0.01121681916240358,1.1102503322723773,0.006603769038437012,-0.01555214979128805
562,2016-04-25,176.93545717274523,177.27530065986903,176.32375185962587,177.23281860351562,66166500,-0.0017228789663344957,-0.0030111900977587425,0.008164736666173456,0.7385997675916489,0.005368919863379549,-0.013038252692823882
563,2016-04-26,177.59820820254464,178.00602055342202,177.02049348436483,177.4962615966797,75864200,0.0014864233116633763,-0.004668623320852494,0.008737033661028404,0.8549931920456225,0.005552382118878496,-0.0022498376301698375
564,2016-04-27,177.11388375120296,178.2523303105472,176.75705779814152,177.8615264892578,77329400,0.002057873722479231,-0.0035699829758606416,0.010000928739334558,0.8759662692031862,0.00840694748279913,-0.013613029071835925
565,2016-04-28,177.10540802449896,178.20986384856798,175.83102395330687,176.247314453125,97216200,-0.009075667278894639,-0.007273804882710788,0.0003687765918842789,1.099599227807307,0.013497169603079477,-0.004290274120422377
566,2016-04-29,175.62713099075808,175.975465774266,174.19132275546949,175.29579162597656,142424100,-0.005398793338218577,-0.012633328451585046,-0.004890432604357842,1.5858271971333453,0.010177899892789784,-0.007609034847541163
567,2016-05-02,175.79706110583365,176.86753922912456,175.36377511958173,176.6891326904297,62188000,0.007948514060315048,-0.0030676367806473648,0.0026033488504602076,0.6929399141379833,0.008510790033575615,-0.005721922856938844
568,2016-05-03,175.45721991339903,175.69510392646424,174.40372431003428,175.1513671875,106422100,-0.008703226279478948,-0.013210950969254398,-0.006594266776248858,1.181376317324605,0.007372934834402627,-0.006354367037439745
569,2016-05-04,174.15731869499416,174.8879660258948,173.67304656190348,174.17430114746094,92243800,-0.005578409439380039,-0.020730876511506624,-0.011800173988539275,1.0237554985469464,0.006975308389282621,-0.00048744218742047263
570,2016-05-05,174.64162030796456,174.9984463520497,173.71557083900257,174.14036560058594,67619200,-0.00019483670467701497,-0.011954501883201352,-0.012235539705669929,0.7702261361482496,0.007366904902391157,-0.0037567701205252213
571,2016-05-06,173.36726592760976,174.8200699668526,173.21434600964184,174.777587890625,89315000,0.0036592451603127962,-0.0029561675756439865,-0.008912419158753404,1.0206835991693282,0.009187241777335953,-0.001118190110477979
572,2016-05-09,174.650150382527,175.35529838319349,174.47173085218958,174.92201232910156,74374900,0.0008263327135911158,-0.010001296256426984,-0.00854005824561388,0.8545308002038238,0.005051208359880656,-0.0033027762703611296
573,2016-05-10,175.62713766324902,177.1139192474971,175.55916894946716,177.096923828125,77472200,0.012433606668847963,0.011107858715954322,0.0031762760494562503,0.9099172288938847,0.008779092625792025,-0.002782558737449814
574,2016-05-11,176.6382170785286,177.17344983311182,175.44029235839844,175.44029235839844,81727000,-0.00935437744437817,0.007268530446783217,-0.005848992067032599,0.9681967730486204,0.009878902112023372,0.013462136409554848
575,2016-05-12,176.11136172533998,176.28128995768517,174.4801518117173,175.4911651611328,89586300,0.00028997217258641683,0.007756958335812358,-0.005213495867354867,1.046199455496032,0.010263412088660478,0.013458929488585625
576,2016-05-13,175.19387511574035,175.74610316393924,173.63912460988232,173.9619598388672,96474600,-0.008713859303752014,-0.004666662708883607,-0.013164290113661714,1.113178565774674,0.012111720033555142,0.026763014536473007
577,2016-05-16,174.13188481970954,176.15389919084058,174.07240732693987,175.67813110351562,77486800,0.00986520999325391,0.004322605053225015,-0.0028378380520219793,0.8966960898663371,0.011848326543696108,0.014798438181009343
578,2016-05-17,175.40623054490612,175.69508782519827,173.51163687801912,174.03839111328125,114924900,-0.009333774101161096,-0.01727038871557196,-0.010940809020324349,1.3097733853588578,0.012545800574299434,0.026458690243017058
579,2016-05-18,173.69009311162262,175.27033022442657,173.00192763670458,174.0894012451172,120062100,0.00029309700870960853,-0.007700004914045544,-0.009409789246585865,1.338601349950163,0.013030101611574228,0.02928130409322427
580,2016-05-19,173.36721827580124,173.77501757533724,172.27974483456785,173.4861602783203,115430500,-0.0034651217275859514,-0.011425104397543517,-0.011702826394788701,1.2659771619498903,0.008618974207340566,0.029774691064030634
581,2016-05-20,174.0978810763577,175.10040344068355,174.04690777987975,174.5821533203125,104990400,0.006317466708779085,0.003565109763190577,-0.0046210577204055525,1.1478637232166606,0.006034383473727214,0.028517274435262197
582,2016-05-23,174.59915056158883,174.8795166796659,174.1573733122325,174.3442840576172,58682600,-0.0013625061793051119,-0.0075925616781094,-0.005158067091071361,0.6442144601185739,0.004142053588603744,0.03152822110819642
583,2016-05-24,175.15984187421589,176.91849812298545,175.1343552297733,176.60414123535156,93537800,0.012962037671321314,0.014742437606196201,0.00799367665157713,1.0169872061979184,0.010102497488065834,0.02164830974857379
584,2016-05-25,177.28384338070174,178.21839703711953,176.60416917273494,177.80209350585938,76621400,0.0067832626241270955,0.02132635435694752,0.014848375446201434,0.8333848615066816,0.009078789976853633,0.013379002746034763
585,2016-05-26,177.93805252659968,178.16744535440486,177.53874436711646,177.85308837890625,55280700,0.00028680693259208745,0.02517162229874792,0.014674449060157135,0.6153018558328608,0.0035349455723196893,0.003486853732654449
586,2016-05-27,178.01449203239846,178.62619752713854,177.96351873512137,178.61770629882812,64211200,0.004299154582533271,0.023115495494613558,0.018071969171767455,0.7472276956672135,0.0037100397589279912,-0.008514175342498542
587,2016-05-31,178.8895986653022,179.00004947068078,177.7171607734667,178.27789306640625,109879400,-0.0019024610687440324,0.022562305555650308,0.01567525458862118,1.244145743162327,0.007196005489790126,-0.008577992094915832
588,2016-06-01,177.66618312028115,178.8216255606227,177.47078113099295,178.64321899414062,69936200,0.0020491936574451586,0.011546035922632703,0.016745234190989278,0.8085778188601717,0.0075616888076454345,-0.011984647187860298
589,2016-06-02,178.2439208610232,179.20394840243617,177.76815270533007,179.1869659423828,63044700,0.0030437592386869383,0.007788842129003326,0.018387257550196212,0.7414154251716351,0.008012835585194174,-0.012043142936288942
590,2016-06-03,178.62617045971564,178.99999186804536,177.4452417181497,178.6516571044922,101757100,-0.002987431787101924,0.004490046998141706,0.01404492119446532,1.1731305782501895,0.00870269089631948,-0.012773362748828454
591,2016-06-06,179.00851950026603,179.91758656119194,178.8470954080487,179.56076049804688,64887000,0.005088692757117652,0.005279735244394068,0.017823400539707768,0.7587490830919525,0.005961720980541823,-0.011446082809427272
592,2016-06-07,179.71361599020778,180.4017812199065,179.68812934938217,179.84104919433594,60974800,0.0015609685296031905,0.008768087288015147,0.017992950820855835,0.7186324171049338,0.003968236805342252,-0.010185080463255614
593,2016-06-08,179.97704097875845,180.55476859404234,179.84960773611868,180.4273223876953,66170900,0.0032599520297829088,0.009986963981057695,0.020349788984415085,0.7851007767610483,0.003908282008466744,-0.015010548028095982
594,2016-06-09,179.69663605830496,180.29985019179415,179.424774211506,180.180908203125,73786900,-0.0013657254417422937,0.005546956250499724,0.017592236902175262,0.8796059285713052,0.004856652067163805,-0.0008187436400861614
595,2016-06-10,178.80457540285207,179.14440594805325,177.92948646973554,178.47323608398438,113829200,-0.009477541966963043,-0.0009987090150720412,0.007099905799173856,1.3376176255128471,0.006807292258352982,-0.027481395592600877
596,2016-06-13,177.8700533632236,178.72813406776956,177.01197265867765,177.096923828125,117751200,-0.007711589065442448,-0.013721464885133816,-0.0015495727263500347,1.3666210589342507,0.009690520715975103,-0.037476529834337136
597,2016-06-14,176.71464882670367,177.34334984042636,175.7970904406122,176.74862670898438,125059300,-0.0019667033825988556,-0.017195309409087645,-0.0038138437236374667,1.4124464378982304,0.008748353119371359,-0.0181856826468364
598,2016-06-15,176.74861832704423,177.87008284476488,176.31533228903874,176.5022430419922,109124500,-0.0013939778293036165,-0.02175435124658709,-0.005892748605610398,1.2365257032237464,0.008808673073668808,-7.365622134425376e-05
599,2016-06-16,176.5022502631861,177.19892000064414,174.66713350295012,177.02899169921875,149533100,0.002984373728900591,-0.01749306591546851,-0.0037506836146071754,1.6665814984979845,0.014301535999231403,0.010554939366158811
600,2016-06-17,176.92477447777986,176.95039366641055,175.71208510180838,176.3696746826172,117055700,-0.003724344867318541,-0.01178642494260207,-0.008265717203849499,1.3034327830286505,0.007021096834422015,0.016463378708927667
601,2016-06-20,178.3338816172478,179.00854191906885,177.4200871876243,177.5054931640625,82789600,0.006439987392896418,0.002307038016843288,-0.002698646196632848,0.9334120218840458,0.008948763799531547,0.0026939740393707723
602,2016-06-21,177.88979308996412,178.419273654042,177.44570547076717,178.0093536376953,72461700,0.00283856270953331,0.007132881042333228,-0.0008964167992978611,0.8106730218241125,0.005469196777470195,0.0058533239396705294
603,2016-06-22,178.18870321431743,178.91461497918837,177.57381662154108,177.71900939941406,95560500,-0.001631061696185876,0.006893772772804896,-0.0028379965132612206,1.067885050531227,0.0075444847581493885,0.006871644895811269
604,2016-06-23,179.1793784115064,180.08462461462645,178.71821992296182,180.03338623046875,102731400,0.013022674607943818,0.016971200606252124,0.009515786104528967,1.1315120602749682,0.007589729440046368,0.008728273394928987
605,2016-06-24,173.90160498686507,180.06754207953452,173.1244547948989,173.56854248046875,333444400,-0.035909138217975145,-0.015882164590875214,-0.025564511205381724,3.1847773015786904,0.04000199106019982,0.0499895032856299
606,2016-06-27,172.15941269714784,172.16796111424463,169.64862792193355,170.45994567871094,230775800,-0.017909909003860025,-0.03969199690535541,-0.04082010311649498,2.041763755724594,0.014779619823765583,0.07690356945315857
607,2016-06-28,172.06543824079276,173.55995145950746,171.75799500026946,173.53433227539062,159382400,0.01803582996837516,-0.02513924842069115,-0.022215543215910905,1.3799005080568596,0.010383861427365169,0.05767701133921399
608,2016-06-29,174.93494221304724,176.71981526094208,174.83246545427784,176.48924255371094,137328600,0.01702781368721329,-0.00691972597562307,-0.004962190598844729,1.1552602100200855,0.010693851814168617,0.045775266787874136
609,2016-06-30,176.95893395597878,178.94876034756433,176.40382115518798,178.89752197265625,165021900,0.013645474274231795,-0.006309186765828145,0.008697875476578298,1.3311298663480984,0.014225681632221439,0.030313211240859506
610,2016-07-01,178.89754991350944,179.76010612958862,178.73528634687574,179.2733154296875,106055300,0.002100607391804399,0.03286755115697715,0.010639630728793259,0.854002227783584,0.005716521615370163,0.0309167122313867
611,2016-07-05,178.4448466245549,178.55587175837994,177.38588577066312,177.9836883544922,109803700,-0.0071936365549122305,0.04413789201811835,0.003815683918953372,0.8684799806884402,0.006573557377834193,0.037330790883221
612,2016-07-06,177.48846402279167,179.1708606339886,176.83087428884568,179.05130004882812,96021500,0.00599836818871613,0.03179179417178579,0.010061887358759458,0.7490889295560036,0.013068803993630917,0.03543771570299947
613,2016-07-07,179.23059081212514,179.89671577185584,178.1716296100524,178.9402313232422,85593800,-0.0006203178952380872,0.01388746834688992,0.009858911142609728,0.6627188422640069,0.009640571877249855,0.03216714688215516
614,2016-07-08,180.23836208364483,181.8524364233916,180.00777631193074,181.60476684570312,133971000,0.014890645344297404,0.015132936684615794,0.024484743349254767,1.0136668080810969,0.010157553369885565,0.02158465422861533
615,2016-07-11,182.06581347432794,182.81734404806897,181.86084703663943,182.24514770507812,73633900,0.0035262337575041602,0.01657710333669926,0.027004663243867633,0.5657402312697022,0.005248408659842172,0.0152301421562544
616,2016-07-12,183.2102423357317,183.8678318111423,182.27082879943083,183.5689239501953,101275600,0.007263711883618518,0.031380603735882584,0.03258153357112681,0.7830717703545359,0.008699745999190838,0.008373971447103168
617,2016-07-13,183.98736143478936,183.9958968178229,183.05649647048625,183.54327392578125,87324100,-0.00013972966590480862,0.025087636201067243,0.030468020464236245,0.6851935657444411,0.005118140955230646,0.0074451153957553196
618,2016-07-14,184.80720575874324,185.03779141744846,184.1752485897933,184.56808471679688,91230900,0.005583483224942398,0.03145102334973737,0.03388070353080508,0.7209093941674872,0.004673304320075932,0.0030081381603976887
619,2016-07-15,185.1317850417746,185.32820316074802,183.87639270145345,184.3204803466797,107155400,-0.001341534049600801,0.014953976969579896,0.030389447503599953,0.861164183868857,0.007876555315849446,0.005976840178922638
620,2016-07-18,184.44009136414098,184.9781205232326,184.18388638213892,184.81585693359375,58725900,0.002687582985799075,0.01410577598848195,0.03072537342874515,0.4832835820158554,0.004297435048438828,0.0024488750580824448
621,2016-07-19,184.3973744355783,184.66211478557312,184.14971789139383,184.62796020507812,54345700,-0.0010166699526390488,0.005769147806140351,0.027636462668055195,0.4525332312450832,0.0027752941299364273,-0.0029605501853009475
622,2016-07-20,184.62786764470582,185.63559015317338,184.62786764470582,185.39646911621094,58159500,0.0041624730635554386,0.010096775276979386,0.02979688576135664,0.4871915723510207,0.00543550000316296,-0.004191555605559505
623,2016-07-21,185.28549535864153,185.50753264431123,184.25214042488253,184.69622802734375,67777300,-0.0037769925835440255,0.0006942874806523669,0.02392322183930662,0.5744427786899005,0.006797064741586614,0.0006477062770999797
624,2016-07-22,184.81581496856785,185.57588132287663,184.55107465869187,185.52464294433594,62787500,0.004485283353320879,0.0065329831790335025,0.02695265443622774,0.5413149035815024,0.005523830408299076,0.004326916473462283
625,2016-07-25,185.31967512617993,185.37091350436867,184.4400482176101,185.02076721191406,55873100,-0.0027159504226781372,0.0011087267170692972,0.020927538531549272,0.547173893957472,0.005031139481182703,0.006461990375506321
626,2016-07-26,184.91824218619834,185.46480646274765,184.26065276513864,185.1061248779297,70080500,0.00046134100134742617,0.002589882227591378,0.017287863895570466,0.744924018929949,0.006505207206963542,0.006597662292378015
627,2016-07-27,185.48195844957993,185.55028063815573,184.14115993213971,184.90977478027344,84083900,-0.0010607433859129989,-0.002625154288307563,0.013042213773966749,0.9310332666740152,0.007620585270251162,0.005172530317297586
628,2016-07-28,184.71335785254297,185.41365056613026,184.25219933298322,185.123291015625,65035700,0.0011547049668156895,0.0023122453167696566,0.01181891113266964,0.750142362304192,0.006273933586503729,0.008672594673366119
629,2016-07-29,184.85849926135842,185.78081604403943,184.5766751767694,185.42213439941406,79519400,0.0016142938154866115,-0.0005525333092953888,0.011648452195121894,0.9647756561194287,0.006494051377254656,0.006171665572866525
630,2016-08-01,185.48194981866922,185.87478609579406,184.81582479995802,185.26844787597656,73311400,-0.0008288466958666918,0.001338664128329059,0.0091595224463914,0.9074822718782791,0.0057158210584510195,0.009910265840525678
631,2016-08-02,185.02076050196183,185.1744886620766,183.24443597726173,184.08135986328125,92295500,-0.0064073943853082405,-0.005536094579929429,0.0010310225657146344,1.1549919609641237,0.010484780676589677,0.011180826587895432
632,2016-08-03,184.0215667516337,184.67915629791753,183.72267188959395,184.61936950683594,53993600,0.00292267312646044,-0.0015705241855525909,0.0024390634820434798,0.6939276765826334,0.005180845384092592,0.01013082253683395
633,2016-08-04,184.7304509292175,185.1318356937578,182.97119670053107,184.81585693359375,46585500,0.0010642839225520895,-0.001660699095962448,0.0019077379521281745,0.6141123439804256,0.011690766306935885,0.01132100053401186
634,2016-08-05,184.81580834088703,186.37009556908544,184.81580834088703,186.327392578125,71892200,0.008178603663182127,0.004882147331779274,0.00881057137704877,0.9881501210993215,0.00834170009407881,0.001649967177543843
635,2016-08-08,186.51526448603158,186.61775426461165,185.9516293438926,186.21636962890625,39906500,-0.0005958487782316002,0.005116477002950148,0.007126765150151648,0.5615258971834847,0.003577155553222934,0.0022014317418499463
636,2016-08-09,186.28470261828784,186.8227186047949,186.00287851529686,186.327392578125,51251700,0.0005962040256719536,0.01220130444772849,0.006976073689511031,0.7474714608454985,0.0043999976501269385,0.0036209523884396244
637,2016-08-10,186.43840976350796,186.5152673252711,185.51607992898232,185.86622619628906,57941100,-0.002475032658671328,0.006753661291249102,0.003853655200309891,0.8635344192189246,0.0053758416294177646,0.000964868935694474
638,2016-08-11,186.39572778023904,186.97645982940347,186.13098746136046,186.72879028320312,72504300,0.00464077904074478,0.010350482806768646,0.007924201665491015,1.0958720042997956,0.0045278093793716286,-0.004345020019680512
639,2016-08-12,186.4213050497497,186.77999969331964,186.16511320594435,186.56649780273438,61313500,-0.0008691347500436875,0.001283253209852786,0.00643809971299536,0.9599855579818689,0.003295803344207253,-0.005355684412515327
640,2016-08-15,186.93370854575915,187.45465366260393,186.92517316162494,187.10450744628906,49813500,0.002883741989537336,0.004769386381834773,0.008717716588143132,0.785409903605237,0.0028298650214559147,-0.003331653085638542
641,2016-08-16,186.68610608441162,186.754415239482,186.13954162597656,186.13954162597656,53213600,-0.005157362767380214,-0.001008176787906656,0.0031066657002487563,0.8397687975114478,0.0033032939059286347,0.0001834600516557039
642,2016-08-17,186.17373679835563,186.62635997835685,185.33681263944567,186.48971557617188,75134300,0.0018812442919782235,0.003354506047937633,0.004697795077093447,1.1700299794263724,0.0069148442579100855,-0.0045339512460940146
643,2016-08-18,186.4640696208249,186.94231192871393,186.35305746221707,186.9081573486328,52989300,0.0022437793481968615,0.0009605753090224933,0.006352500994494026,0.8347886664165471,0.003152641783299772,-0.0067166764101497245
644,2016-08-19,186.43840854877823,186.81417400089106,185.95163096299396,186.63482666015625,75443000,-0.001462379664718072,0.0003662439839231535,0.004580589513446087,1.1767911815299799,0.004621554579776817,-0.0007775134286625018
645,2016-08-22,186.3957265150266,186.85689799669217,186.02850943807448,186.62631225585938,61368800,-4.562066174484958e-05,-0.0025557652082056626,0.004100887561894195,0.9531704876679895,0.004438755439168686,0.002288005094049028
646,2016-08-23,187.24119631915949,187.54010423953017,186.9422883987888,187.0020751953125,53399200,0.0020134510236582415,0.004633800866820081,0.005609697662655844,0.8402732974769394,0.003196840677393439,0.000182695452311199
647,2016-08-24,186.8568673660783,186.95080872426826,185.6270943247268,186.04556274414062,71728900,-0.005114983083331359,-0.0023816478600925395,0.00016058520755590777,1.1397833059625422,0.007115001185821797,0.003029604151080223
648,2016-08-25,185.6612450676521,186.33591836195825,185.50752995621323,185.91744995117188,69224800,-0.000688609774289195,-0.005300503795631628,-0.0007414424512280915,1.0963438391276863,0.00445567861415149,-0.020302954149303498
649,2016-08-26,186.10533547897305,187.13014199743318,184.67914434418842,185.5673065185547,122506300,-0.0018833274268184041,-0.005719833541814823,-0.0026622827784312797,1.8763165129570223,0.01320813293692818,-0.004371804782351663
650,2016-08-29,185.69545453958983,186.7458804646386,185.66128693081814,186.48114013671875,70502200,0.004924539970475372,-0.000777875945711215,0.0019226373568210775,1.0821454790984366,0.005816103081658994,-0.023493383807257295
651,2016-08-30,186.3957281212393,186.6775522444359,185.61859096698421,186.17369079589844,58114500,-0.0016486886587828709,-0.004429813939491711,-0.00029113945649617,0.9160351909338611,0.005688028598050527,-0.02224770448580815
652,2016-08-31,185.8405984014118,185.96015894676873,184.86703023747037,185.64418029785156,85269500,-0.0028441746832390535,-0.0021574416522960327,-0.0034086978124125977,1.3117348344865372,0.0058883004441319725,-0.009660640961561495
653,2016-09-01,185.63567193253297,185.94311526279898,184.49130460420253,185.6527557373047,97844200,4.6192880592155205e-05,-0.0014237190427079938,-0.0035864923977902974,1.4480833920518967,0.007820032904067114,-0.013534135414010051
654,2016-09-02,186.50679938422687,186.91671955965435,185.91753180204066,186.48971557617188,79293900,0.00450820046028011,0.004970751987096067,0.0008619418499866693,1.167148268892495,0.0053578705642112374,-0.017777674137749
655,2016-09-06,186.77149009111085,187.1301717780979,186.0541267171368,187.05331420898438,56702100,0.0030221432376109636,0.003068267771454636,0.0036612800069519835,0.8244228327006329,0.005752611577675051,-0.020690975554882307
656,2016-09-07,186.89105986483438,187.2155869919185,186.42990139629998,187.03623962402344,76554900,-9.128191624485638e-05,0.004633032865372089,0.0033788503181255702,1.0929685502903606,0.004200713173008082,-0.009587760482123509
657,2016-09-08,186.70314851618755,186.9764372194823,186.30176387767503,186.6092071533203,74102900,-0.0022831536367580174,0.005198260747632633,0.0008885145502579572,1.0458949980864822,0.003615434372715374,-0.0010659365486469508
658,2016-09-09,185.29406725152649,185.34530563284395,182.11715729859907,182.1427764892578,221589100,-0.02393467467225685,-0.018906152155443556,-0.02186445020898109,2.82980521464509,0.01772317517316018,0.01782195038933443
659,2016-09-12,181.38271431036313,185.1574271849525,181.31439212331006,184.75604248046875,168110900,0.014347349049909086,-0.009296346934450694,-0.007348248613100794,2.009807007076728,0.02080059201337732,-0.0047046738351586015
660,2016-09-13,183.4750201242403,183.73976043922337,181.47664513586105,182.10006713867188,182828800,-0.014375580393142795,-0.026480402612800047,-0.02030110079370595,2.0247705160114404,0.012427866386446364,0.016080796976062794
661,2016-09-14,182.1513141082867,183.35546820850354,181.4766536941304,182.03175354003906,134185500,-0.00037514318202191976,-0.026756772345532087,-0.019585274196102898,1.4222904307615518,0.010321355905412897,0.02150745123508835
662,2016-09-15,181.8694478480362,184.23503930455087,181.69010053449708,183.85073852539062,134427900,0.009992679573629815,-0.01478206070327115,-0.009084089281913066,1.381449169290901,0.013842417987906653,0.002250506729194468
663,2016-09-16,183.2345221168254,183.41477544560047,182.4534592840012,183.14010620117188,155236400,-0.0038652677161838955,0.005475538097844179,-0.011910890230807714,1.515659427217028,0.005249075047184315,0.013731902381799443
664,2016-09-19,183.79235460148155,184.43609561305325,182.84819587906532,183.1743621826172,80250500,0.00018704795009605313,-0.008560912415185418,-0.010802648659223979,0.7816957510059825,0.008668788115690936,0.011105571528712277
665,2016-09-20,184.03274177633838,184.18723338147768,183.14867155506735,183.18299865722656,69665300,4.714892688295613e-05,0.005946903455724906,-0.009835406392437962,0.6758576049393807,0.005669531747068378,0.0059039168498737915
666,2016-09-21,183.88683120645484,185.4232211655108,183.2001712812714,185.24298095703125,110284400,0.01124548847275575,0.017641028856461904,0.001775746624115504,1.0411933782818634,0.012000723982924122,-0.0008803892954941661
667,2016-09-22,186.25580196538942,186.71071140169641,186.00689444431455,186.41029357910156,76678700,0.006301521472174221,0.013921918803483369,0.007989048693717304,0.7222349273759182,0.003775633543987753,-0.006446400528461904
668,2016-09-23,186.01548721421128,186.15282183490012,185.2945001010202,185.388916015625,73630900,-0.005479190788587829,0.01227917718898186,0.0026093561305799984,0.6920916454242497,0.004629843856509694,-0.004398399031807387
669,2016-09-26,184.55631536636452,184.73655556931107,183.68940216236516,183.88682556152344,89827300,-0.008102374653158662,0.003889536561868523,-0.005062046888562155,0.8574989669943662,0.005694553722096644,0.008961840917677266
670,2016-09-27,183.72372893489282,185.12278414433544,183.35464386091715,185.02838134765625,78494800,0.006207925894891719,0.010073984507059874,0.0015080616785394518,0.7464702574898632,0.009556049026317051,-0.00992691748817831
671,2016-09-28,185.2515541956856,186.1012973023667,184.2902381859078,185.94679260253906,87411000,0.004963623678667872,0.0037993971046659247,0.0065409793646737935,0.8198410327571564,0.00973966311067289,-0.013524550580086059
672,2016-09-29,185.7408102180015,186.1442224638383,183.71517048673903,184.26449584960938,128070600,-0.00904719425048428,-0.01151115471303965,-0.002192795547477311,1.177557768399185,0.013182420009342385,-0.0077790929713402734
673,2016-09-30,185.09705135284455,186.35878517681044,184.84814384672578,185.65496826171875,117202900,0.0075460679806935715,0.001435103305050589,0.00533612320237653,1.0681275349174282,0.008136821460953892,-0.01470187926704547
674,2016-10-03,185.24295835945435,185.431777046321,184.57345551878453,185.2086181640625,83512100,-0.0024041915055407204,0.007188076679788269,0.0032670979840883074,0.7596266452971142,0.0046343498269402995,-0.01575668537841024
675,2016-10-04,185.32024096800765,185.54339989459726,183.6722648793966,184.26449584960938,119948100,-0.005097615455544324,-0.004128477439423683,-0.0010926517705345251,1.0605429765434593,0.010154615009110649,-0.004518233667258564
676,2016-10-05,184.89106321546933,185.50905582931773,184.8223959142697,185.07989501953125,72816000,0.004425156165664079,-0.00466207333223978,0.0038599883418988234,0.6448818591153306,0.003710072965924134,-0.006260905324552035
677,2016-10-06,184.85670319450523,185.431777046321,184.3159695380813,185.2086181640625,62927400,0.0006955004189821423,0.005123734282613368,0.004939884401749861,0.5600768920420315,0.00602459820336917,-0.008805196842401553
678,2016-10-07,185.4833336346254,185.65499536358874,183.84393596458239,184.57350158691406,89788300,-0.0034291955927548967,-0.0058251426553806995,0.0008337448069872799,0.8489424042326333,0.00981213112085616,-0.004929560988901516
679,2016-10-10,185.5347900390625,185.99827791502386,185.38887694668674,185.5347900390625,51855000,0.0052081606724883045,0.0017611052781090208,0.0058338814802592065,0.5187985304360053,0.0032845644108515904,-0.005875300430751684
680,2016-10-11,185.10568696267433,185.17435427995235,182.46205418375195,183.19161987304688,130367400,-0.01262927651208856,-0.00582247801789304,-0.007162833408444036,1.339450384918579,0.014805808792345698,0.00346695213235515
681,2016-10-12,183.32893828550314,183.95552258886428,182.83111010200201,183.43194580078125,73866100,0.001311882759161831,-0.008903988294223342,-0.006237409427860108,0.7832012227787553,0.006129861851236385,0.00014000037932371256
682,2016-10-13,182.10151967968795,183.32891332078776,181.2861167527466,182.83108520507812,101357000,-0.003275659499113126,-0.012837053602323678,-0.009218979459375776,1.09386505497385,0.01117313593445988,0.0007512090200498811
683,2016-10-14,183.80956151455825,184.2730625030485,182.84824553390877,182.9254913330078,93346200,0.0005163570944393125,-0.008928747841575824,-0.008649734606022474,1.0422173840227769,0.007789056400815729,-0.0027213415186010392
684,2016-10-17,182.89974523544126,183.15724433290873,182.11009094096957,182.29034423828125,58275700,-0.0034721628467314636,-0.017486994218702367,-0.011855160715121493,0.6587336234175606,0.005744425994228047,0.0008005638433761231
685,2016-10-18,183.88685527766236,183.94693098937003,183.05428213764588,183.43194580078125,76869700,0.0062625454314122475,0.001311882759161831,-0.005733945508993199,0.8653917165241716,0.004866376180153592,-0.012634223180069903
686,2016-10-19,183.69796844745565,184.2301235787568,183.33747499428907,183.92112731933594,66519200,0.0026668283783348734,0.0026668283783348734,-0.0027251391256782886,0.7677812401963013,0.004853431454440037,-0.021187203171206925
687,2016-10-20,183.56922822655446,184.13572360059572,182.91690855450392,183.57781982421875,73639800,-0.0018666017336937957,0.004084286970692297,-0.00382166325519262,0.8514622695913311,0.006639228242599553,-0.023845070998514184
688,2016-10-21,183.57781096004106,183.74947264471845,182.6164819513431,183.66363525390625,89089100,0.00046746077369075323,0.004035216281336629,-0.0028892327809055818,1.0209710301557366,0.006168835174197886,-0.025376061971091435
689,2016-10-24,184.5391333016309,184.81380248424253,184.09280242836073,184.44471740722656,60146600,0.004252786090401139,0.011818361405523614,0.0011996444695976383,0.7012124140849652,0.003909030662504372,-0.008097110393158524
690,2016-10-25,184.26447575355573,184.52197485427587,183.66365324984093,183.8267364501953,66542300,-0.0033504942061682863,0.002152245878931147,-0.001829328342000447,0.7812189893989054,0.004669188068121319,-0.00028014647967100625
691,2016-10-26,183.00271703466322,184.04127862602974,182.7623749861479,183.45762634277344,75705500,-0.0020079239535533144,-0.0025201073053328082,-0.0031599117410566757,0.8949460500223129,0.00697111188767002,0.012351827680746386
692,2016-10-27,184.17866626831315,184.21299337259487,182.89118375808377,182.9684295654297,77220200,-0.0026665382469831522,-0.003319520078038707,-0.005467832320217969,0.9411389897322027,0.007224249656897316,0.017591582500202874
693,2016-10-28,182.94268685809953,183.62075523934593,181.71529311199853,182.4276885986328,140623200,-0.0029553785212081962,-0.006729403202570872,-0.0075365613067877035,1.6897613689951947,0.01044502696923208,0.018255323601588325
694,2016-10-31,182.76243263577368,182.9856046590172,182.2731960789508,182.436279296875,61272500,4.709097784538763e-05,-0.010889106170046792,-0.006740789251742263,0.7462358007698691,0.003904972096625148,0.01900729867422135
695,2016-11-01,182.76240146453398,182.81391175900075,179.90420222663423,181.1144256591797,122781800,-0.007245563452564663,-0.014754713288131938,-0.013091222994693563,1.4927796747616577,0.016065586834270167,0.03445338752257365
696,2016-11-02,180.80541562522504,181.1916707711364,179.58660068782996,180.02435302734375,103330800,-0.006018695793383322,-0.01871425780367908,-0.017678071439880427,1.2334148879293747,0.008915849752075693,0.03876216766191365
697,2016-11-03,180.23896863961014,180.4535490528735,178.9257375581942,179.2003936767578,88939300,-0.004576932713435622,-0.020593912827592042,-0.020568583730691703,1.0454003404101366,0.008525715057497014,0.048902949120650296
698,2016-11-04,179.31197176920767,180.15312328493232,178.85706236092147,179.0029754638672,109122100,-0.0011016617142411977,-0.018772989786109084,-0.02015596566766087,1.2682205129441833,0.007240443465547102,0.047710115786710805
699,2016-11-07,179.00297657285438,182.98558836805617,179.00297657285438,182.9512481689453,109794900,0.02205702276650201,0.002822732814191653,0.0021651096964965255,1.2344762738492387,0.02176870524285284,0.03284082685308376
700,2016-11-08,182.55642293848587,184.34173343556697,182.29034533837805,183.77523803710938,106772100,0.004503876723503719,0.014691333217911495,0.006517849609173343,1.216627646735518,0.011162483689857535,0.030218050740068003
701,2016-11-09,182.28178475139612,186.3416560340876,182.25603614680827,185.72366333007812,258429000,0.010602218850481515,0.03165855178420607,0.016551210085149037,2.664522777618252,0.02199838089569745,0.019964776981405752
702,2016-11-10,186.51330021241645,187.38020037818183,184.72798957960677,186.1871337890625,172113300,0.0024954841546533935,0.03898841943900733,0.01815286480572409,1.7121158848749234,0.014244866144079707,0.02120593740677723
703,2016-11-11,185.46613887775177,185.99829409588128,184.81381915562696,185.75796508789062,100552700,-0.0023050395182413475,0.03773674491453893,0.015019889500063055,0.9966864904979323,0.006376442268270376,0.018759825376294836
704,2016-11-14,186.28156380276786,186.4875657326362,185.1571644332558,185.90390014648438,94580000,0.0007856193866286887,0.01613900974762661,0.01481542132538749,0.920914989118296,0.007156392621844472,0.0199454208095311
705,2016-11-15,186.2901076912078,187.35443115234375,186.08411889656378,187.35443115234375,91652600,0.007802585124445649,0.01947592697179168,0.021639830751957634,0.8860344533399844,0.006780262670953534,0.00962091337187232
706,2016-11-16,186.7364096328087,187.2342376376212,186.61624515557435,187.0024871826172,65617700,-0.001878492905462048,0.006885626901868003,0.01886470920368577,0.6346234426723787,0.0033047286769151045,0.00780284927576802
707,2016-11-17,187.15699714248817,188.02389710297544,187.04541116156398,187.9638214111328,69797200,0.005140756377089328,0.009542483338742302,0.022880271334370095,0.6763022938662008,0.005205714238333256,0.0031510593464392223
708,2016-11-18,188.03247763981588,188.20413930248577,187.3629748905962,187.54322814941406,86265800,-0.0022376288083587603,0.009610694543723763,0.019515226572648814,0.837020237528548,0.004485176138801539,0.011441942136875438
709,2016-11-21,188.11836682745806,188.9852670360542,187.9724537089983,188.9595184326172,72402600,0.007551807106971564,0.016436547505055632,0.025955398181992884,0.6983559708931054,0.005359948709951213,0.007040411587826645
710,2016-11-22,189.26847871034497,189.50880769460164,188.59898895463746,189.3285675048828,67429000,0.0019530589161467216,0.010536907722955569,0.02642607016167675,0.6501053339557135,0.004805501631129786,0.018224691378521563
711,2016-11-23,188.81360218249452,189.48309205465273,188.61619186043498,189.4315948486328,56620200,0.0005441722034227325,0.012989707798075845,0.025324249604014692,0.5509631847544685,0.004576323157234958,0.020162890612005047
712,2016-11-25,189.77491298999192,190.16973359584355,189.69765409150062,190.13540649414062,37872300,0.0037153867921040362,0.011553207775329755,0.027141470033754,0.3757230207546336,0.002482859521261639,0.022526237260561466
713,2016-11-28,189.8264176025209,190.1010737177132,189.13975766911682,189.2427520751953,76572500,-0.004694835303980183,0.009062038350045043,0.02044078014328088,0.7845871015919518,0.0050798037866962,0.026170168178856423
714,2016-11-29,189.27708675809228,190.06674107455783,188.97666895318812,189.61183166503906,69886700,0.0019502970961715604,0.003452132170068456,0.020456754876007732,0.7129358624284033,0.0057489667801710834,0.031008173645772352
715,2016-11-30,190.2298540943395,190.39293732273808,189.09686309511824,189.15695190429688,113291800,-0.0023990051504051424,-0.0009064432422830615,0.015810286250621974,1.161346246360792,0.00685184559473967,0.02495662113532826
716,2016-12-01,189.45728229215683,189.45728229215683,188.10113288463475,188.46163940429688,79040500,-0.0036758495683086867,-0.005120346714659663,0.009788649388339676,0.8204531532153874,0.0071958909611987715,0.032973465677577085
717,2016-12-02,188.54752806520293,189.0453562275838,188.1956130215794,188.5561065673828,74840300,0.0005012540662627796,-0.008306185343793349,0.007768914619577849,0.782580930898454,0.004506580144625222,0.030437041103038354
718,2016-12-05,189.38866909419724,190.0324103393807,189.19125877948673,189.6890869140625,67837800,0.006008717337800951,0.0023585306912565773,0.0109373960109449,0.7250072006108896,0.004434369807869082,0.026512565213558048
719,2016-12-06,189.8778805688431,190.32421140962055,189.39722263121195,190.2898712158203,59877400,0.0031672054071829603,0.003575934818134341,0.01215992410495037,0.6574690569581457,0.004871456228782878,0.027218942882502484
720,2016-12-07,190.13539031438717,192.83909791390192,190.0152258232298,192.77902221679688,110738100,0.013080838118564087,0.01914849164165311,0.02295029244927216,1.213290658164502,0.014648233289078697,0.011134033446029479
721,2016-12-08,192.75326842189756,193.72316282546717,192.48717775148606,193.25108337402344,99714400,0.0024487164204811673,0.025413362554127072,0.023411300673322977,1.196546787072849,0.006395747192728295,0.0069218058756550516
722,2016-12-09,193.47429576927317,194.43561187344972,193.43995556729564,194.41844177246094,88005800,0.006040630552006654,0.031090667450662135,0.02735417894510972,1.112170552246013,0.005121202994309298,0.0023414996475663585
723,2016-12-12,194.32400972798507,194.80468083711352,193.77468441450114,194.1952667236328,102016100,-0.0011479109018336375,0.023755609154320068,0.02389236875750944,1.2880342573141856,0.005303921357044271,0.00598297401361747
724,2016-12-13,194.85619858223612,195.98917643082981,194.83902848086277,195.49134826660156,110477500,0.006674115002057501,0.027334492464298865,0.028127367018494942,1.3810064687391774,0.005883370083460337,-0.008945246310000043
725,2016-12-14,195.1909011737838,195.89471801398045,193.43991792822192,193.87767028808594,142501800,-0.00825447260364165,0.005699002197726344,0.017894672470369022,1.726451723113353,0.01266159265329993,-0.0009192531351608357
726,2016-12-15,194.11796913677338,195.53419419464058,193.88621869381407,194.67587280273438,124972600,0.004117042016557937,0.007372737082944836,0.020030702271118805,1.4615307429642272,0.008465227236948888,-0.008652264827588851
727,2016-12-16,195.13267690752187,195.193119883098,193.97574987414254,194.29519653320312,156420200,-0.0019554363057460167,-0.0006339174315678209,0.01635027188860172,1.7411135922115042,0.006265569250691349,0.0008886127980660685
728,2016-12-19,194.47648568022888,195.14129244989354,194.32971255495227,194.71823120117188,90341100,0.0021772780568791728,0.002692982616735451,0.01665528614016787,1.003311364739499,0.004167970764395432,0.004655728280751781
729,2016-12-20,195.2535152040126,195.6161466451417,195.0204119300411,195.4693603515625,89838800,0.003857518352324174,-0.00011247513117085273,0.01884557878423654,0.988165341056613,0.003047714045971925,0.0
730,2016-12-21,195.33984927274236,195.51252274776837,194.92543029785156,194.92543029785156,67909000,-0.0027826870294794803,0.0054042325153214055,0.014530628334578521,0.7467554121183441,0.0030118822824693314,0.006378421986760863
731,2016-12-22,194.77867465020097,194.8995474109714,194.19156897349964,194.58872985839844,56219100,-0.0017273294661380723,-0.00044763094204403053,0.01142080217592989,0.6183448089716207,0.0036383321787800634,0.004791741145135697
732,2016-12-23,194.6319137581081,194.88230155005348,194.44198211565433,194.87367248535156,36697800,0.0014643326320105121,0.0029773044443204277,0.01165609246839061,0.4038940582906894,0.0022595121690040278,0.0033225432046892767
733,2016-12-27,195.1412868081103,195.75427965629947,195.1240155073586,195.3571319580078,42672500,0.0024808865481436015,0.0032811553026890206,0.012558872184869285,0.478579226717579,0.0032262152019940445,0.0036684585748960608
734,2016-12-28,195.61617777703253,195.63343590620065,193.63039946871237,193.7426300048828,64095000,-0.008264361464274783,-0.008833764757678941,0.0031168624405348844,0.7211783510799054,0.010338645849072013,0.00949176100369864
735,2016-12-29,193.8116781541725,194.1656673706514,193.25911508358175,193.69944763183594,48696100,-0.0002228852423743488,-0.006289495753028729,0.0017153099100306601,0.5685768193915869,0.0046802006828265495,0.012034783836224916
736,2016-12-30,194.02753979431756,194.11388313342871,192.30077840524552,192.99148559570312,108998300,-0.003654951239088877,-0.00820830817826712,-0.003113567132690065,1.2507911520866992,0.009394739475613215,0.01216827470827142
737,2017-01-03,194.2951630733348,194.97724112010118,193.29365159666258,194.4678497314453,91366500,0.007649892590779972,-0.0020824914352489676,0.0029811168337017246,1.038612173644374,0.00865741831240274,0.006703913682962526
738,2017-01-04,194.79593516853652,195.77155950439442,194.78730610485513,195.62478637695312,78744400,0.005949243780426938,0.0013700775408744814,0.007406071000019887,0.889615192883702,0.005031332776219408,-0.002956912798645517
739,2017-01-05,195.3571298332533,195.62477570835244,194.67505178947582,195.4693603515625,78379000,-0.0007945109015538021,0.008912495647634078,0.005265017340364109,0.8763284923150613,0.004858684333792761,0.0015018407091804686
740,2017-01-06,195.58164118486133,196.63496675886233,195.03770709401715,196.1687469482422,71559900,0.003577985805150341,0.012748096840728529,0.00798324448267107,0.818002294090411,0.008142273882529355,-0.0046655618746409555
741,2017-01-09,195.90966726158888,196.04781129974756,195.48660608503067,195.52114868164062,46939700,-0.0033012305817115006,0.013107640879229665,0.004070066377897641,0.5532565259699849,0.0028703044069707303,0.005034231399987155
742,2017-01-10,195.53840680580504,196.3758869226987,195.1326169275518,195.52114868164062,63771900,0.0,0.005416314067594685,0.0037858550056955043,0.7625402415722952,0.006358749442349435,0.01373337576716871
743,2017-01-11,195.43488494785686,196.07379150390625,194.7700780208733,196.07379150390625,74650000,0.0028265117405046336,0.002295236382203303,0.006137899929669954,0.9074602103314071,0.006649096103223787,0.009819070852891132
744,2017-01-12,195.55568838336856,195.77153351403453,194.22608817508836,195.5815887451172,72113200,-0.002510293471727265,0.0005741482621768323,0.003588962321082745,0.8975516571825932,0.007901793562788762,0.010771409858370884
745,2017-01-13,195.75429048254387,196.3327539353642,195.7197610532733,196.03057861328125,62717900,0.0022956653079917455,-0.000704334085374958,0.005337556863430848,0.8213971159771148,0.0031270268466645048,0.0022021380767272003
746,2017-01-17,195.39165973646453,195.79744966877882,194.95134037708073,195.33985900878906,61240800,-0.003523529897112687,-0.0009272126011634629,0.0016246815328522235,0.8369824416388678,0.004331472828901905,0.005657566873640274
747,2017-01-18,195.59022969275696,195.81471707374104,195.03766665164105,195.77154541015625,54793300,0.002209924812875741,0.0012806631415782643,0.0034583814176805117,0.8047516703392847,0.003969169372760531,0.003836919540043615
748,2017-01-19,195.8492786856164,195.98742276213324,194.6146505838759,195.0463409423828,66608800,-0.003704340517178273,-0.005240121862502778,-0.0003428302426442542,0.9956383051870985,0.007038184728945219,0.008233250984134077
749,2017-01-20,195.72838159242662,196.25504429133156,195.09811743607892,195.76292419433594,129168600,0.0036739128172869062,0.00092716011963212,0.003254349127945755,1.8756215777376393,0.005909836400401037,0.011466836753583731
750,2017-01-23,195.76291406722498,195.82334385622627,194.4937435826371,195.25350952148438,75061600,-0.0026022019999346613,-0.003964019783514683,0.0005595638791380253,1.0843178563958078,0.006809610115831821,0.012292697153687193
751,2017-01-24,195.46938003580726,196.91986642396435,195.35714950619618,196.5054473876953,95555300,0.0064118584566243975,0.005966976657098,0.00648072489696383,1.3422284926310757,0.00795253739040124,0.0058873221303537004
752,2017-01-25,197.45516391773648,198.20631408691406,197.29111947648914,198.20631408691406,84437700,0.008655570223776277,0.0124367852930658,0.014326689651066316,1.1475862012727218,0.004617383732909757,-0.001437606204755748
753,2017-01-26,198.0594837402296,198.3271427646296,197.72276586826825,197.99905395507812,59970700,-0.0010456787554459224,0.015138520407145473,0.012581518894049903,0.805587490690079,0.00305242315197357,0.00553804211538389
754,2017-01-27,198.0767968750042,198.223570011819,197.50696245620986,197.6882781982422,59711100,-0.0015695820289446383,0.009835130997506658,0.009973210454042425,0.8044689982679513,0.0036249370075979647,0.011092878894453984
755,2017-01-30,196.99755678958624,197.0234571545579,195.47801162329733,196.46226501464844,79737300,-0.006201749515792221,0.0061906979092278824,0.0030017407273088548,1.0522722803831805,0.007866373377835812,0.022940112467613405
756,2017-01-31,195.9701453099324,196.5054502961024,195.40032406693263,196.44500732421875,75880800,-8.78422654263522e-05,-0.00030757449363383316,0.002030279150171177,1.0237502011085338,0.005625626449980661,0.027117526343343412
757,2017-02-01,196.44500397914956,197.36018538702106,195.93561254256352,196.522705078125,79117700,0.00039551910717694483,-0.008494224901689051,0.0019015325482083512,1.0763143623104348,0.007248896985675133,0.032070890122080975
758,2017-02-02,196.52269142412754,196.9371236048232,195.83199747125346,196.65220642089844,69657600,0.0006589637707354878,-0.0068022927750213125,0.0022992503006653564,0.9535129971954172,0.005619698622676107,0.030513200896444825
759,2017-02-03,197.55875725721955,198.189021412973,197.24793971104177,198.00770568847656,80563200,0.006892875967416945,0.0016158140135857924,0.008555566946416793,1.1011489368478034,0.004752752922716214,0.02507191195127434
760,2017-02-06,197.60190105740523,197.9990619046049,197.3169838967462,197.65370178222656,57790100,-0.0017878289383694845,0.006064456029198695,0.006371850281533753,0.7973867725505426,0.003450873936123974,0.033023523570932856
761,2017-02-07,198.04222779330667,198.2839732848533,197.47239348860057,197.66233825683594,57931200,4.3694980319086696e-05,0.0061968026024101786,0.0058675221743760275,0.7933179173843536,0.004105889889849301,0.0320608331064407
762,2017-02-08,197.66235464778478,198.05087327897783,197.11842065962912,197.92137145996094,51566200,0.0013104833495818369,0.007117072713200834,0.00657096707021676,0.7121060247545853,0.004711227557036921,0.031408201773575284
763,2017-02-09,197.92138285613618,199.39775637450677,197.92138285613618,199.0955810546875,65955200,0.005932707448746077,0.0124248523739392,0.01176522030652083,0.9163127840979542,0.007415400736418472,0.026626219887172953
764,2017-02-10,199.44089102471955,200.10569768356132,199.11280222635648,199.88121032714844,66015900,0.0039459905051590916,0.009461776409951606,0.014649139939753697,0.9210572027114415,0.004967427681570229,0.024189171806527243
765,2017-02-13,200.37339667221764,201.2281483174449,200.34749630486021,200.96913146972656,55182100,0.0054428384779015015,0.01677393166738117,0.018894558477010603,0.7739722396064028,0.004382026265149755,0.015895267021610815
766,2017-02-14,200.7878563044141,201.78075222564678,200.44250922042255,201.77210998535156,71109000,0.003995531601060698,0.02079188056136183,0.02130030745121192,0.9905047550050724,0.00663244789045118,0.026015899012480803
767,2017-02-15,201.55619265961616,203.01530793966828,201.50439193296327,202.8253631591797,86785800,0.0052200136773341566,0.024777474322477788,0.024802033749366625,1.182524201599135,0.007449344515750815,0.014260218442725403
768,2017-02-16,202.85126855062055,203.03258427254195,201.90155779877912,202.65269470214844,84722400,-0.0008513159022214278,0.01786636161695565,0.021965788367731998,1.1403363371972708,0.005581107497362282,0.01576366682536401
769,2017-02-17,201.9878841166429,202.97213745117188,201.97061281627794,202.97213745117188,77204100,0.0015763064463216736,0.015463820330907874,0.021719456165541384,1.0767994811552664,0.004934296142665751,0.011144805338031638
770,2017-02-21,203.34344305935187,204.35359698144185,203.3348008201812,204.18092346191406,88946100,0.005955428296324561,0.015981518995972444,0.025499999132081896,1.2286734821090322,0.004989673589416905,0.0021563834217870337
771,2017-02-22,203.77508329239282,204.22403169784153,203.61103887826502,203.9995574951172,62115200,-0.0008882610761171694,0.011039422197286486,0.02266447294280316,0.8783261644483163,0.0030048732806255076,0.0011849522582121352
772,2017-02-23,204.5176154292191,204.53487355707574,203.3779466317962,204.13772583007812,74615900,0.0006772972287660828,0.006470407105192644,0.02183792395467621,1.062467463527825,0.005667384216098115,0.0017763001023294311
773,2017-02-24,203.29161757498488,204.43990226843368,203.2484459068218,204.39674377441406,82381600,0.0012688391784649866,0.008606098600509426,0.021498824122706095,1.1546217786618462,0.005829135726970628,0.0040128119133922
774,2017-02-27,204.31038133531447,204.8888447470126,204.0600067620078,204.71617126464844,56515400,0.0015627816976717668,0.008592478925321112,0.021301655461984925,0.7938711306869932,0.004048717694770304,0.0029522343713932475
775,2017-02-28,204.33626294405445,204.57800843200422,203.77507088434416,204.16358947753906,96961900,-0.0026992581176942254,-8.489521979382353e-05,0.01659198075948698,1.3457422512733017,0.003932814610650248,0.0018188252448698705
776,2017-03-01,205.82129435228447,207.48762570939044,205.80402305205783,207.02139282226562,149158200,0.013997615108745753,0.014812950401722258,0.028114663507256,1.9700021422512974,0.008132505700886862,-0.0034613971154582313
777,2017-03-02,206.8314523095236,206.84009454688626,205.66589641594808,205.7176971435547,70246000,-0.006297395940284334,0.007739732119832254,0.01931290316585832,0.9332392999682282,0.005707812926365769,0.0008814029757642228
778,2017-03-03,205.6313990674059,206.01128871897848,205.25150941583334,205.8472442626953,81974300,0.0006297324972008855,0.007096495088405819,0.017636591188133766,1.0802154624923193,0.00369098603125108,-0.0015049955876046406
779,2017-03-06,205.05290667695087,205.5881984702343,204.62984541100997,205.23422241210938,55391500,-0.0029780425420882217,0.002530582436456541,0.012796899204761347,0.7422307900054945,0.004669557776285251,0.00037865523489188924
780,2017-03-07,204.9320333839673,205.28602261532427,204.41399971982818,204.6212158203125,65103700,-0.0029868634216664303,0.0022414689315783942,0.008038816653967551,0.8681177988904059,0.004261644580696127,-0.009506820851456599
781,2017-03-08,204.91472296177454,205.1737397443952,204.10314319082886,204.2412872314453,78168800,-0.0018567409412757474,-0.013429073937335168,0.00453927851105318,1.0284561218320167,0.00524182239584662,-0.0053294854890383325
782,2017-03-09,204.3621916313429,204.82842454711275,203.5333536075299,204.50033569335938,90683900,0.001268345227478429,-0.005917631137713042,0.004188707050321261,1.1631830183609035,0.006332854834648062,-0.007649528052771304
783,2017-03-10,205.45869499173256,205.50186665919932,204.267225475195,205.21694946289062,81991700,0.0035042180596016603,-0.0030619540332554873,0.00619535831450535,1.04098367680279,0.006016272960083044,-0.011833135575337494
784,2017-03-13,205.1564969575733,205.36371304729602,204.82842128319064,205.32054138183594,57256800,0.0005047922172922714,0.0004205876033347433,0.005362652861413242,0.7310089201861151,0.002607102828108636,-0.013345162604293526
785,2017-03-14,204.77667296319217,204.82848688282408,203.92193431439526,204.53492736816406,59880800,-0.0038262806457872722,-0.0004216984627058995,0.0006422872762168463,0.7622237874671488,0.0044322628907141216,-0.0023485570149683888
786,2017-03-15,205.10471095952914,206.72787084357762,204.87159448861624,206.3048095703125,96081800,0.008653202780191327,0.010103355530308722,0.00818321271799971,1.2038923536412645,0.008997736692748925,-0.009982402877076302
787,2017-03-16,206.4429513687489,206.52065246681713,205.57094163964848,205.89901733398438,78344000,-0.0019669548042690055,0.00683950779778808,0.005445046283670152,0.9868592804092297,0.004612507817986031,-0.004872682991104549
788,2017-03-17,206.16178465453643,206.35255581872713,205.53744506835938,205.53744506835938,89002100,-0.0017560660089916968,0.0015617404230381382,0.0029729844980492803,1.118100118855007,0.003965753053399367,-0.005442423524335549
789,2017-03-20,205.53738617631493,205.82354284060926,204.921726603114,205.3119354248047,52537000,-0.0010971706079137,-4.1914739622894714e-05,0.0013009269528250211,0.6703898353195542,0.004392419932281811,-0.00608168232007511
790,2017-03-21,205.91901558279778,206.0404142283126,202.54585332728567,202.67591857910156,131809300,-0.012839082346815411,-0.00908895518718067,-0.01119197201484956,1.637158999214952,0.017242112065045685,0.007486955271980955
791,2017-03-22,202.7105512985133,203.4389429554005,202.086211812194,203.1527862548828,97569200,0.0023528580954481626,-0.015278477132911528,-0.008660676126261313,1.185765904168499,0.006658688606462559,0.0021342483123365508
792,2017-03-23,203.15278881772713,204.07195161988832,202.56314220179587,202.93600463867188,100410300,-0.001067086601209355,-0.014390611153360933,-0.009428079123446564,1.201462211398206,0.007434902548608334,0.006024911700444946
793,2017-03-24,203.23950426698332,203.8118044338847,202.00817173901973,202.78858947753906,112504900,-0.0007264120597785251,-0.013373989298670508,-0.009758986369321487,1.3223490289914455,0.008894152770191954,0.005729741858379711
794,2017-03-27,201.11504198690557,202.84064907072647,200.8375650770333,202.58050537109375,87454500,-0.0010261134858791099,-0.013303805490213816,-0.010258999795697443,1.0095578681520623,0.009887841823791736,0.007362132688013778
795,2017-03-28,202.27693297670345,204.479453842182,202.16420099879946,204.0545654296875,93483900,0.007276416138332298,0.0068022232747295686,-0.0030306803618252998,1.08133083508675,0.011346243778016988,-0.0011047699380539733
796,2017-03-29,203.7684772006866,204.4795224816916,203.543013169195,204.24539184570312,61950400,0.0009351734699676317,0.005378245659153791,-0.0014211559044287059,0.754643754717635,0.004585216361718785,-0.006410853117412962
797,2017-03-30,204.18469144018388,205.09518767334725,204.01126673659485,204.89573669433594,56737900,0.003184134744758982,0.009656896809185689,0.001959780357425611,0.696881627928571,0.005290109761382701,-0.015997337513042664
798,2017-03-31,204.55755506698202,205.0865090164155,204.36678392250064,204.4188232421875,73733100,-0.002327590899853127,0.008039080348892114,-2.3124404414098798e-05,0.9102314702910125,0.0035208357161031004,-0.004962829907338984
799,2017-04-03,204.47084878902993,204.67028653720263,202.83196085683875,204.06329345703125,85546500,-0.0017392223451704325,0.007319500379472821,-0.0014763315851387127,1.036769809385314,0.00900860536562382,-0.006204063979699526
800,2017-04-04,203.77712220969664,204.28006307781868,203.39557994895193,204.19334411621094,56466200,0.0006373054995658656,0.0006801057659808762,-0.0007353607269058315,0.6879355433993551,0.004331596275554256,-0.008663045139315706
801,2017-04-05,204.86972342901407,205.84959218884566,203.37824716313773,203.58636474609375,108800600,-0.0029725717689003117,-0.003226643664534845,-0.0035460645440985594,1.3012519876723798,0.012139049826790285,0.0023850574971091554
802,2017-04-06,203.72510777753564,204.67895025249734,203.2828595720796,204.15867614746094,69135800,0.0028111479964827435,-0.0035972468669493995,-0.0006613276831521908,0.8376559523226798,0.006838262800104465,-0.0036103085089153053
803,2017-04-07,203.9071562728898,204.644227639597,203.46492139173776,203.9505157470703,74412300,-0.0010196010491382301,-0.0022909215877950917,-0.0013707252493666555,0.9057453837443387,0.005782315595228815,0.008376115069009371
804,2017-04-10,204.08927636892926,204.8696940380048,203.54297606170348,204.07192993164062,67615300,0.000595311976170132,4.232252877556242e-05,-0.0004706862824527258,0.8178564924955967,0.006501227173897677,0.01363991392889119
805,2017-04-11,203.69038704512482,203.93318424056568,202.3376560329672,203.82913208007812,88045300,-0.001189766038101503,-0.0017836626247990095,-0.00148730271703712,1.0471358799419899,0.007827773151541673,0.014209307189785081
806,2017-04-12,203.55167752902952,203.7424486651146,202.7105538557787,202.93600463867188,81864400,-0.004381745790171809,-0.003194517020985055,-0.005041540983120707,0.9819272014359883,0.005084828644247734,0.019527408840587457
807,2017-04-13,202.59781914979595,203.33489064134773,201.61795043945312,201.61795043945312,92880400,-0.006494925341442248,-0.01244485787208316,-0.01046524002989857,1.1044309392961567,0.008515810215074115,0.023955982312884094
808,2017-04-17,202.13830158215842,203.40432739257812,201.93886378191743,203.40432739257812,68405400,0.008860207879463955,-0.0026780435072277786,-0.001174907545049786,0.8234854436060229,0.0072046825622952,0.01752105315511887
809,2017-04-18,202.66720650587894,203.33490552214707,202.11223950353397,202.79727172851562,83225800,-0.00298447762564491,-0.006246122156790435,-0.003540646906519118,0.9837265591502387,0.00602900624940299,0.020951773000338125
810,2017-04-19,203.3609172502775,203.73377970706045,202.19894393259753,202.42440795898438,68699900,-0.0018386034799836581,-0.006891674937524961,-0.005311277929710645,0.8434909994652358,0.007582266338029311,0.02159016608214359
811,2017-04-20,203.04003523197187,204.5141780780443,202.71919891513377,204.07192993164062,92572200,0.008138949197223688,0.00559745568555603,0.002558037403176172,1.1400902653667295,0.008795816080691738,0.014532238457467539
812,2017-04-21,203.99391375359454,204.0459398398568,203.0227248594819,203.42160034179688,110389800,-0.003186766499741478,0.00894587956286852,-0.0007560717299252007,1.3512226941194228,0.005030021289064891,0.02178264640318628
813,2017-04-24,205.66749533983582,205.8669463260892,203.39560120797648,205.65882873535156,119209900,0.010997988364045863,0.011083841586232213,0.009521931930384087,1.4532213730631216,0.012016722711636733,0.010498842674429909
814,2017-04-25,206.30048655645427,207.20230286363807,206.21376759761978,206.85545349121094,76698300,0.005818494461033996,0.020011027407350834,0.014331566134778706,0.9411565339982848,0.004778869734078781,0.003730836008376537
815,2017-04-26,206.82078840698463,207.70527162641977,206.6820565782447,206.72540283203125,84702500,-0.0006287030725308229,0.021247412386743214,0.013030487179742645,1.0450054654516832,0.004949633833856688,0.006165948575563629
816,2017-04-27,207.0462306188551,207.20230887153625,206.3611852259836,206.89881896972656,57410300,0.0008388719302010461,0.0138524148766217,0.013221555749511227,0.7102809380880378,0.004065386403562387,0.003269116499270197
817,2017-04-28,207.15895170561492,207.18496474801913,206.31782805066376,206.44790649414062,63532800,-0.0021793864161782084,0.014877014767649133,0.010629251624459268,0.7827384758450875,0.00420026878490034,0.003780108604950483
818,2017-05-01,206.9681854248047,207.39308717979222,206.55196350512594,206.9681854248047,66882500,0.0025201463143866842,0.006366644687731959,0.012544359950000805,0.827499625424421,0.004064024009003421,0.006787150006705378
819,2017-05-02,207.10692681966847,207.22832542874272,206.6386788222267,207.04623413085938,57375700,0.00037710484775477227,0.0009222896299252437,0.012187634772274247,0.722467826806774,0.002847898243555363,0.0054865575029874325
820,2017-05-03,207.046261632606,207.14164721179543,206.11841888672154,206.79478454589844,73137700,-0.0012144610406292777,0.0003356225839528104,0.010315929057118423,0.9113749690108436,0.0049480373855694615,-0.011154028152585593
821,2017-05-04,207.0982577994396,207.1762969261933,206.1877616262789,207.0375518798828,61462700,0.0011739528853083048,0.0006705350511282404,0.010649958418100125,0.7891675905958878,0.004774666677318077,-0.00833479936083903
822,2017-05-05,207.41042618596828,207.87000757135223,206.96817800766829,207.8526611328125,62001300,0.003937011646093058,0.006804402439952728,0.01371492766440463,0.799746150415553,0.004338792482948779,-0.005798706077126736
823,2017-05-08,207.89604755921138,208.04345922726574,207.39310662801898,207.81800842285156,48385700,-0.00016671766323350656,0.004106056185894547,0.012590944536282844,0.634775554626871,0.0031294333161131682,-0.000584233221614161
824,2017-05-09,208.07811201903442,208.27754973957022,207.28033467398123,207.627197265625,51363200,-0.0009181646897429285,0.0028059584720503405,0.010785727192283545,0.6810985318175592,0.004802911558417926,0.002547575316806272
825,2017-05-10,207.58383915389945,208.00006103515625,207.3757215975435,208.00006103515625,54293800,0.001795832985474588,0.005828369859058435,0.011573918107182779,0.736439605090369,0.003001631030806384,0.003085062148736162
826,2017-05-11,207.54918226903493,207.73995340874978,206.49127439660043,207.5751953125,62358300,-0.002042623067232796,0.002596840175781878,0.008370114734459033,0.8571657144710865,0.006015550221544984,0.009942112586270868
827,2017-05-12,207.32368755768942,207.6185108276182,206.9594917716384,207.22830200195312,53912700,-0.001671169380448534,-0.0030038544007884305,0.005315001046645174,0.7614677894846862,0.003180159513026296,0.011423678848124563
828,2017-05-15,207.653184642574,208.4943081301066,207.6358382072719,208.37290954589844,61918900,0.005523413225354323,0.002670130116528613,0.009650949838127199,0.8785726346437901,0.004119872994553569,0.004994022009637389
829,2017-05-16,208.66779969272122,208.69381273828816,207.79199628523395,208.1822052001953,51241800,-0.0009152070013261904,0.0026730984277569814,0.00741263070011966,0.7439555733004247,0.004331861372046622,0.005664631669941578
830,2017-05-17,208.18218739791666,208.18218739791666,204.42748377516224,204.48818969726562,172174100,-0.017744146284632722,-0.01688399186237277,-0.010956916525581284,2.3250680171195044,0.018361469326483196,0.03197352383769436
831,2017-05-18,204.41010595585502,206.1617255836018,204.14996233090974,205.3119354248047,107047700,0.004028329111615658,-0.010903325343319725,-0.00727042049030846,1.4315977462248906,0.009798569423300065,0.0312540992141177
832,2017-05-19,205.79759421876142,207.31508373590725,205.74556812377836,206.6473846435547,115011400,0.006504488966931454,-0.0028032722981679026,-0.0015918502410519064,1.5333613355133349,0.007595139008587734,0.023834286493611412
833,2017-05-22,207.15896046579584,207.8613523347789,207.08960117075563,207.69659423828125,61010600,0.0050772943317736186,-0.0032456969050874696,0.0029836241359395554,0.8462399491789431,0.0037157622485512447,0.015405752327205535
834,2017-05-23,208.0694242360147,208.32090125928147,207.68788201550953,208.15614318847656,48341700,0.0022125974279005867,-0.0001251884698487693,0.004887231476110143,0.6839683540641275,0.0030410788462715142,0.015038498441655612
835,2017-05-24,208.39029033859103,208.7458063164518,208.05209433598128,208.64175415039062,46927700,0.0023329167925365546,0.020312001682220027,0.006765854631333834,0.6821924790008014,0.003324895265069893,0.013175002300061633
836,2017-05-25,209.15333691485367,209.91642132642227,208.94523260730145,209.63893127441406,64071700,0.0047793747137721,0.02107522799712802,0.01090925615659133,0.9269283852169913,0.004632673488730712,0.006825220394329978
837,2017-05-26,209.44818669380922,209.76035642612135,209.37014756859512,209.59561157226562,46629900,-0.00020663958686062411,0.014266945278772036,0.009933888651009193,0.6829472481070069,0.0018617224597362052,0.00682641264327799
838,2017-05-30,209.2747833846353,209.66499228202534,209.11870511826206,209.4135284423828,35201900,-0.0008687354115715085,0.008266549629272202,0.00846239498995982,0.5278166475930723,0.0026086526874675377,0.01262943903527547
839,2017-05-31,209.7083300899503,209.74302296652962,208.6677687273157,209.36148071289062,91796000,-0.00024854043518252045,0.005790545049264573,0.007650015710296998,1.3417635224376607,0.005135874257063031,0.011597209882809212
840,2017-06-01,209.82107816499718,211.0437441446966,209.53492145284687,211.02639770507812,68962000,0.007952355832210989,0.011429368797238215,0.014629978187712167,1.0110891831476436,0.007149923934911683,0.0016844752782863015
841,2017-06-02,211.0784224730804,211.88486651709152,210.78359915869203,211.72877502441406,88666100,0.003328386054893162,0.009968776969504933,0.01686025690180948,1.2745640549795823,0.005201311717183985,-0.001420164534702284
842,2017-06-05,211.55533117436477,211.84148785882437,211.373226654634,211.5726776123047,44698800,-0.0007372517603777551,0.009432764480173272,0.015203695675156226,0.6506309251579678,0.002213240431018311,0.007636077329932434
843,2017-06-06,211.00903529866966,211.56400224135808,210.81826417167153,210.8963165283203,50375400,-0.003196826223581528,0.007080669988068555,0.011211442897798296,0.7321986125473354,0.003536041226146361,0.0040502699420263966
844,2017-06-07,211.2344729464667,211.51194976746223,210.56677408528236,211.2864990234375,54144300,0.001850115267730601,0.009194711004106626,0.012194316701884755,0.7853915999073967,0.004473431509104703,0.0019486711511451649
845,2017-06-08,211.38194313646613,211.86753763132825,210.8616557597095,211.39060974121094,65950700,0.000492746665095245,0.001725907469840804,0.011871288584627715,0.9486294894636719,0.00475840375714975,0.00100175440559358
846,2017-06-09,211.65940983280444,212.4571740689785,209.80373768461638,211.06976318359375,132256400,-0.0015177900191970517,-0.0031125284730161296,0.009491163337682185,1.8113099430694144,0.01257137140033695,0.0037206126829618658
847,2017-06-12,210.82695995956365,211.07842379247697,210.1766074041648,211.02639770507812,86108100,-0.00020545566480734134,-0.002581996472283632,0.008367892758411877,1.153850173851846,0.004273476674574676,0.004587620986699292
848,2017-06-13,211.5640295134911,212.11032992317647,211.21718009139528,212.0583038330078,60067000,0.004889938600818322,0.0055097562812647105,0.012407311192873971,0.8058988787222612,0.004211812580018215,-0.008354624404917965
849,2017-06-14,212.32711031013312,212.33577691451995,210.9656992283469,211.78948974609375,78602300,-0.0012676423514438317,0.002380609859035321,0.010254017472142163,1.035573545374646,0.006469054190628605,0.0017907272103214744
850,2017-06-15,210.43667762246727,211.50326503475483,210.15920082525747,211.38186645507812,66464900,-0.0019246625104215598,-4.136080662953123e-05,0.006654506840754193,0.9412061419439841,0.006358465047345939,-0.0050989228276485665
851,2017-06-16,211.54136707593415,211.59364686891837,210.54801112129442,211.42808532714844,84553100,0.00021865107374341441,0.001697647915788858,0.005410400083746492,1.2167314223219938,0.004945585852541808,-0.003461783867684476
852,2017-06-19,212.25589557507703,213.24925160382472,212.1600448487952,213.18826293945312,65123800,0.008325183523187674,0.010244525129961879,0.01220644083312128,0.9720315438070786,0.005109130962518627,-0.010014095831902492
853,2017-06-20,212.83100143520903,212.83971030275762,211.73308580494188,211.75050354003906,56906400,-0.006744083279211277,-0.0014514889886657611,0.00441340169980764,0.8519890209082139,0.005226077290562367,-0.0009874412718168246
854,2017-06-21,212.14263180401596,212.25590026777624,211.22769545036692,211.69822692871094,55977600,-0.000246878333010625,-0.00043091287245755616,0.0033225698852497043,0.8333198733055345,0.004856936367991236,-0.009878653049206543
855,2017-06-22,211.7069441054188,212.20361547108342,211.428100794464,211.6023712158203,44148100,-0.0004527941224699017,0.0010431583580943204,0.002165174863641539,0.6585806193683992,0.00366496212761458,-0.0030060054488265653
856,2017-06-23,211.66337057155704,212.18618182919283,211.27996767170237,211.85507202148438,66986800,0.001194224829391466,0.0020195363055728333,0.0028357065582540475,0.9971095985798362,0.004277519291105607,-0.003125870147896892
857,2017-06-26,212.52604032325613,212.9443053367406,211.78538762517763,211.9945068359375,56700500,0.00065816132284513,-0.0055995395199343045,0.002926303064188618,0.8377175220741053,0.005466734628458321,-0.0045215410739817274
858,2017-06-27,211.77666390216672,212.07293827520004,210.26920531977657,210.28663635253906,82247700,-0.00805620159167686,-0.006913169806102459,-0.005358896261674184,1.174349770406415,0.008577496823904528,0.011104939321960217
859,2017-06-28,211.30609049328396,212.3691572493409,211.07081813357178,212.1687469482422,70042600,0.008950214946364055,0.0022225978287937487,0.0028775363281527966,1.0158590833560917,0.006119370239226844,0.003819430435383353
860,2017-06-29,212.31689859685977,212.36917839400562,209.09284924505067,210.30404663085938,106949700,-0.00878876057008382,-0.006135680699138946,-0.005766778561089758,1.5095545757028217,0.01557901144292192,0.017443660018954477
861,2017-06-30,211.11441868238066,211.48911273716445,210.50446553085283,210.6961669921875,86820700,0.0018645402578316705,-0.0054702727588195055,-0.0036697986071030364,1.2270393941905764,0.004673303840160183,0.015425851799193868
862,2017-07-03,211.63718834452317,212.0728709534037,211.05337524414062,211.05337524414062,39153800,0.0016953713826524108,-0.00443941499165923,-0.0018580943975746722,0.5555385686189197,0.004830511277461254,0.014243839141027337
863,2017-07-05,211.41942171178204,211.75053157021162,210.60904485913684,211.54141235351562,54427600,0.0023123871333989854,0.00596697927524481,0.00029740705336922524,0.7700391070632875,0.005396043726734653,0.017382381373697298
864,2017-07-06,210.7745599493883,210.89655056421648,209.4239410235178,209.60693359375,65400800,-0.009144681120559217,-0.012074414310968895,-0.008456251022948114,0.9179777282238064,0.007025576470446396,0.0272292673694019
865,2017-07-07,210.18206973458612,211.11442386854364,209.6156742045538,210.96629333496094,57972300,0.006485280414652683,0.003148996487281064,-0.001925643776756636,0.8182918014140911,0.007104213854723193,0.01970173776192441
866,2017-07-10,210.96629034495894,211.56753463484975,210.66130711803464,211.19284057617188,36663300,0.0010738551530184992,0.0023572976721630834,-0.0008829445282524384,0.554950813850816,0.004290995444460885,0.018360081192225763
867,2017-07-11,211.19280433836818,211.34965700689543,209.868338650255,211.0359649658203,50354600,-0.0007428074262535445,-8.249229987522533e-05,-0.0016273554673287283,0.7833855905689925,0.0070192697101669164,0.02159473735242079
868,2017-07-12,212.00319472965325,212.78741823519627,212.00319472965325,212.62185668945312,59610400,0.007514793622450444,0.005107483796751522,0.005741140314873494,0.927711077754615,0.003688348496967695,0.014015902817677173
869,2017-07-13,212.63056990685791,213.09239246451185,212.4040064133811,212.97911071777344,39471600,0.0016802319097519725,0.016088099120610266,0.0071476511516299635,0.6335850850453576,0.0032321763801660105,0.011373999582598993
870,2017-07-14,212.9791627415673,214.32978198174123,212.8833120007554,213.97251892089844,60262700,0.004664345718117913,0.014249790989901756,0.011225918461325701,0.9721561371543412,0.006760073621980199,0.005497363848270265
871,2017-07-17,213.89405504485327,214.27745792892873,213.77206442682748,213.9463348388672,33531900,-0.00012237123796687843,0.013037820104049302,0.010500867342817521,0.5641525669464192,0.002362244263178788,0.005050285685513023
872,2017-07-18,213.5367611149504,214.11186535772728,213.19692920712373,214.05958557128906,42742500,0.0005293417739882234,0.014327513350430365,0.010827770218054589,0.7329139358331427,0.004274212472951122,0.006757619376233315
873,2017-07-19,214.3732805111482,215.2272147252408,214.364558349304,215.218505859375,51034300,0.005414007903420837,0.01221252231709391,0.01546890694519254,0.8795229985019382,0.004008281594987342,0.0018221766577617426
874,2017-07-20,215.4712162072697,215.59320682076344,214.7654124223429,215.3143768310547,47135200,0.00044545877361645836,0.010964766006445581,0.015055305807641917,0.8185630948656506,0.0038445848837584174,-0.0005665855682753795
875,2017-07-21,214.73929301643605,215.14883582138162,214.5127295012009,215.12269592285156,82340800,-0.0008902373869512648,0.005375349169854493,0.013310828094266869,1.3840536847592024,0.0029569465808890727,0.0021467156173153867
876,2017-07-24,215.04420508889086,215.20976659903596,214.59981363743083,215.0703582763672,46622300,-0.00024329207227458127,0.0052537634652471965,0.012297723117974613,0.7973131427988022,0.0028360624239130933,0.004254461434179069
877,2017-07-25,215.81978142442844,215.9243543163771,215.3666809779153,215.59323120117188,54915600,0.0024311714965983278,0.007164573479808256,0.013900092508551065,0.9405768808506018,0.002586692241471287,-0.0006467494998626533
878,2017-07-26,215.88078729199316,215.91563605928576,215.3405449750784,215.60194396972656,47575400,4.041299676305066e-05,0.0017816223972957346,0.012675373317501348,0.8397920581140044,0.0026673742992230293,-0.0007273337721729334
879,2017-07-27,216.06378128085285,216.09863004837075,214.07705583681485,215.4015350341797,70766600,-0.0009295321361991737,0.00040479509268154246,0.01096651800292392,1.2483610835208154,0.009385143013187533,-0.013915859783070306
880,2017-07-28,214.9222402295164,215.27950318408122,214.46913985863216,215.1488037109375,50088400,-0.0011733032598959525,0.00012136231360404537,0.008633611747723924,0.9302410235095332,0.003766524895661616,-0.011299580879194804
881,2017-07-31,215.5496361685307,215.6454868861101,214.81769248664054,215.02682495117188,65838700,-0.0005669506762840948,-0.00020241434265599878,0.007039497939143713,1.2470527757700287,0.003849726189546482,-0.0009320892608698506
882,2017-08-01,215.62810941083828,215.66295818011,214.98329416346337,215.50611877441406,55050400,0.0022289954909162635,-0.000404059191805195,0.00823291891731981,1.0272461773377892,0.0031538038015434724,-0.0032753423766174183
883,2017-08-02,215.636811897246,215.75009366199518,214.67830457086475,215.6106719970703,47211200,0.00048515199127918684,4.0482136584918393e-05,0.007762786008253197,0.8869375881208617,0.00497094638777894,-0.0020207694677402133
884,2017-08-03,215.49735269341895,215.52349258904115,214.91353953122382,215.1923828125,40856000,-0.0019400207823478954,-0.0009709876099374126,0.00449651832932263,0.7856589171883271,0.002834454685827779,-0.01567030999695951
885,2017-08-04,215.68035389360682,215.9156129636254,215.2011002947134,215.58450317382812,60191800,0.00182218513593857,0.0020251075319759337,0.005243378209819793,1.1550205576573376,0.0033143044068240568,-0.018996505372881223
886,2017-08-07,215.65425696551898,215.98536682128906,215.54968406202815,215.98536682128906,31995000,0.0018594270068554852,0.004457778095057874,0.005988516338045757,0.6167143763359012,0.002017186468106457,-0.02005091270342807
887,2017-08-08,215.67163772900346,216.8915572233861,215.07911566005964,215.45379638671875,61719400,-0.0024611409670644013,-0.00024278840894575993,0.002481243989541415,1.1767729604993593,0.008412205278914127,-0.0073604920120283746
888,2017-08-09,214.76546533817861,215.49740919948408,214.40820227635703,215.44512939453125,62632600,-4.022668587344569e-05,-0.0007677848271875343,0.001782928594401989,1.1907537616598909,0.005055611729019199,-0.010879844004835326
889,2017-08-10,214.60859100217328,214.73930379736694,212.3517576759011,212.40403747558594,120479500,-0.014115389507721732,-0.012957453700132016,-0.012225562596743234,2.126752541482482,0.01124058727810329,0.0009435269589446182
890,2017-08-11,212.6305838418946,213.31024777490836,212.3953114663189,212.71771240234375,74869900,0.0014767842009306698,-0.013297759019222477,-0.010478119349749848,1.3048111380514509,0.004301175949367626,0.0018024243888457026
891,2017-08-14,213.99860635966488,215.04424208745883,213.96375759699626,214.82640075683594,73291900,0.009913083074641671,-0.005365947154244433,-0.0008734228257567533,1.2345380393015584,0.005029570325881769,-0.007990346947761351
892,2017-08-15,215.20980521945344,215.22723624890662,214.4952925636297,214.80026245117188,55242700,-0.00012167175715827039,-0.003033290415425549,-0.0011670263666390124,0.9208208606737283,0.0034075548927380932,-0.006734104559516618
893,2017-08-16,215.3231030556506,215.72393698714532,214.7479987045419,215.1749725341797,56715500,0.0017444582177499335,-0.0012539474023423036,0.0005855235660294777,0.9409153035211058,0.004535556673294728,-0.0037662107147737878
894,2017-08-17,214.56506096518672,214.8787530996264,211.82025146484375,211.82025146484375,128490400,-0.015590665725787711,-0.0027484694626357387,-0.014213415938613472,1.9969071270122383,0.014439137021279025,0.018100106527572768
895,2017-08-18,211.65469929664343,212.77876836838618,211.0447460347594,211.48915100097656,136748000,-0.001563119964108517,-0.005775548201850889,-0.014921430190363294,2.039034779135754,0.008199107733988499,0.02113598601689315
896,2017-08-21,211.42811285484936,211.91607538087405,210.72230896570784,211.6546630859375,65469700,0.0007826031934856648,-0.014764189409329442,-0.013365651920957178,0.9626844476637003,0.005640161184077044,0.01300929997837219
897,2017-08-22,212.2385012092277,214.0247898473758,212.2210701763533,213.86795043945312,63140100,0.010457068704491368,-0.004340367190802108,-0.0026472909772303765,0.9228491174776005,0.008433800704202103,0.005948180835542161
898,2017-08-23,212.9007096760873,213.52809382746688,212.75257915367558,213.1011199951172,50203800,-0.0035855323004698736,-0.009637982125142774,-0.005643504499929675,0.7323667601846708,0.0036391862877541976,0.00944557757005593
899,2017-08-24,213.48452066897022,213.6413600571869,212.3953139308632,212.6044464111328,50741700,-0.002330694385819121,0.003702171727518744,-0.0073132397843860275,0.7511854201482527,0.005860865787887062,0.010615186914462393
900,2017-08-25,213.39738103994065,214.01605632387748,212.95298947270547,213.1011199951172,64445900,0.002336139212365751,0.007621993783185621,-0.004518295897915081,0.9440311390427341,0.004988555908088932,0.01901381195986329
901,2017-08-28,213.63267459523166,213.65881449613164,212.6915982748861,213.10986328125,40565600,4.102881361212063e-05,0.00687535145267093,-0.004031512308633078,0.6054291106577155,0.0045385802719466834,0.02240654119954444
902,2017-08-29,211.79402386711337,213.6151739482273,211.6807421361424,213.35377502441406,51135700,0.0011445352148820032,-0.0024041723595449316,-0.0023898445764471976,0.7654206155852382,0.009066780336385069,0.02172781648410682
903,2017-08-30,213.3363735483728,214.63471266572543,213.153380980378,214.3645782470703,62030800,0.004737686139092645,0.005928914179250011,0.0026286123615186785,0.9183177074774643,0.006910337974029004,0.016584716609067796
904,2017-08-31,214.98326552211907,215.8982018213985,214.3994523187264,215.6542205810547,103803900,0.006016116769525182,0.014344827784195324,0.008551613885853682,1.468319959228069,0.006949780526594357,0.011865890852795102
905,2017-09-01,216.02889356199628,216.3861565425385,215.81105222693105,215.9591827392578,62007000,0.0014141256191575469,0.013411767822741227,0.009889352793911454,0.8759726701951666,0.0026630232079633107,0.012586075659320128
906,2017-09-05,215.45377778332872,215.68034126916962,213.44092608177485,214.40814208984375,91398800,-0.007182100940281599,0.00609206344842117,0.0030061127048159886,1.2391941092222944,0.010444636876039828,0.020932071646403427
907,2017-09-06,215.0877958957615,215.47119873450276,214.55626255950273,215.14007568359375,57916900,0.0034137397330895602,0.008372482085096777,0.0065039714086574385,0.7872725255999604,0.00425274636579394,0.01782527224524122
908,2017-09-07,215.44510627811383,215.4625373098888,214.7044403314648,215.11398315429688,58034700,-0.00012128158463253769,0.003495936284598322,0.00645986256271569,0.7913467520491978,0.0035241641073617473,0.01522126643263344
909,2017-09-08,214.82642028681522,215.3231049478595,214.6173010998331,214.8612823486328,63832800,-0.0011747297965414294,-0.003676896423753684,0.004700003381666873,0.9053746942207347,0.0032849280257071073,0.016618885291250107
910,2017-09-11,216.13347536577143,217.2314043167902,216.1160576302813,217.15298461914062,71364800,0.010665961989323458,0.005527905156615498,0.014364224509330725,1.014727416635249,0.005136225451679054,0.0038335819161907647
911,2017-09-12,217.5189463449708,217.91976697822463,217.33595376302054,217.88491821289062,56896000,0.003370589610056429,0.01621569073430984,0.017056698851855234,0.8185386575942997,0.0026794567517227476,0.0010641273462450584
912,2017-09-13,217.59737491243038,218.02434875707223,217.48409315250922,217.98948669433594,59228000,0.000479925284884386,0.013244445516198633,0.01678797116065267,0.849652420461463,0.0024783562398151765,0.004480630517971873
913,2017-09-14,217.66706393071823,218.1201776290177,217.492793522443,217.9197540283203,95446300,-0.00031989004182297887,0.013043182190582758,0.015812452124361887,1.3322107620980628,0.0028789684963261637,0.0060078048738134715
914,2017-09-15,217.775305111122,218.30071098989268,217.67022660776115,218.21315002441406,95432400,0.001346348785138618,0.015600147402743847,0.015666751816817426,1.3634730011489147,0.0028893051681852704,0.008186315509106867
915,2017-09-18,218.5809349385506,219.02753193324287,218.29195569658518,218.67726135253906,46235200,0.002126871492726501,0.00701936810157977,0.016127123824311695,0.7062420698951318,0.003363752738204629,0.010411665207034071
916,2017-09-19,218.92241830287983,218.98372299374736,218.57214777838084,218.89614868164062,47108100,0.0010009606291376816,0.004641121914468416,0.015435807382455202,0.7298102161284338,0.0018802305012918,0.011561472113567062
917,2017-09-20,218.98377155384847,219.08885006210673,217.9767201891611,218.97500610351562,59574100,0.0003602503851709571,0.004520949262849516,0.014599770070414353,0.9254929984989154,0.005078798227866612,0.012396777143153459
918,2017-09-21,218.8173832406044,218.90494420812297,218.21315510826966,218.38829040527344,48211400,-0.002679372905074029,0.002150040867301195,0.010643362147962021,0.7501325841457135,0.0031677023459889906,0.021131481708559052
919,2017-09-22,218.09051891054838,218.598420531724,218.06424928893276,218.43203735351562,51214000,0.000200317279653639,0.0010030895437651566,0.009484594556172343,0.7965580678295309,0.002445480293381735,0.019764498648356277
920,2017-09-25,218.17811120152052,218.528395143318,217.24113005139031,217.98545837402344,57064400,-0.0020444756405830766,-0.003163579853875831,0.006284984812793271,0.8926767278771568,0.00590527965273246,0.020166184897761008
921,2017-09-26,218.41450678121012,218.65969880962976,217.8803355703037,218.1167755126953,54082000,0.0006024123794834413,-0.003560469992913484,0.005728893671276936,0.8371714527351917,0.0035731467123246694,0.022241979625591712
922,2017-09-27,218.8173513921312,219.35152265552344,217.9328962237479,218.96621704101562,81001400,0.00389443465007977,-4.0137286242858394e-05,0.00834090771663365,1.22554567991267,0.006478745675684849,0.019876071154557806
923,2017-09-28,218.68603656062376,219.30778227336725,218.59847558717362,219.22897338867188,44778800,0.0011999857841404893,0.003849487451174083,0.008421441592495249,0.6864592363664516,0.003235460510669342,0.017135749777795306
924,2017-09-29,219.2201484481118,220.07833394402294,219.03626110039076,219.99951171875,85578000,0.003514765033871825,0.007176027766922832,0.01095547186511614,1.3304984565126492,0.004736705256711579,0.014807231128442622
925,2017-10-02,220.22723165186667,220.9540557861328,220.05208300305776,220.9540557861328,59023000,0.004338846299818622,0.0136183277281543,0.014177943531165749,0.9197760579127147,0.0040821734630121275,0.011770701798183625
926,2017-10-03,220.95404381533672,221.45318002389556,220.87522158285677,221.42691040039062,66810200,0.002140058541018508,0.015175975712618417,0.014713837107148686,1.0614629031265082,0.0026101544748725752,0.010321791767788024
927,2017-10-04,221.27801525808573,221.93478248211568,221.16417133009227,221.68959045410156,55953600,0.0011863059157350975,0.012437413633427319,0.014395300610347883,0.890364725303158,0.0034760818062991223,0.010112089568685922
928,2017-10-05,222.0223769472458,223.02066274400573,221.72464563427442,223.00315856933594,63522800,0.0059252584324942514,0.017215722549468016,0.01856739859849621,1.0064155370274328,0.005811653601885432,0.004437370913670247
929,2017-10-06,222.5565842123152,223.03821633289445,222.29388793015156,222.74923706054688,80646000,-0.0011386453466313284,0.012498779294165763,0.015578136428485045,1.2609108793550194,0.003341553096052014,0.010771406184944432
930,2017-10-09,222.9768693682432,223.038160698137,222.1186838540164,222.3813934326172,35803100,-0.0016513799678231633,0.006459884347476796,0.012694009830026776,0.5757936096946242,0.004134684246410219,0.008505702660500436
931,2017-10-10,222.95062021490847,223.3446779380046,222.4076834727646,222.96812438964844,43057400,0.002638399499052646,0.00696037345447742,0.014192064368750312,0.700251152613716,0.004202369588948706,0.007619056613341613
932,2017-10-11,222.87179482447962,223.3184051513672,222.70542499501343,223.3184051513672,47674300,0.0015709903049039298,0.0073472764053974515,0.014555754316540881,0.7826901047555996,0.0027448707415686294,0.0010587346634647332
933,2017-10-12,223.00314375617472,223.3534142938193,222.74918625871257,222.98562622070312,47065100,-0.0014901545192322896,-7.861928389396589e-05,0.011879503479081732,0.8046448931742785,0.002709717416981335,0.0038486788937361904
934,2017-10-13,223.42347852453142,223.53732246594643,222.98563365689205,223.25709533691406,54800400,0.0012174287679971307,0.00227995517771018,0.01195327682220304,0.9706029020637825,0.0024710919409832747,0.010825706972077853
935,2017-10-16,223.48479666338406,223.7474929101981,223.14327818056006,223.55484008789062,38221700,0.0013336407092783276,0.005276730382701711,0.012183964929078694,0.6818060599552368,0.002702758434576938,0.005719174739555077
936,2017-10-17,223.5022625379271,223.75622001561544,223.283340128454,223.71243286132812,31561000,0.000704940109440555,0.0033381833108079295,0.011794305531581672,0.5709077625167697,0.0021137845631251195,0.006576261262877248
937,2017-10-18,224.08895315634518,224.1327403067566,223.73868267697827,223.93133544921875,40888300,0.0009784998763404662,0.0027446474796204434,0.011650477445862784,0.7523444581841285,0.0017597252701942287,0.006921846410809174
938,2017-10-19,223.15205150508817,224.02774137638139,222.73172410821817,223.99270629882812,61903800,0.0002740610173483926,0.004516345269395261,0.010648302871060444,1.1248596623829226,0.0057859797739762036,0.007036915073763028
939,2017-10-20,224.78955032052585,225.1748559155403,223.97515197434277,225.1485595703125,89176400,0.005160227270714524,0.00847213491935861,0.014326532474058684,1.5664058256207978,0.005328499296140806,0.005211877249016839
940,2017-10-23,225.47262092500108,225.49889055023027,224.19409456669527,224.2729034423828,63915300,-0.0038892370868409687,0.003212023296878197,0.008952604540934717,1.1159735813286265,0.005817894018883169,0.010698703608238214
941,2017-10-24,224.70196622052663,224.90335773374272,224.3078951942681,224.66693115234375,66935900,0.001756911797693661,0.004266630507779201,0.009238251034588085,1.1557445654965632,0.0026504236133926135,0.008224183313895406
942,2017-10-25,224.3342034646924,224.44804741295565,222.425206140693,223.55484008789062,103715300,-0.004949954400271905,-0.0016812982451644976,0.0032086209183119774,1.7563527577274896,0.00904852371555614,0.014963323047268773
943,2017-10-26,224.1678406117184,224.43928895455974,223.72123025429138,223.8438262939453,69798000,0.0012926859733435325,-0.0006646645211928481,0.0034664011984852916,1.1574648339504445,0.0032078557276153056,0.009976121739387667
944,2017-10-27,224.58816442841805,225.8316557049051,223.8525882021322,225.67401123046875,85562500,0.008176168924668437,0.002333799786057078,0.01038579546189533,1.4189068120047352,0.008769585350046252,0.0014746677636410244
945,2017-10-30,224.58819717105146,225.57773106670172,224.53565791322364,224.83338928222656,54285700,-0.0037249390998048693,0.0024991241975325096,0.0057487515672844935,0.9037849763688707,0.004634868320959163,0.006153509533053381
946,2017-10-31,225.20989389233412,225.43758178950736,224.88589294569937,225.18362426757812,60304800,0.0015577534389783487,0.0022998182802613787,0.006469777231676632,1.0094615679356245,0.0024499509926727233,0.0022556461286409313
947,2017-11-01,225.96299917495975,226.30450429401682,225.1135790161657,225.48135375976562,54202700,0.001322163159758638,0.008617633468000818,0.006947233542534459,0.9086481137899342,0.005281701825863535,-0.00407778335545983
948,2017-11-02,225.41130620582592,225.7090375198339,224.34296362077094,225.5689239501953,56449500,0.0003883699870055324,0.007706701966328389,0.00676152236901828,0.9519571873488576,0.0060561263277763904,0.003998407617998856
949,2017-11-03,225.72651693894687,226.36578001957756,225.31494172449962,226.32200622558594,59589700,0.0033385905389915482,0.0028713762456920033,0.009317956657426407,1.0230773872920238,0.004643111434910652,-0.00228299988963232
950,2017-11-06,226.1906872911022,226.80368090203288,226.1206438586212,226.67233276367188,49652600,0.001547911950448011,0.008179138727197444,0.009914000867460748,0.8424544971140869,0.0030133233954220875,-0.002124778141630923
951,2017-11-07,226.7773293605449,227.11009567348455,226.00671826193206,226.51463317871094,57502200,-0.0006957160719096578,0.0059107713336703505,0.008414685139563227,0.9638275126524759,0.004871108749437684,0.005103246826865249
952,2017-11-08,226.33953582279315,226.99630315000863,226.05930868277113,226.89996337890625,50469600,0.0017011271845350784,0.006291471979771979,0.009325459855222817,0.8439728913156809,0.004129548781252049,0.002508655615060418
953,2017-11-09,225.69161378281552,226.26957244208836,224.4918959259359,226.07691955566406,95085500,-0.0036273422480362916,0.0022520637886311867,0.004973317212259909,1.528680104972513,0.0078631490540757,0.008482282575322797
954,2017-11-10,225.69156988015266,226.181954091306,225.37630761644823,226.00680541992188,59984700,-0.0003101339839555184,-0.001392709489106858,0.004048006440893426,0.9603658390150793,0.003564700068924409,0.00829141681151957
955,2017-11-13,225.32370983191618,226.4445915553938,225.28867476195268,226.21690368652344,50228600,0.0009296103549236712,-0.0020091957037530195,0.004387467074993712,0.7965131320893607,0.005109771969308341,0.017574626057757392
956,2017-11-14,225.41133166696056,225.7966373460059,224.63195485854894,225.69155883789062,61315200,-0.002322305893465826,-0.0036336475452821704,0.001614903469100204,0.9499117056734944,0.005160505308457388,0.01932246008734273
957,2017-11-15,224.71950739532375,225.24492660887586,223.85258306351813,224.5618896484375,80811500,-0.005005367481486278,-0.010304425331987943,-0.003537971552143415,1.2143983403580838,0.0062002664278320505,0.033419089687982906
958,2017-11-16,225.50757654770894,226.83864184524268,225.4638027572062,226.47084045410156,67777000,0.008500778153642363,0.0017424197888564752,0.004380503893307797,1.0140468461605041,0.006070711290158863,0.022581536051121898
959,2017-11-17,226.12057527072577,226.44457615505033,225.72650425123962,225.80531311035156,75756800,-0.0029386888944092915,-0.0008915320456653886,0.0012831226614600233,1.1449305928296298,0.0031800487504905902,0.024354630240870367
960,2017-11-20,226.05061747017868,226.38335720446997,225.80539862816946,226.19070434570312,48075500,0.0017067412189863962,-0.00011581513314595782,0.002565759926326683,0.735378641109357,0.0025551827073193186,0.01893139023804835
961,2017-11-21,226.96128662826206,227.85450736960243,226.15566693976137,227.67059326171875,69176800,0.006542660187103921,0.008768756944293354,0.008453909169120255,1.056340619794308,0.0074618351254883124,0.012500351862053893
962,2017-11-22,227.67933423372872,227.8106823510006,227.3027940562393,227.46917724609375,45033400,-0.0008846817357455183,0.012946487056230804,0.006689032919556359,0.7199225809937683,0.002232778528107253,0.01659220710223508
963,2017-11-24,227.9595595227246,228.0996730879914,227.8194459574578,227.99456787109375,27856500,0.002309722272532788,0.006728139542984568,0.008088298668850857,0.4607728193907507,0.0012290956453490664,0.019780412762755217
964,2017-11-27,228.0383397655632,228.33607103290558,227.67930381037564,227.88072204589844,52274900,-0.0004993356914524405,0.009191143055755413,0.00709360997188635,0.8891550264102085,0.0028820657431375607,0.02336426038396877
965,2017-11-28,228.34488846422593,230.21885080268228,228.24854868654762,230.1925811767578,98971700,0.010145040397027127,0.0176924902490172,0.016107323002394258,1.6217966911130934,0.008559364103145126,0.014874219312456027
966,2017-11-29,230.3239366934897,230.85812140299734,229.60589132054656,230.05247497558594,77512100,-0.000608647769861359,0.01046196471728389,0.01439880390079784,1.2524915641702752,0.005443236733635102,0.01537808060228496
967,2017-11-30,230.97193141811024,232.97724165581693,230.89312254939045,232.06654357910156,127894400,0.00875482258440985,0.02021094193361428,0.02179619621210005,1.950474684581928,0.008980696115362632,0.00245287027245511
968,2017-12-01,231.84762285727766,232.32924152209492,228.3448639162651,231.58489990234375,164390900,-0.0020754550368594638,0.01574744549738538,0.018326805199987417,2.3164094567719133,0.017204824699321844,0.012902885311522283
969,2017-12-04,233.20494992982626,233.63402938279867,231.2521520432385,231.30471801757812,94040600,-0.0012098452225675072,0.015025386706428057,0.015981778502651256,1.2937119383853672,0.010297573521086373,0.020560617453138974
970,2017-12-05,230.47280883789062,232.1891534245384,230.34146070798212,230.47280883789062,77994500,-0.0035965940808189156,0.001217361826781227,0.011483459990264011,1.052449127363691,0.008016966191686008,0.020310818148991716
971,2017-12-06,230.5690950319757,230.94566192575616,230.05244129856732,230.5165557861328,75898600,0.0001898139240927854,0.002017282407399179,0.010787811770003541,1.0116112185088548,0.0038748654045375618,0.01958240521216048
972,2017-12-07,231.24339294433594,231.55862841900824,230.25385927562056,231.24339294433594,77218600,0.003153080071513159,-0.0035470456967660047,0.013010246166277106,1.0111793521865873,0.00564240615385611,0.0184711516844831
973,2017-12-08,232.19789777336138,232.51313325649454,231.20836407808713,232.50439453125,76563900,0.005453135637123241,0.003970442931702234,0.017102405702514867,1.0149139415110073,0.005611804374871903,0.012682668863365665
974,2017-12-11,233.20498657226562,233.26629128201768,232.47817567813922,233.20498657226562,83077500,0.0030132421472208737,0.008215433610580636,0.018563513746290727,1.0846554111350253,0.0033794972202887737,0.00843272162949904
975,2017-12-12,233.99305630118846,234.08939607247345,233.23997592537404,233.61651611328125,85195800,0.0017646687022625507,0.01364025236314026,0.01871474372699944,1.087488277332372,0.003635959311573341,0.007145977359543476
976,2017-12-13,233.86170216271307,234.29954703708705,233.5026661588548,233.59024047851562,102905400,-0.00011247336105668637,0.013333899953088313,0.01684898813742497,1.279578599306751,0.0034114476555177444,0.009331505163447718
977,2017-12-14,233.8880027980811,234.00184675634205,232.58323345110134,232.63577270507812,100666700,-0.004086077275669786,0.006021273702195407,0.010917545170724408,1.236477768955935,0.006098001561604825,0.009651306983895713
978,2017-12-15,233.6400396374906,235.0395001397508,233.5872318344265,234.57301330566406,144610300,0.008327354723049574,0.008897116884971412,0.017544531308180344,1.696194197822094,0.006191114164662705,0.008479879986810657
979,2017-12-18,235.97246388492815,236.41254679897668,235.8668482832412,236.06048583984375,83653600,0.006341192080102642,0.012244589232628833,0.02172438125489773,0.9766845141804927,0.002311689369756267,0.008463872438182252
980,2017-12-19,236.3069151541698,236.35091269837585,235.08347184312157,235.15390014648438,82382900,-0.0038404805028421363,0.0065808019860105205,0.015830023345795086,0.9429634232236115,0.005389835569236793,0.01661866430091763
981,2017-12-20,236.12202116287426,236.1748289512224,234.7313713021679,235.03062438964844,76751500,-0.0005242343705936792,0.006166284636644592,0.013686021273381588,0.8747139000662034,0.00614157262613335,0.023930324592658092
982,2017-12-21,235.65555446583778,236.22768365572136,235.26827941138984,235.5147247314453,67032300,0.002059733037147904,0.012375362537286883,0.014014607731026807,0.7544890020652344,0.004073648666449711,0.0236940248827755
983,2017-12-22,235.5323824781393,235.56759663243676,234.91625565031677,235.4531707763672,78720900,-0.00026135926383508146,0.003752168496707009,0.01212445768220749,0.8613934532110421,0.002766329202415507,0.026279305375097817
984,2017-12-26,235.0483031821687,235.3915807913124,234.90750026924763,235.17153930664062,45244400,-0.0011961251946530638,-0.0037657574500047364,0.009332182562157065,0.4969927939757677,0.0020584145662013074,0.02593652743456132
985,2017-12-27,235.33874224882416,235.6468056592384,235.01308519172568,235.2859344482422,57751000,0.00048643276282001047,0.0005614803823179582,0.00872061555269843,0.6490678114638451,0.0026934056597935803,0.03291899537079157
986,2017-12-28,235.7876095189502,235.8140134163414,235.4003344501955,235.76998901367188,45116100,0.002057303453199655,0.0031458224899136855,0.009558535265769885,0.5164655068350308,0.001754587035765271,0.03751835915166901
987,2017-12-29,236.35090053903332,236.3684941837051,234.6874012899225,234.88101196289062,96007400,-0.003770526751518455,-0.0026907564666170947,0.005146294212418079,1.1194743260482354,0.007157210707386678,0.03788532856342308
988,2018-01-02,235.74361651795525,236.5973784613616,235.35634139761444,236.56216430664062,86655700,0.007157463814127407,0.004710038631532187,0.011263615351286171,1.0583981791130401,0.005246135058768168,0.040331701469709325
989,2018-01-03,236.72941257737043,238.20811170109027,236.72941257737043,238.0584716796875,90070400,0.00632521847875589,0.01227585779111906,0.016193144646044377,1.1027785132390684,0.006211495492206087,0.03205552065840256
990,2018-01-04,238.70099949537035,239.5459512266381,238.12008678620776,239.0618438720703,80636400,0.004214814055149008,0.016048173184184833,0.01860890819989569,0.9856790236941462,0.00596441664355838,0.03239924129183103
991,2018-01-05,239.85402929055562,240.77819278482892,239.36113851220546,240.6549835205078,83524000,0.006664131852383903,0.0207193227911322,0.023187049317691555,1.0162400820350692,0.00588832299208424,0.03390348389649356
992,2018-01-08,240.5581013991269,241.25343986955644,240.26765851734245,241.0950164794922,57319200,0.0018284805597923448,0.026455967916143575,0.022915639191378512,0.7059512943462636,0.004088767020606759,0.03420722876498794
993,2018-01-09,241.51748045262772,242.26562672470052,241.23582096140757,241.64071655273438,57254000,0.002263423281039012,0.021468150923368956,0.023247697156283165,0.7136342291154265,0.004261722850288835,0.031470874957991724
994,2018-01-10,240.88379724256805,241.5351382742084,240.2148894232378,241.2710723876953,69574300,-0.0015297263239094638,0.013495006858358805,0.019940527737401403,0.8745586231373647,0.005472056131325697,0.0334888676855043
995,2018-01-11,241.82548851114623,243.03131103515625,241.65825490528132,243.03131103515625,62361500,0.00729568874561326,0.016604352659515653,0.025341279498104052,0.7953065797410852,0.005649708772201383,0.037882440840569354
996,2018-01-12,243.29544343228133,244.78289892979492,242.99616342156756,244.61569213867188,90816100,0.006519246827773717,0.01645803697984305,0.029631015243052117,1.1671905133487563,0.00730425547357964,0.024323606801614828
997,2018-01-16,245.87435546460017,246.5256696509318,243.08421767570212,243.77955627441406,106555100,-0.003418161185603008,0.011134779283794138,0.023710653185257557,1.364309464864823,0.014117065548169926,0.017294515006787803
998,2018-01-17,244.7124689067845,246.4903939539756,243.7794954120626,246.10311889648438,113258800,0.009531408857987866,0.018467096139305417,0.030972140857151276,1.4798440646465871,0.01101529535289332,0.008190102385735143
999,2018-01-18,245.98881316520004,246.41127567131488,245.19664224516322,245.68955993652344,100728000,-0.0016804295768997335,0.018313374683095462,0.027167969799349434,1.301597146844472,0.004943773054359648,0.008740918787062846
1000,2018-01-19,246.2703511928904,246.80726623535156,245.6894654703297,246.80726623535156,140920100,0.004549262488470873,0.015536908327211663,0.029333376895832153,1.75459560036586,0.004529043176370412,-0.01768805115574812
1001,2018-01-22,246.59601814517936,248.81402587890625,246.54318349531874,248.81402587890625,91322400,0.008130877482517285,0.017162977990203387,0.03472869163481129,1.126833207464568,0.009126665490685356,-0.06636230123910569
1002,2018-01-23,248.85810149413138,249.63265179478304,248.53244440420556,249.3422088623047,97084700,0.0021228022879042907,0.022818371945959814,0.03395241834516538,1.1761281055023547,0.0044124394164850485,-0.04998430012170085
1003,2018-01-24,249.98469742589643,250.58323062359455,248.06594230116605,249.245361328125,134816100,-0.00038841211290130406,0.012767991099545295,0.030603685973855432,1.5795531347485556,0.010099639604183263,-0.05477079739722146
1004,2018-01-25,250.1079239839861,250.20472933165445,248.5588235370582,249.35096740722656,84587300,0.0004237032879521596,0.014902576534587375,0.028026672170289313,0.9687277286577911,0.006600759610883085,-0.09061066434374154
1005,2018-01-26,250.1871555817258,252.28195470890776,249.93189995130047,252.23793029785156,107743100,0.011577909324531177,0.022003663609001745,0.036307701821143734,1.199577565783786,0.00931681747797513,-0.08751499107870131
1006,2018-01-29,251.66583545348206,252.10591841417175,250.40720463243727,250.5656280517578,90118300,-0.0066298603232235465,0.007039804796631577,0.026317777880159765,0.978827035273901,0.006779516388351519,-0.06793625920456214
1007,2018-01-30,248.73494175916252,250.6184832193841,247.52030826043574,247.99560546875,131796400,-0.010256884006759837,-0.005400623503332813,0.013069979918324037,1.404224155882941,0.012492862335573783,-0.055934543557231264
1008,2018-01-31,248.84928127883944,249.35095536070756,247.0449253089572,248.1187286376953,108364800,0.0004964731883558837,-0.004520175157629147,0.011186091083845495,1.1413723351647918,0.009294058793593272,-0.04366783760781889
1009,2018-02-01,247.38824606458448,249.13976768175868,247.04496845650746,247.8371124267578,90102500,-0.0011350058598306179,-0.006071181500556966,0.008029789205679094,0.9490052336555105,0.00845232259502817,-0.030364445129625772
1010,2018-02-02,246.5168725544824,246.6489189381392,242.40651252489292,242.4417266845703,173174800,-0.02176988623437892,-0.03883715506907914,-0.014592225807762538,1.7392078974742413,0.017498664405924933,-0.008495303663411335
1011,2018-02-05,240.68135019801932,242.7937427585855,231.75645603942664,232.30215454101562,294681800,-0.04182271873004273,-0.07288898183181614,-0.054199152071775836,2.675788335975009,0.04751263173157568,0.028303116219134505
1012,2018-02-06,228.79028765425716,237.38071398653761,227.6988907174772,236.87901306152344,355026800,0.019702178524994007,-0.04482576369131419,-0.034736370524767524,2.839888494396383,0.04087244008630595,0.003418490588473988
1013,2018-02-07,236.32451994416607,239.72194707712518,235.5147555804733,235.593994140625,167376100,-0.005424790082879549,-0.05047879523580434,-0.03878851412173734,1.2823745244519154,0.017857804533593643,0.010199037713226833
1014,2018-02-08,235.89323554460609,236.0340652904315,226.7218964441149,226.75711059570312,246449500,-0.03750895084213046,-0.08505587248271529,-0.07209519755297567,1.7683844367215944,0.04106671152164993,0.06629690525797005
1015,2018-02-09,229.54720334517796,232.0204668082653,222.61150677597604,230.163330078125,283565300,0.015021445076070838,-0.050644733373063966,-0.05567046680720589,1.8851017521093651,0.04087949209413831,0.0627153277277408
1016,2018-02-12,232.2140779480672,235.01302496426297,230.30413364191847,233.5431365966797,143736000,0.014684383117881783,0.005342103081721339,-0.039622109092586566,0.9390189396192516,0.02016283326054912,0.03425818054876162
1017,2018-02-13,232.33734911294388,234.66978292825414,231.75643650715458,234.12408447265625,81223600,0.0024875399227846096,-0.011630108354730662,-0.0353179810221802,0.5350563641942607,0.012443599844337313,0.02124077365116661
1018,2018-02-14,232.63664543929073,237.6447915281146,232.62783518497517,237.28392028808594,120735700,0.013496415042249632,0.007173044260424755,-0.02051858694946118,0.7933864670613786,0.02114326304558844,-0.0070105157736605195
1019,2018-02-15,239.0266414316785,240.3204862790797,236.56216098587512,240.31167602539062,111200300,0.01276005442605932,0.05977570182508907,-0.006918064535243351,0.7282211386833168,0.015639378640959045,-0.01446746111801167
1020,2018-02-16,239.68679883222927,242.32729669194248,239.64277441824743,240.38211059570312,160420100,0.0002930967461816092,0.044397952159058285,-0.00530645056507828,1.0438832850456818,0.011167729025435382,-0.0033686093193959765
1021,2018-02-20,239.43153825575493,240.8750232824043,238.08488544944555,238.8770294189453,86369700,-0.0062612029365579636,0.022839004819384057,-0.009498007345707493,0.5629307356523939,0.011680226599207129,0.005453321916353504
1022,2018-02-21,239.31709396501657,241.79916815751923,237.5919763859256,237.68878173828125,98883700,-0.004974307004547152,0.01522567519550222,-0.012038110083831821,0.644115457153578,0.017700422126889333,0.010109023640491266
1023,2018-02-22,238.61295297407747,240.32926016216408,237.3279184312155,237.996826171875,110511300,0.0012959990427017232,0.0030044424541011416,-0.008439695434186656,0.7255999055306431,0.012610847712654336,0.013683341283396766
1024,2018-02-23,239.2203354791117,241.7904052734375,238.74503829666784,241.7904052734375,92766400,0.015939620551170153,0.006153380778263218,0.008954471764655247,0.6074585604788507,0.012595069574103623,0.015142835001138444
1025,2018-02-26,242.86417085379668,244.69493097156393,242.274474741448,244.5980987548828,86491400,0.011612096345469558,0.017538693494003388,0.02230008704388564,0.5703366755198535,0.009895646133135068,0.002230757478751899
1026,2018-02-27,244.7829033072066,245.4958623330936,241.4822814822058,241.5438995361328,99099200,-0.01248660244824995,0.011164196589661612,0.011441923982110858,0.6515450453675595,0.016616361906036978,0.008345009081277777
1027,2018-02-28,242.64412865675416,243.09302186073816,238.78021432655427,239.09706115722656,121907800,-0.010129994521100416,0.005924888034875675,0.0030648229377148173,0.8041181406811968,0.018037894373565108,0.013436451084960499
1028,2018-03-01,238.88584580420968,240.43494648514266,234.124144749757,235.6204376220703,176855100,-0.01454063683731388,-0.0099849589930604,-0.008922114924058366,1.1407882745441162,0.02678376204999689,0.02726928733712608
1029,2018-03-02,233.94803375692632,237.3982951408114,233.0854885563493,236.83497619628906,139083200,0.0051546401767017525,-0.02049473001852331,-0.0015030575220250642,0.8831919198307775,0.018210175936545947,0.023109399217857707
1030,2018-03-05,235.64682480585518,240.18848404862402,235.54118233557838,239.57235717773438,97307400,0.011558178717558043,-0.020546936393748716,0.010649053317476787,0.6331633140409978,0.019398321942451346,-0.0022656438786406996
1031,2018-03-06,240.54935743747617,240.62859601487241,238.68340981220095,240.17970275878906,79213200,0.0025351237856048314,-0.005647821286166144,0.011530421562707449,0.5542830860782043,0.00809887838284571,-0.0030961695614544205
1032,2018-03-07,238.01440522554475,240.44364413738393,237.82076770947924,240.09158325195312,87063500,-0.0003668898987873037,0.004159491086645373,0.010475718420832392,0.6722379252881517,0.010924483034260423,-0.004644401823695743
1033,2018-03-08,240.7693107290197,241.37662719632826,239.77474607466175,241.25341796875,66901200,0.004839131389198448,0.023907010798930983,0.014157738589648305,0.5374057408041406,0.00663982767644769,-0.034198810128580615
1034,2018-03-09,242.66168733754333,245.45179748535156,242.3448137270759,245.45179748535156,113625300,0.017402362842981134,0.03638322948516204,0.027768023721087776,0.9641684960716761,0.012658223692418051,-0.070952196792613
1035,2018-03-12,245.74227087490794,246.36718099254543,244.75646274134198,245.14373779296875,71924800,-0.0012550720570754237,0.023255523637483178,0.023268786507206318,0.6705278175659573,0.006570505392896274,-0.04433502596207828
1036,2018-03-13,246.30569974581363,246.80740091322795,242.95226876032226,243.55958557128906,91968900,-0.006462136197896928,0.014072308249520882,0.01453538562107548,0.8785920654076962,0.01582829164314419,-0.05448228944373301
1037,2018-03-14,244.51890227060835,244.7037296005574,241.75519513417626,242.30967712402344,105895100,-0.005131838454782489,0.009238532405122513,0.0076111441476922614,0.9998483162752482,0.012168455265086147,-0.052413389994097614
1038,2018-03-15,242.82018938069317,243.46269334085287,241.54393799427896,242.04563903808594,83433000,-0.0010896720637465496,0.0032837713803439694,0.005517668370621953,0.801885473189126,0.007927246093750057,-0.03925856772329406
1039,2018-03-16,242.57318673061928,243.3596846887556,242.25507090582929,242.30809020996094,100343700,0.0010843044845509908,-0.012807839696420409,0.006190708519724808,0.9694743737391694,0.004558716062551479,-0.06101403768020497
1040,2018-03-19,241.5569418332519,242.4848066021143,237.3770736672259,239.02957153320312,109208400,-0.013530372320284312,-0.02494114805791703,-0.007144610061448509,1.0818859804652377,0.021368623564548845,-0.03593479034400293
1041,2018-03-20,239.42722013482984,240.07232421525157,238.75560640551987,239.43606567382812,59757300,0.0017006018879490714,-0.01693023039018926,-0.0055716146693035595,0.5999006444956755,0.0054992459303328115,-0.02727457770301489
1042,2018-03-21,239.39183722807212,241.48618015205858,238.7644242982943,238.97650146484375,78709600,-0.0019193608435348342,-0.013755850359511768,-0.007745618884407501,0.7982451701155205,0.011389219597244296,-0.01771208801368751
1043,2018-03-22,236.74967967138895,237.59801555422393,232.72886909023754,233.00283813476562,148785900,-0.024996864936349894,-0.03735990013807866,-0.03154479561021617,1.480206038738514,0.0208973697615226,-0.014981132376961637
1044,2018-03-23,233.4446648554846,233.77162621271538,227.8420401470805,228.0364532470703,183534800,-0.021314696968724567,-0.05889872249219663,-0.04947017520788288,1.7470280453825142,0.026002799031479232,0.011432024563793775
1045,2018-03-26,231.64190216567016,234.55807137654898,229.23826181576712,234.27528381347656,141956100,0.027358917741308053,-0.01988995624780321,-0.021359219167107257,1.3164967481980094,0.02270751516842616,0.00015091055992888514
1046,2018-03-27,235.21206754040583,235.74226061596968,228.73459679677995,230.28990173339844,129941400,-0.01701153452982762,-0.03819877308245223,-0.03574083945335138,1.188081442407129,0.030429748618775083,0.01212573661009042
1047,2018-03-28,230.42241304991515,232.09260187443158,228.50479184044528,229.60940551757812,146452300,-0.0029549546493276013,-0.039196723903181074,-0.03667671949597384,1.3241856702484973,0.015625710218180197,0.02347703785872146
1048,2018-03-29,230.74938233105553,234.40787590041907,229.61825896543695,232.54327392578125,111601600,0.012777649075784492,-0.0019723545544049204,-0.023737525464333165,1.039747069313195,0.02059666940317861,0.0076001531762952546
1049,2018-04-02,232.0130331334397,232.52558895343842,225.0495580668502,227.52389526367188,186286300,-0.021584707987345908,-0.0022477019621205407,-0.04293930262973322,1.6982129347341446,0.03285822299202647,0.038295672337600895
1050,2018-04-03,228.76108647586676,230.91729468859214,226.96719481188146,230.44009399414062,119956900,0.01281710972418626,-0.016370441460608398,-0.028807174781769196,1.0823703205233444,0.017141547758660086,0.03612366527035071
1051,2018-04-04,226.8876158275027,233.61248995758348,226.75506759941308,232.90554809570312,123715300,0.010698893837568058,0.01135805930966427,-0.016909554623779632,1.094311724573247,0.029442932614695015,0.02591436229935895
1052,2018-04-05,234.66417270272734,235.6274197824514,233.57724985427006,234.7437286376953,82652600,0.007892386235629045,0.022361118476586617,-0.008031029158155345,0.7325245978497777,0.008733651544512935,0.012234333160103361
1053,2018-04-06,232.78185874931796,234.27527149553967,227.99224241099677,229.51219177246094,179521200,-0.02228616242740511,-0.013034486451273253,-0.027726217319815394,1.515413288605079,0.02737557877000241,0.02652860511959365
1054,2018-04-09,230.970332966311,234.03674208867398,229.70666119589032,230.64337158203125,105442900,0.004928626234774303,0.013710543741984882,-0.01985991761793371,0.8931720929854333,0.018773922975035974,0.021341152797099472
1055,2018-04-10,233.53298611524056,235.0971362790858,232.39304426307268,234.31063842773438,103529000,0.015900161450765227,0.016796315113862814,-0.0019782733967965704,0.8653766303339547,0.011540628433083705,-0.008183953119417775
1056,2018-04-11,232.8260584961061,234.743679746807,232.75537508521705,233.08233642578125,91140200,-0.005242194764161101,0.0007590558985115514,-0.004989894305054365,0.762085262721503,0.008530481940758613,-0.0004925604001863038
1057,2018-04-12,234.40789632285558,235.94551011855185,234.2311473257847,234.9999542236328,68890500,0.008227212011246321,0.0010915119540124696,0.0047639291391081695,0.5850923558480572,0.007295162241332711,0.0014290021068170677
1058,2018-04-13,236.30778850590198,236.42267263862578,233.30324481789924,234.31063842773438,85079200,-0.0029332592773293475,0.020907153638402898,0.003476029277985404,0.7220794590226238,0.013313214635316827,0.005317475853720666
1059,2018-04-16,235.94546967540268,237.00590953983792,235.1236436129237,236.23707580566406,63405300,0.008221723908297118,0.024252612096608006,0.013043297251949193,0.5466994957851613,0.007967699060339815,-0.010548550051533878
1060,2018-04-17,238.00444665400536,239.3653381248785,237.49191782290248,238.76443481445312,64682000,0.010698401172507532,0.019008084381505252,0.02393945038294487,0.5686228692905849,0.007846312217445075,-0.019282492353811742
1061,2018-04-18,239.2062432794845,239.74528167427843,238.48161041636098,238.94114685058594,57303900,0.0007401103781228269,0.02513622659978032,0.02480603386118041,0.5043054457321106,0.005288629750771419,-0.02659080605855446
1062,2018-04-19,238.28724837406062,238.49050699178184,236.5817313909208,237.61566162109375,77655900,-0.005547329319219529,0.011130671944607151,0.019418592734567808,0.6837311167747354,0.008033037838662405,-0.023318144047345335
1063,2018-04-20,237.54496094582333,237.7658836822387,234.7171391324635,235.600830078125,99953100,-0.008479371810860004,0.005506329798117715,0.010211577406078698,0.8993843300075741,0.01294029630016258,-0.00221296997681919
1064,2018-04-23,236.17531609521794,236.73204585987767,234.48746268595818,235.56556701660156,65558000,-0.00014967290867240468,-0.002842520746467847,0.00843259401979135,0.6229606289889738,0.00952848585787288,0.0013129270097698154
1065,2018-04-24,236.59058307701824,236.81150581015282,230.89076577490286,232.39305114746094,112885500,-0.013467655350992147,-0.02668481037363657,-0.004747658875439931,1.0877106583947,0.025477267956231023,0.014982359616420471
1066,2018-04-25,232.3312705161171,233.40937492328698,230.5108686927491,232.967529296875,103840900,0.0024720108737223967,-0.02500037198468097,-0.0028591087230048773,1.0133030984420697,0.01244167476594663,0.022265545174930734
1067,2018-04-26,233.9925689185512,236.16644142701392,233.5507233779955,235.3357696533203,67731900,0.010165538363191562,-0.00959487246008639,0.006044466901058643,0.6873431436730129,0.011114834148976644,0.021441272803251588
1068,2018-04-27,235.94540563673044,236.24585722421585,234.61986965000725,235.55657958984375,57053600,0.0009382761356198088,-0.00018781974692783088,0.006340246889613432,0.595460735938855,0.006902747429258028,0.02359731240343277
1069,2018-04-30,236.1752674598288,236.73199710984161,233.67440680470918,233.7451171875,82182300,-0.007690137144536147,-0.007727996294862871,-0.002723936935324911,0.9069992046044869,0.013080873482716528,0.032021147981032394
1070,2018-05-01,233.17955034822333,234.26650003565555,231.6242454884394,234.16046142578125,74203400,0.0017769108646152887,0.007605263021392306,-0.0017441314232862215,0.8401526086533905,0.011283948328115252,0.02309588073457869
1071,2018-05-02,233.96606511885076,234.7790458316721,232.19868291240678,232.58750915527344,86368900,-0.0067174119017798795,-0.0016312150570876316,-0.00838260352420972,0.9990154881759974,0.011094159478455474,0.034346387208957996
1072,2018-05-03,231.7567896085878,232.728828047359,228.920122334684,232.0749053955078,136311500,-0.0022039178356023648,-0.013856220253368967,-0.010004823450499689,1.5292365815482152,0.016411536207174584,0.03575538614269291
1073,2018-05-04,231.10284331231682,235.75991179330262,230.77588198168894,235.07945251464844,91222100,0.012946454137383823,-0.0020255306645481364,0.0016227236983092919,1.0767226294986763,0.021201469368332445,0.019960707942475286
1074,2018-05-07,235.84833775703208,236.84688607701938,235.15903278879605,235.87484741210938,55304900,0.0033835151858343515,0.009111335672954413,0.003892881367507206,0.6726853903549719,0.007155715442920396,0.024164503534477966
1075,2018-05-08,235.50368527291405,236.23713704212827,234.31069685820916,235.87484741210938,67499200,0.0,0.007321415305937551,0.003558829919012352,0.839400143868672,0.008167213270320965,0.021316905992343038
1076,2018-05-09,236.54635456407956,238.48163963646277,236.02498021129696,238.15467834472656,59666100,0.009665426210680117,0.023935804677011063,0.012166480123305679,0.7568007117207516,0.010315394357316885,0.014322797618227634
1077,2018-05-10,238.8970733621426,240.70865648473887,238.79103473411064,240.3816680908203,72063900,0.009351022459740177,0.035793455053470424,0.02046424372648281,0.9122176626465944,0.007977404291510774,0.0028670810509789924
1078,2018-05-11,240.505332872426,241.38017828562056,239.99277701782748,241.11508178710938,59871500,0.0030510383845574474,0.025674848260440086,0.0221014925309031,0.7701683837655351,0.005754104046540214,-0.002565480538255449
1079,2018-05-14,241.54801989158554,242.20194239925777,240.68199327129196,241.2299041748047,54790600,0.0004762140420426775,0.022702958036637133,0.021507226543701075,0.7087362590880621,0.00630083211766482,-0.01450619741881376
1080,2018-05-15,240.00160341803257,240.01926752715545,238.6230477994931,239.568603515625,87036100,-0.006886794010314112,0.015659813430899838,0.014299616140524218,1.1097981113587712,0.0058280580475616964,0.005569869445098297
1081,2018-05-16,239.60401119596355,241.0355864236159,239.57747457430713,240.5760498046875,53942600,0.004205251749513028,0.010167221894570755,0.018212600637255605,0.689299756827176,0.00606091857644413,-0.004775284034546412
1082,2018-05-17,240.3109684004157,241.4509375108513,239.59518074151995,240.37283325195312,56536400,-0.0008447081615121643,-3.6753380311171924e-05,0.016759257772068326,0.7323261157139873,0.007720326561971293,0.005845398809146696
1083,2018-05-18,240.0280826839939,240.39039913594385,239.4183338951149,239.7718048095703,64368000,-0.002500400874140496,-0.005571103091448704,0.013323053471957502,0.8534394599338362,0.0040541265542084065,0.013157639344304028
1084,2018-05-21,241.25653012595149,242.11371162243094,240.86770386147953,241.57464599609375,58025900,0.0075189874303831505,0.0014291006849600496,0.019647491033689457,0.7732120074464391,0.00515785816766368,0.006328072119999195
1085,2018-05-22,242.09595749896323,242.35223541747547,240.5760080340291,240.90296936035156,52966400,-0.0027804103074337005,0.005569869445098297,0.014989582719335814,0.7351409749794967,0.0073732066821867856,0.017570890263042704
1086,2018-05-23,239.63046143928264,241.59225621956955,239.47137658934227,241.5657196044922,64694200,0.002751108655490553,0.004113750311421915,0.01594172823650175,0.9229901140608465,0.008779721036990377,0.014669402942319554
1087,2018-05-24,241.16808183683872,241.44202385280352,239.2858159433283,241.07086181640625,76043800,-0.0020485430999735987,0.002903941160944168,0.012639294411513236,1.0785196539889264,0.008944290874594972,0.019758184472004947
1088,2018-05-25,240.4965057373047,241.1239188105329,239.99279538347892,240.4965057373047,56374800,-0.0023825197071679627,0.0030224609949862646,0.009179607573239323,0.7999417654518435,0.004703284247670148,0.023553060338950438
1089,2018-05-29,238.87054465819892,239.6305330453535,236.61714308785497,237.73057556152344,115908600,-0.011500916270286599,-0.01591255745701259,-0.0032603520936385078,1.60627339724275,0.012675651629500566,0.03679995347855325
1090,2018-05-30,239.03839445916907,241.3448148214591,238.96771105135883,240.90296936035156,69678400,0.013344492147612463,0.0,0.008614980150408513,0.9686475858080139,0.00986747393115152,0.019881596043328953
1091,2018-05-31,240.4964893453796,240.7969410355754,238.8263274545693,239.42723083496094,93519900,-0.006125862745938848,-0.008852616890478227,0.0010030761998653936,1.2936545773973045,0.00823053240073787,0.028751770987673675
1092,2018-06-01,240.72631368058035,242.07836008535472,240.65560328518157,241.7779083251953,71258400,0.009817920384564527,0.0029329405613836013,0.008784699159954501,1.0321531769406067,0.005884560793947788,0.01745012687472891
1093,2018-06-04,242.5996744069565,243.18291366768244,242.3610875599762,242.9266357421875,45385200,0.0047511678173968175,0.010104637476676004,0.011921025039277833,0.679961247548476,0.003383021813130566,0.010556178095580293
1094,2018-06-05,243.05914705685763,243.48332835514094,242.2903403653031,243.1033477783203,51135000,0.0007274296439043759,0.022600257472587648,0.011134831580331683,0.7685053333984588,0.004907328511681734,0.0059510340841253395
1095,2018-06-06,243.71311960206987,245.24188759157823,243.09452518802559,245.13584899902344,62732200,0.008360646775446678,0.017570890263042704,0.01762866591718759,0.946188455789526,0.008759887271980375,-0.0006874476625690074
1096,2018-06-07,245.6219003146421,245.91350645027276,244.19914391979617,245.10934448242188,72969400,-0.00010812174845009626,0.02373211112055018,0.016051926620765267,1.0896636925537218,0.0069942765099253006,-0.006844902781376394
1097,2018-06-08,244.64984175340834,245.88700367386923,244.48193831762,245.833984375,72139700,0.0029563943965835726,0.016776040780157597,0.017905467816791365,1.0772126834182845,0.005715504956816345,-0.00796674267282127
1098,2018-06-11,246.05489585535383,246.8767219183447,245.94001172368942,246.1609344482422,58892500,0.0013299628774818828,0.013313890822112873,0.018195588024852327,0.880044584641894,0.0038052755883255045,-0.022770941192084004
1099,2018-06-12,246.57624272588066,246.84133917851108,245.83394569041246,246.4790496826172,72329000,0.001292305926153814,0.013885871729644395,0.018405824663731307,1.0668493694210606,0.004087136368773741,-0.021871634384929672
1100,2018-06-13,246.71758925021246,246.9738670840869,245.48924632931235,245.6925048828125,79070600,-0.003191122331968943,0.002270805702479173,0.013873274076801945,1.1731795416963717,0.0060425968447130945,-0.026869081682286522
1101,2018-06-14,246.55862013095637,246.84138073866893,245.71910294277393,246.31118774414062,77097600,0.002518118579250883,0.004903294340966813,0.015224981679755833,1.1245881122522656,0.004556341131612684,-0.023763663677616176
1102,2018-06-15,245.52650527534564,246.33427828335442,244.4169314328949,245.99696350097656,120041600,-0.0012757205470117494,0.0006629641804445363,0.012755999792155137,1.6734837496912098,0.00779418909555732,-0.021109244539813776
1103,2018-06-18,244.54121078049525,245.61529785717133,244.06189434330213,245.4910125732422,52917600,-0.0020567364756612916,-0.0027214792489377304,0.009484578325226867,0.7436525281959959,0.006327740871596028,-0.016994562388946255
1104,2018-06-19,243.2185755347167,244.77197884561363,242.80137470479337,244.55006408691406,97531500,-0.0038329243765996557,-0.007826164528737856,0.005000479742702124,1.3335941320025946,0.00805808065590977,-0.016696935695280524
1105,2018-06-20,245.23361787913623,245.63307538812606,244.63001607421887,244.9673309326172,53785500,0.001706263489486659,-0.0029515509662828565,0.00587522574610877,0.7350228612055096,0.004094665644142961,-0.010363719004254257
1106,2018-06-21,244.95836940816923,244.97613992521215,242.9345079770817,243.4315948486328,71061400,-0.006269146494504607,-0.011690873329306628,-0.0008135209357834627,0.9669055014083873,0.008386881536063373,0.004302934027215155
1107,2018-06-22,244.69214669243587,244.8075467266566,243.65357347365938,243.87548828125,54898500,0.0018234832372239218,-0.00862398945716314,0.0004326379863512919,0.7578858520933613,0.004731813193404644,0.011501428050863183
1108,2018-06-25,242.72150867695257,242.88128081499514,238.86907139864692,240.5556182861328,137854200,-0.013612971186708789,-0.020104175038330174,-0.013198187320330956,1.8017721526266908,0.01667892624971172,0.02915093276248415
1109,2018-06-26,241.12366396352903,241.9402949387843,240.36914852022696,241.08815002441406,68547400,0.002213757226188884,-0.01415625906877549,-0.011694262507207398,0.9245386033448122,0.006516896074727147,0.019367272801381175
1110,2018-06-27,241.6740640121467,243.10318209396516,238.94005894114787,239.09097290039062,105110700,-0.008284011984086237,-0.023988333504939785,-0.01951724702978075,1.3846042282509679,0.01741229751301284,0.03720081337330505
1111,2018-06-28,239.03767186606163,241.22130516686488,238.32752849521523,240.4579315185547,76650500,0.0057173158885155395,-0.012215601396881826,-0.014119872184088611,1.0210479026860444,0.012034440508469364,0.032116454638154046
1112,2018-06-29,241.54978381672169,242.91678638094555,240.68875342804373,240.8041534423828,97592500,0.0014398440577179095,-0.012593864436778346,-0.012503234160362475,1.2776039628665194,0.00925246895060275,0.029711226694867143
1113,2018-07-02,239.23302294129033,241.4787994767716,238.99333763694744,241.31900024414062,63554800,0.0021380312357486275,0.003173411469025833,-0.01006562122981669,0.8222303957495128,0.010299486726323377,0.031670717862860354
1114,2018-07-03,242.21551677676098,242.31317335709,240.04076839246304,240.46682739257812,42187100,-0.0035313127051760373,-0.00257715956496829,-0.013027659822622328,0.5489665569981034,0.009449972743712816,0.03750461475475264
1115,2018-07-05,241.59418373643135,242.49070098662213,240.52009674534315,242.42855834960938,56925900,0.008158010725648257,0.013959479141896436,-0.004422795795737122,0.7435666338810234,0.00812859778028768,0.02522822860663254
1116,2018-07-06,242.45520341190885,244.8518665685956,242.07348943656189,244.47906494140625,66493700,0.008458189108396352,0.0167228146622449,0.004127936607612348,0.8722302344560569,0.011364478724178687,0.015467308443670058
1117,2018-07-09,245.48205972164303,246.7336620303323,245.43768761200442,246.68040466308594,50550400,0.009004205420236167,0.024402615721946574,0.012993230834528413,0.6726183942044837,0.005253657744310572,0.008276586685992182
1118,2018-07-10,247.13309478812107,247.66569549679943,246.8401522082092,247.5680389404297,51966800,0.0035983169338320575,0.025895344709562673,0.016344665559533844,0.6946656299733325,0.0033346117379428096,0.00971714651666078
1119,2018-07-11,246.01479880768326,246.80482868137332,245.45556904796382,245.7573699951172,77054700,-0.0073138235172116595,0.022001132796175327,0.009060778376472456,1.0267847208295329,0.0054902102567109595,0.025825230481520745
1120,2018-07-12,247.01780626494482,248.03860894847847,246.41420449771564,247.9853515625,60124700,0.009065777223393523,0.022921363929727656,0.017729640465380836,0.8114284241320084,0.006550404854673137,0.01421034055690984
1121,2018-07-13,247.80778614167045,248.4823885914814,247.35507136267833,248.1805877685547,48216000,0.000787289268598057,0.015140449052500893,0.01814032941873589,0.6636452382910475,0.004542326371852924,0.006545192204768124
1122,2018-07-16,248.22505427212727,248.3670559185414,247.51491059399933,247.958740234375,48201000,-0.0008938955950357208,0.005182152887396985,0.016821048113300208,0.6979457147058383,0.003436641611167309,0.002183292981069007
1123,2018-07-17,247.1864280346797,249.35231838280768,247.13317065638194,248.9617462158203,52315500,0.004045051932822563,0.005629592904462077,0.02020812775870695,0.7578536295358878,0.00891360925988207,0.003066139485413011
1124,2018-07-18,249.04161360323985,249.5919578638405,248.5977840912453,249.48544311523438,44593500,0.00210352356285326,0.01516973069898686,0.021321376559770622,0.6717482944747126,0.003984896914951437,-0.0007116086955830658
1125,2018-07-19,248.81977365345892,249.20146064711736,248.0652578383867,248.5446014404297,61412100,-0.0037711285398327465,0.002255173035044189,0.016725380149194446,0.9198169056296531,0.004571424211774583,0.008535284667165355
1126,2018-07-20,248.3403841175709,248.97064160173855,248.10072590548324,248.260498046875,82337700,-0.0011430680526077763,0.00032198440272379614,0.01456112848031732,1.2229088383920335,0.003504043950202068,0.014015673017824248
1127,2018-07-23,248.05633212913037,248.9262206602363,247.71013209713192,248.72207641601562,47047600,0.001859250153656955,0.00307848064125138,0.015441836355660321,0.7028655670031629,0.004889347100296588,0.01584589193417285
1128,2018-07-24,250.13349309116006,250.8169809217829,249.10380517035608,249.97369384765625,68026900,0.005032192757779885,0.004064671168231282,0.01859345997600892,1.072210429506596,0.006853424154586874,0.014097186495942271
1129,2018-07-25,249.72516335453636,252.4236550429963,249.6807912279922,252.10411071777344,78882900,0.00852256426396436,0.010496274130629368,0.024974043353780395,1.23327275072406,0.010879885326720065,0.005105225520438239
1130,2018-07-26,251.38504968274742,252.19279556653194,251.2873931024589,251.50930786132812,57919500,-0.002359354057146601,0.011928267215286947,0.019980878677672287,0.9402105654801762,0.003599876568274906,0.00610583783911034
1131,2018-07-27,251.83769677635257,251.93535334089978,248.8818045839257,249.8049774169922,76768700,-0.006776411015673611,0.006221204671174041,0.011152612119032845,1.2460711653892476,0.012223730641991438,0.006183290321875257
1132,2018-07-30,249.88485245550498,250.04462454768782,247.97636424959342,248.50010681152344,63742500,-0.0052235572683988485,-0.0008924402999953562,0.0043065191131399505,1.0638626345840267,0.008322975489354968,0.007680540410199166
1133,2018-07-31,249.2635247226231,250.33758454100294,248.88183784928523,249.72509765625,68570500,0.004929538503803066,-0.0009944894103847135,0.007545818192414844,1.1396717646260064,0.00582939682627159,0.00913541159517206
1134,2018-08-01,249.92927927348987,250.4352514320276,248.65993333683917,249.3079071044922,53853300,-0.001670599213588364,-0.011091463781848221,0.004071830996423165,0.8864712286108711,0.0071209859157990415,0.003275669833779915
1135,2018-08-02,248.0030237661536,250.8346306288183,247.79885247470432,250.66600036621094,63426400,0.005447453622678511,-0.0033529872205848577,0.007869622845493973,1.0384964638686525,0.012110849296190385,0.005913811028444904
1136,2018-08-03,250.7902346125283,251.79329337053022,250.61269202043732,251.7400360107422,53935400,0.00428472805630653,0.007746277170930238,0.010712698706350388,0.8922713758702725,0.004689763967629374,0.0051487343795790785
1137,2018-08-06,251.77564045937442,252.97395857459247,251.38506828772208,252.66329956054688,39400900,0.0036675276782962563,0.016753283539556074,0.013202620481599814,0.6578896617338871,0.006288567788174721,0.0036184345215901637
1138,2018-08-07,253.3289893580502,253.87933354804406,253.19581885017413,253.49761962890625,43196600,0.0033021023227770563,0.015106699358865328,0.015341172301439165,0.7265877359829858,0.0026963357639038883,0.0026616754608679294
1139,2018-08-08,253.32904350842435,253.79061648823114,252.9295860778104,253.3911590576172,42114600,-0.0004199667493718362,0.016378349168899797,0.013365538106252295,0.729834501977885,0.0033980286195579297,0.0024871369159176204
1140,2018-08-09,253.45329850596946,253.84387067212316,252.91183946469604,253.04498291015625,35717000,-0.0013661729507390419,0.009490647078062908,0.010958291221135674,0.6323391449568045,0.003683262938898235,0.0025256947303702315
1141,2018-08-10,251.6070228812682,252.14848201585352,250.63945046936507,251.34959411621094,77076000,-0.006699950239864139,-0.0015509725855230583,0.0035496376164354526,1.3305728440985911,0.006003715867512985,0.015362380586199542
1142,2018-08-13,251.62481096641724,252.23729811898204,250.11577915214144,250.40872192382812,65732900,-0.0037432811287843037,-0.008923249402030708,-0.0006956858737660054,1.117839449250704,0.008472224731397105,0.02722380268684277
1143,2018-08-14,251.13655053785575,252.2461245279351,250.74597832621112,252.00643920898438,43842000,0.006380437841307485,-0.005882423756502386,0.005069711488291828,0.7509782913111288,0.00595280900929658,0.02120445201336385
1144,2018-08-15,250.6571583247941,250.79918701865486,248.68655421743193,250.1245574951172,102925400,-0.007467593763771152,-0.012891537236929485,-0.0025628622237693355,1.6791414249227667,0.008446322993551608,0.034424072039791254
1145,2018-08-16,251.5625335832297,253.0183072210557,251.5270196413021,252.1483917236328,69967900,0.008091305583039832,-0.0035432087062630124,0.0047857148203616084,1.1335563737646972,0.005914325170029696,0.02196704746206568
1146,2018-08-17,251.94434780844063,253.48000827517183,251.53603208202034,253.0361785888672,65618500,0.0035208904532988416,0.006710114168222869,0.007364917230968437,1.0776869602563055,0.007682601768619241,0.01841677541773401
1147,2018-08-20,253.48877385282518,253.84383201638548,253.03605911799497,253.57754516601562,39807500,0.0021394828999059534,0.012654604112197987,0.008545390245133788,0.6576896279912838,0.0031855064211685877,0.014492078627270866
1148,2018-08-21,254.09246194015446,255.0333785840449,253.61311835710495,254.17234802246094,67272000,0.002345644824568005,0.00859465662970793,0.010067715139086886,1.1121448241629301,0.005587784186556903,0.00939430124882934
1149,2018-08-22,253.76394887902484,254.5450931013599,253.49763493639148,254.02137756347656,44993300,-0.0005939688567973,0.015579518090443667,0.009083350071534602,0.7652696799480287,0.0041235039940946405,0.006953938253358105
1150,2018-08-23,253.84386942380561,254.7048998191549,253.36452593330048,253.68409729003906,49204900,-0.0013277633428833147,0.006090483290051907,0.007308408789662879,0.8431514857822745,0.0052836338586960945,0.006333365833724347
1151,2018-08-24,254.26112033260495,255.35295097336603,254.20786294419815,255.21092224121094,57487400,0.006018607265816378,0.008594595699602525,0.01228454326572992,1.0016229848808897,0.004486830027147535,0.0020517768583701024
1152,2018-08-27,256.40914143868787,257.3323142961806,256.24936933523725,257.2257995605469,57072400,0.007894949407500684,0.014387135075949908,0.018513933398455196,1.0002042560082243,0.00421009464366901,-0.002519227289849324
1153,2018-08-28,257.6873853061911,257.7939271363428,256.8884976598644,257.35009765625,46943500,0.00048322561700842037,0.012502342046697645,0.01747013104860584,0.8385853401952629,0.003518279125301897,-0.002759447342107868
1154,2018-08-29,257.56314686266506,258.965636207914,257.3234886771743,258.73486328125,61485500,0.005380863025160609,0.018555468689227084,0.021042244931247955,1.0909227044478713,0.00634683517294167,-0.0022300661081848805
1155,2018-08-30,258.25546206590116,258.628263604404,257.09263116619366,257.6873474121094,61229500,-0.004048607349841138,0.01578045358315605,0.015501556914558234,1.0885019971143706,0.005959285365123082,0.0019982474920650084
1156,2018-08-31,257.27908823769684,258.1401185744521,256.790886610231,257.6962890625,66140800,3.469960974200603e-05,0.00973848140770417,0.014346328672468545,1.1631926949427758,0.005235744640055328,-0.003341231464182748
1157,2018-09-04,257.27903957078377,257.60746901323,256.24935204712614,257.2524108886719,57594400,-0.0017224857037831942,0.00010345512841425375,0.011685392596320732,0.996941290979288,0.005279316766798352,0.0037960071163121167
1158,2018-09-05,256.89743443569347,257.10160578959284,255.54820229775174,256.56011962890625,72452400,-0.002691097266587783,-0.00306966282328347,0.00835562909922749,1.2231577882899647,0.00605473482818752,0.0075770533993135825
1159,2018-09-06,256.66660029963003,256.9684011158249,254.75813882384264,255.78782653808594,65909900,-0.0030101837025074962,-0.0113901803019123,0.004847030672918473,1.090796221215332,0.008640998760170373,0.01880947027708313
1160,2018-09-07,254.74042715744764,256.26720194628166,254.50074185499375,255.290771484375,73524800,-0.0019432318591476871,-0.009300324411743888,0.0024521759599576143,1.1799072600801905,0.006919404414883154,0.019860214159137968
1161,2018-09-10,256.30264576750454,256.5689597155982,255.53927204588095,255.73455810546875,50210900,0.0017383574757261488,-0.007612569681030412,0.003331004913902147,0.8235237870852758,0.004026392355203781,0.014708033857165459
1162,2018-09-11,255.08652888454353,257.02161874815994,254.7403560065421,256.5777893066406,50530500,0.0032972907823591857,-0.0026224111163848374,0.0054225525229971705,0.8392282597728725,0.008891115430460974,0.010434917890974393
1163,2018-09-12,256.5866962429352,257.2435552033378,255.84995122701346,256.63995361328125,59810800,0.00024228249377555855,0.00031117067021346756,0.004753991322671736,0.9803584267695081,0.005430191038860167,0.007167184845660479
1164,2018-09-13,257.70517974058833,258.3442953348075,257.4211223455566,258.1578674316406,51034200,0.005914565510897196,0.00926565163648152,0.00910981529637267,0.8736555469779749,0.003576001763708889,0.0040434706489898
1165,2018-09-14,258.3620426364613,258.5484434532182,257.4211262043679,258.2022705078125,55079900,0.00017199970163073175,0.011404638743926165,0.008090612833439259,0.9550850002050454,0.00436602376359122,0.003973987243717225
1166,2018-09-17,258.149011258561,258.1844981163113,256.5600939750923,256.83526611328125,68244000,-0.005294315932399596,0.00430410350469157,0.0020103390985501957,1.1806628313520964,0.006324692733211187,0.012824653296384492
1167,2018-09-18,257.04834095714324,258.82365936916335,257.0217122645313,258.22894287109375,61930400,0.005426344983316289,0.006435294219796273,0.006534321988770797,1.0513147078283225,0.006978098909430085,0.006771141217678078
1168,2018-09-19,258.2821745760306,258.9212902243807,258.1578892967261,258.50408935546875,49080600,0.0010655137310164875,0.007263622502817535,0.006756872758116872,0.8462463493356366,0.002953148360468761,0.006251459449096108
1169,2018-09-20,259.7646850635844,260.91863156004257,258.5219401114384,260.59906005859375,100360600,0.008104207203640135,0.009456200778384272,0.013617541579845849,1.6515812940611723,0.009196853772478177,-0.009639186304279845
1170,2018-09-21,261.3417515575673,261.45767398484145,260.2004054619901,260.36090087890625,105479700,-0.0009138911691928264,0.008360230012107728,0.011377937485376632,1.6590046792935715,0.004828945201092628,-0.014281652031892134
1171,2018-09-24,259.78125390322805,259.9239255325764,258.9163258584371,259.49591064453125,53409600,-0.0033222739338165663,0.01035934266938443,0.007179630804866166,0.842738806448223,0.0038829115712714453,-0.010995909521657965
1172,2018-09-25,259.9506646292709,260.05766154415363,259.0144144122169,259.2551574707031,44370000,-0.0009277725156829897,0.00397404949344371,0.0058490670861741645,0.7071919363861966,0.0040240168878977875,-0.011521936964238866
1173,2018-09-26,259.39776584418144,260.58368431073643,258.06025031062075,258.4793395996094,79739700,-0.0029924877046328957,-9.574222180042113e-05,0.0026194426416821237,1.2385612443191623,0.009762613925060875,-0.03994721985073879
1174,2018-09-27,258.95205259284523,260.28956877338703,258.6756347591469,259.20172119140625,59249500,0.0027947362946525445,-0.0053620257374424884,0.0053304718270832385,0.9218970046418878,0.006226555930345679,-0.06371031946464611
1175,2018-09-28,258.577428969311,259.7277000273732,258.54178147845295,259.2283630371094,70091400,0.00010278421601772614,-0.004349876797836161,0.0051334234379227794,1.083124891200972,0.0045748024445553745,-0.05080426563634022
1176,2018-10-01,260.4679039507607,261.1990860385844,259.46033122408215,260.12908935546875,62078900,0.0034746441624153857,0.0024400334840144478,0.008150412662266238,0.962327646436294,0.0066841998286714015,-0.059404604225056334
1177,2018-10-02,259.9774475097656,260.6907785092049,259.60295825920167,259.9774475097656,47258200,-0.0005829484356357773,0.0027860199430906896,0.007030945720286841,0.7384982255677636,0.004184286984979229,-0.03827694076059451
1178,2018-10-03,261.02961828669123,261.44870772895086,259.763451690474,260.1201171875,64694600,0.0005487771308663181,0.0063478094242743754,0.006889342940759047,1.0171401637087742,0.006478760876699395,-0.03863284080371521
1179,2018-10-04,259.63860706605675,259.69210553069195,256.4999125561794,258.08709716796875,111545900,-0.007815696999958655,-0.004300218448836657,-0.0014245732125165445,1.6930082941483506,0.012368665499131765,-0.04505268890923231
1180,2018-10-05,258.30994896257005,258.8271097227561,255.21582824502414,256.64251708984375,105951700,-0.005597258034115704,-0.009975165977094358,-0.007273460230762141,1.569479149407796,0.014071251788992408,-0.040198880763578804
1181,2018-10-08,255.95590828684374,256.99918249809207,254.57381962544665,256.64251708984375,87742200,0.0,-0.013403238654561056,-0.007447757521331422,1.2645861906153741,0.009450354914483507,-0.04450684224883239
1182,2018-10-09,256.2591376202274,257.5698770527391,255.70627486797824,256.2680358886719,74339000,-0.0014591549577140928,-0.014268205402525935,-0.008836676542979482,1.0533401242615166,0.007272082053847972,-0.04798192676749247
1183,2018-10-10,255.75981569841878,255.83116512877552,247.77931932579827,248.15380859375,214731000,-0.031663048677857186,-0.046003010928695076,-0.03864225874966054,2.7416940546450417,0.03244699667760831,-0.04664026482677741
1184,2018-10-11,247.066009660329,248.68886937210402,241.07393528840882,242.68789672851562,274840500,-0.022026306572560217,-0.059666680777268666,-0.056991634028944804,3.070470659038394,0.03137747776607788,-0.007679319832749831
1185,2018-10-12,246.78961140701077,247.07495478355526,242.86623522097148,246.05845642089844,183186500,0.013888454009526985,-0.04124048029516525,-0.041633583013946596,1.9098598568333607,0.017104551592343982,-0.03848574017342643
1186,2018-10-15,245.70164711563956,247.03026467764224,244.58705059050632,244.6762237548828,102263700,-0.005617497102604063,-0.04662630911920118,-0.04475528321466227,1.0475993545603677,0.009985498589284797,-0.03841110823062477
1187,2018-10-16,246.63794334214083,250.4008225865687,246.1653554678994,250.02630615234375,118255800,0.02186596766680804,-0.024356255413139682,-0.022302440994994344,1.1774542656129872,0.016940085960749224,-0.045042867803705255
1188,2018-10-17,250.06201262855035,250.69509596423816,247.4939773585941,250.07093811035156,110626000,0.00017850904848626392,0.007725569587126779,-0.02051289485276575,1.0687394953518101,0.012800842152363488,-0.03501545490418401
1189,2018-10-18,249.13461114190665,249.732046855668,245.18448756727568,246.45957946777344,134557500,-0.014441336805736671,0.01554128899751861,-0.031977444799824783,1.2788136388160605,0.018451542026537204,-0.01045562539565592
1190,2018-10-19,247.11045527278839,249.04537915477522,245.63026816395546,246.32577514648438,139901600,-0.0005429057437248419,0.001086403326568286,-0.029828909689871064,1.308204804927995,0.01386420478648191,-0.015782243006748464
1191,2018-10-22,246.99459808591837,247.31558883402667,244.68515727537218,245.2201690673828,82415800,-0.004488389728781295,0.002223122885225415,-0.031460560970038354,0.7603496476561111,0.01072681569651675,-0.005890577968705735
1192,2018-10-23,241.59996419543393,245.09532381186685,239.51341546309573,243.9718017578125,146352700,-0.005090801928397948,-0.024215469514804466,-0.03347402239463981,1.289552106768539,0.02287931764471784,0.005518816261444792
1193,2018-10-24,243.7221665604862,244.1056085152865,236.02701362087163,236.57984924316406,177806700,-0.030298388835879986,-0.05394904729486849,-0.05867484317518035,1.5018160478116966,0.034147434450815944,0.05913606871606358
1194,2018-10-25,238.41670611178432,242.36683043885208,237.39128255040535,240.82421875,138061500,0.01794053686488506,-0.022865253320414336,-0.03827078353835167,1.1285521910072223,0.020660496333268916,0.03858089538288101
1195,2018-10-26,237.11482812759004,241.64453661942784,233.87803533115652,236.58871459960938,201574600,-0.017587534062707855,-0.039529198846870894,-0.05089474068560862,1.563694202788598,0.03282701502231391,0.04684755536218521
1196,2018-10-29,239.682826498413,240.97576935563563,231.70233168496316,235.27793884277344,160749100,-0.005540313953918852,-0.04054409660682279,-0.051424742298008086,1.201029745881603,0.0394148202601755,0.033010002156405926
1197,2018-10-30,235.1085493894077,239.0764967726375,234.6181105812581,238.764404296875,157116000,0.014818497098580075,-0.02134425955548258,-0.03323414554519599,1.1276082885338292,0.018672742298035127,0.01602130516094924
1198,2018-10-31,241.33241420076962,243.63295647681852,240.8598264017095,241.31459045410156,128296300,0.010680763595128262,0.020013290337635548,-0.019174134555900113,0.9002256979327296,0.011491762971690113,-0.0015887656575713782
1199,2018-11-01,242.17958335786605,244.07886054298197,241.09173585902113,243.8826904296875,99495000,0.010642124749909776,0.012700017031353816,-0.005866299032016409,0.7010977699319781,0.012248202931901167,-0.0017916428706928889
1200,2018-11-02,244.98838642284932,245.41640140740168,240.3873273833,242.43820190429688,122634100,-0.005922882525388085,0.024724287101296705,-0.008885121878192681,0.8590993817885707,0.020743735865880228,0.006767188450967243
1201,2018-11-05,242.92857618600445,244.32851613775983,241.956651152827,243.7756805419922,65622500,0.005516781708450713,0.03611788568454544,-0.000789379169293114,0.4633006214748319,0.009729703060040356,-0.01569201912634033
1202,2018-11-06,243.71322916141185,245.47873267664912,243.65080522392796,245.3182373046875,60085900,0.006327771331683829,0.027448953402885,0.007794992984893945,0.42635691368340745,0.007451249743209482,-0.03998258151804768
1203,2018-11-07,247.49395383760404,250.6504991579241,247.0659389293435,250.57025146484375,102752100,0.021408983766800782,0.03835516531895178,0.028860183853419263,0.759272382901624,0.014305609734695569,-0.05690176192342511
1204,2018-11-08,249.76766559997583,250.75744135561771,248.97408711148753,250.1154327392578,65584900,-0.0018151345697545729,0.0255563127444145,0.025428986576395474,0.5252384108312438,0.007130124777183599,-0.06149693455139882
1205,2018-11-09,248.80473797998025,248.99198261026126,246.26345200740127,247.6723175048828,98812600,-0.009767950772241685,0.0215894836683046,0.015076831654584177,0.8190141553683925,0.011016695892168886,-0.03693828272798494
1206,2018-11-12,247.16400847527626,247.40475152616438,242.52727608994468,243.04446411132812,99673600,-0.018685388178125484,-0.0029995462592425914,-0.003557076754592714,0.8270383566568893,0.020068243290600262,-0.015299065893478514
1207,2018-11-13,243.50814820119857,245.5054966258056,241.86746525072402,242.5897216796875,98176600,-0.001871025671386306,-0.011122351338319625,-0.0039029572958438896,0.8214600782974454,0.014996642684990503,0.009262968004247085
1208,2018-11-14,244.46223232705265,244.86347075293764,239.37076296962894,240.9311981201172,125335900,-0.006836742909331561,-0.03846846658123326,-0.008853195957028825,1.0422922197666948,0.022797827040109152,0.013989655386652533
1209,2018-11-15,239.665036498494,243.90942938261057,238.08677738884973,243.44573974609375,135101400,0.010436762219241169,-0.026666459242909335,0.00211239629615001,1.1232480038131838,0.02391765820109929,0.009633043048777656
1210,2018-11-16,242.3489708377892,244.98832791595154,241.8317827868211,244.07882690429688,126668000,0.002600526749260146,-0.014509052270305078,0.005183276822388727,1.0589574041515346,0.01293248238352165,0.020348588236397402
1211,2018-11-19,243.4724566298117,243.7667253541707,239.03192144248044,239.95034790039062,103061700,-0.01691453149078359,-0.0127306590678824,-0.010745459419747583,0.8542342081588382,0.019732431951529343,0.004273408614580365
1212,2018-11-20,236.61545191890372,238.07781560828795,234.64485289966032,235.50978088378906,136021300,-0.018506191199376576,-0.029184834158994977,-0.027356173023767805,1.1322701483183135,0.014576730935525787,0.021656926823506728
1213,2018-11-21,237.06136850996967,238.2116401111824,236.30346439989475,236.31236267089844,75563700,0.0034078490672342365,-0.019170765285930313,-0.023987639309959397,0.6569651677709157,0.00807480273025356,-0.00547111645553322
1214,2018-11-23,234.67167638636354,236.13404053849402,234.57360492368625,234.73410034179688,42807900,-0.006678712494189498,-0.0357847272800208,-0.029285312378116712,0.3882568182275792,0.006647673314340008,0.0031145639226981547
1215,2018-11-26,236.99004105316456,238.74664678840992,236.59770078252234,238.5237274169922,79981400,0.016144339785643558,-0.022759448485397904,-0.014008260570494757,0.7677452796682569,0.009009359484521001,-0.012598027967313796
1216,2018-11-27,237.4892583240126,239.32611083984375,236.8829244708268,239.32611083984375,75502400,0.00336395641448628,-0.0026015259657219403,-0.011518491489387661,0.7556688500131588,0.010208607662754896,-0.010953442116905965
1217,2018-11-28,240.39628549412066,244.83682250976562,239.26383753082106,244.83682250976562,127629600,0.02302595254058848,0.03960362746283952,0.00997569052827929,1.2965171952617598,0.022762037678063216,-0.0335424744413213
1218,2018-11-29,244.06097228083433,245.70165515408803,242.91962649023046,244.30174255371094,82346400,-0.002185455400742886,0.033808556575344983,0.007147915127834414,0.8565005093982548,0.0113876742538827,-0.04931014588559968
1219,2018-11-30,244.15017993212408,246.3526241373916,243.82918913872507,245.79086303710938,98204200,0.006095414907124619,0.047103350894534435,0.012888502601410279,1.022126638155896,0.010266593995748042,-0.0736079562209192
1220,2018-12-03,249.91934009675379,250.02633703065183,247.44940349982502,249.0454864501953,103176300,0.01324143368419084,0.04411200154862893,0.024905282285056174,1.0848624610458584,0.010347240448150614,-0.08671689302019525
1221,2018-12-04,248.21616800837253,248.64418284372908,240.66366133413808,240.9757537841797,177986000,-0.03240264572162577,0.006892866551614585,-0.0077326838722703295,1.7670735441879333,0.03311752898068922,-0.07026809477130003
1222,2018-12-06,237.1148392029293,240.7261213773136,234.01179240772498,240.61019897460938,204185400,-0.0015169775540891939,-0.01726302233393695,-0.008276637902439932,1.891856808628151,0.027905421292208635,-0.08401268848340027
1223,2018-12-07,240.2714370985629,241.8407983733506,234.181291098704,235.01947021484375,161018900,-0.02323562668411905,-0.03799511310004855,-0.028205560700884202,1.4526896911105194,0.0325909477527314,-0.0814375263435776
1224,2018-12-10,234.84100980401226,236.4371195433173,230.60554328447682,235.46519470214844,151445900,0.001896542813653701,-0.04200997631633674,-0.023404498667519924,1.3153771886488692,0.024766192159385254,-0.10740146403639272
1225,2018-12-11,238.66641953382108,238.8536642025444,234.04753629304818,235.518798828125,121504400,0.00022765201474617136,-0.05431412476039954,-0.020714036013618542,1.0450233960654358,0.020406557495240916,-0.06251639136091058
1226,2018-12-12,238.49694635249477,239.86121163503108,236.6244184401148,236.7046661376953,97976700,0.005035128046979143,-0.017724138546775126,-0.014484254269792385,0.8432839761481513,0.013674395387851746,-0.06005172414793403
1227,2018-12-13,237.64981305297454,238.51474108187907,235.50979307571671,236.6243896484375,96662700,-0.0003391419804589235,-0.01656542134605221,-0.01359353707437283,0.8325167874568907,0.012699231937278,-0.06094593709229179
1228,2018-12-14,234.47545576293268,235.42955700710894,231.70235241482038,232.25518798828125,116961100,-0.01846471391494242,-0.01176192859270564,-0.030053230955828125,1.0109847612941,0.016047885192888002,-0.034900686390370805
1229,2018-12-17,231.3010700046853,232.4156665517509,226.06692897355805,227.69869995117188,165492300,-0.01961845535755813,-0.032983621043444544,-0.04594501399333217,1.4119320980073213,0.027882186325851988,-0.014564084666457866
1230,2018-12-18,229.33940067554468,230.0081586162255,225.84401386571423,227.44903564453125,134515100,-0.0010964678616705026,-0.034263775221963666,-0.04365927868154584,1.1438147782477144,0.018308034319473674,-0.037023232099610226
1231,2018-12-19,227.52930839320615,231.30109978443372,222.3397532769953,224.0428466796875,214992800,-0.014975614010371618,-0.05349205685130942,-0.054820137456858875,1.7450894885478725,0.03999836031475882,0.010363163283041654
1232,2018-12-20,222.79450353410618,224.3638507742223,218.1488585473539,220.39588928222656,252053400,-0.016277946167480017,-0.06858337971974182,-0.06723198206506187,1.9538973272393954,0.028199220262723777,0.03518019588247334
1233,2018-12-21,221.29725519655113,223.96100288010308,215.234308074358,215.88006591796875,255345600,-0.020489598871216264,-0.07050487100911917,-0.08237647936903603,1.8504722372747042,0.040423810177365266,0.06676354312536215
1234,2018-12-24,214.39124202550883,216.00563669064812,210.11311326960217,210.17588806152344,147311600,-0.02642290214332632,-0.07695613498630449,-0.10193541735899103,1.0286073466945866,0.02803615331612668,0.10083652005392452
1235,2018-12-26,211.6378306042303,220.79501342773438,209.6557098934448,220.79501342773438,218485400,0.05052494586392542,-0.029255002985354994,-0.052973731753201525,1.455212977823803,0.05045088365609963,0.05158844955453423
1236,2018-12-27,217.55727810910773,222.68744482025036,214.31952454087468,222.49014282226562,186267300,0.0076773898477833225,-0.0069303880058342315,-0.04224495973691622,1.1964904109317143,0.0376102966775491,0.04397963008862016
1237,2018-12-28,223.84439446130722,225.47671683818686,221.03714210729703,222.20309448242188,153100200,-0.0012901620548333437,0.008199813554059077,-0.03879804749622007,0.9754613182147858,0.01997980604739525,0.03895057251250522
1238,2018-12-31,223.82644361450068,224.3914851025564,221.95195871285873,224.14932250976562,144299400,0.008758780033541358,0.038304864122744364,-0.026134255744542312,0.9015938126789547,0.010883487678582618,0.041733577946677425
1239,2019-01-02,220.6155660007545,225.30628009937973,220.58866057027697,224.38247680664062,126925200,0.0010401739976921842,0.06759380857693142,-0.020566241982926003,0.7859861658602516,0.021024901749204437,0.04316942454775985
1240,2019-01-03,222.63360250759496,222.93855359314486,218.54381198522043,219.02813720703125,144140700,-0.02386255680840632,-0.008002337522361791,-0.03763326818509927,0.88141387295527,0.020064735353021806,0.07677821475317237
1241,2019-01-04,222.0595916892461,227.01039710544208,221.68290190659857,226.36463928222656,142628800,0.03349570593416806,0.017414238720032005,-0.0021952429315065247,0.8817001904205309,0.02353501507892892,0.05574696058984152
1242,2019-01-07,226.6337230013322,229.5575612415073,225.73683859430514,228.1494598388672,103139100,0.007884714513274105,0.026760947547990632,0.008441664015281125,0.6581386535529555,0.01674657765966478,0.03333600187212382
1243,2019-01-08,230.33784464859812,230.77730922015044,227.80862422016872,230.29298400878906,102512600,0.009395262962427209,0.027408789061835304,0.018980640595873233,0.6665838036858724,0.012890905091005374,0.025859830467899858
1244,2019-01-09,231.0015672871316,232.21236682399817,229.77283991391428,231.36929321289062,95006600,0.004673651734264261,0.031137977018904195,0.024671517245796526,0.6293242752261187,0.010543866371408216,0.02163032451719049
1245,2019-01-10,229.83565260549423,232.43661242891747,229.15401156197467,232.18548583984375,96823900,0.0035276618414619154,0.06007149949129964,0.029045767744225293,0.6466479031456364,0.014137838353974735,0.026653092812095824
1246,2019-01-11,231.10921063243282,232.30208244436346,230.5262411330452,232.27517700195312,73858100,0.00038629099396514377,0.02611069351851114,0.03045474696081185,0.49727355990878236,0.007645420118669536,0.018456896310473203
1247,2019-01-14,230.37370700114573,231.6652226884312,229.97012545558084,230.8580322265625,70908200,-0.006101146035844884,0.011871921106489935,0.0254794622728729,0.48158778177183026,0.0073425958650933446,0.023348935510940416
1248,2019-01-15,231.23475913278858,233.81779076904533,231.2257815295091,233.50387573242188,85208300,0.011460911627552806,0.013942638059309065,0.036944809915863575,0.5850180084919588,0.011100497717247635,0.02777014306429293
1249,2019-01-16,233.93438463017836,234.95684615293632,233.72811870139842,234.06893920898438,77636700,0.0024199318953062043,0.011668125698986787,0.03798596750667382,0.5496094202131632,0.005249425471360208,0.034293480379521624
1250,2019-01-17,233.1989338658102,236.7057553387113,233.15407322100728,235.8447265625,96118400,0.007586599740729172,0.015759989085537995,0.0439174495736292,0.6898213026636681,0.015059408660395913,0.027000282085257066
1251,2019-01-18,237.65640867719944,239.4501772546297,235.8805679320784,238.98377990722656,127900300,0.013309830541810674,0.02888213450900534,0.05432553251613692,0.9475255084899642,0.014936617555957179,0.02064124337307005
1252,2019-01-22,237.51296401688862,237.72820754201896,234.1406694792154,235.7550506591797,115531200,-0.01351024429063874,0.02121225060001941,0.036569436490651475,0.901479103271306,0.01521722674773106,0.03895577621949098
1253,2019-01-23,236.78645764380838,237.48602637637333,233.7818894494403,236.24832153320312,86030300,0.0020923024666670287,0.01175332012016006,0.0341077624021473,0.7187663062278841,0.015678997856551653,0.03542001851089949
1254,2019-01-24,236.06894867955302,236.95688289813074,235.05546487062307,236.37388610839844,59204100,0.0005314940414409275,0.009847299292265799,0.02875878740098936,0.513540037388677,0.00804411205828255,0.02500497224226783
1255,2019-01-25,238.22146474449312,239.19909287762562,236.4725564959135,238.3739471435547,96883400,0.00846142976318065,0.010724092151301212,0.0335099709301081,0.8871607402294414,0.011438063657477363,0.01764605534155983
1256,2019-01-28,236.2304129857847,236.62501697032374,234.79539236392185,236.562255859375,85613700,-0.007600206758705208,-0.010132587445020769,0.02253573440871648,0.8218379230180125,0.00773422032080011,0.026008324397626792
1257,2019-01-29,236.70574133282852,237.2707555096875,235.41422561567174,236.24832153320312,66136300,-0.0013270685343755861,0.0020923024666670287,0.01808834106057078,0.6625206554673309,0.007858383424556215,0.040583306475520775
1258,2019-01-30,237.7640560093802,240.8313852793916,237.00169880775235,239.98831176757812,92473700,0.015830758966257408,0.015830758966257408,0.030687893314770065,0.951043040714779,0.015957804125678446,0.027692744740961173
1259,2019-01-31,239.92553305771975,242.58030297951865,239.71026220894768,242.09597778320312,104012100,0.00878236944166777,0.024207799639003325,0.035799855747294274,1.0824634522456291,0.011854970895638287,0.016486131792999847
1260,2019-02-01,242.2933170201301,243.23506206970345,241.42333805071436,242.2126007080078,85782500,0.00048172186036543607,0.01610349457418425,0.031184458573631613,0.9207053548060293,0.007479891688926424,0.027067948161874522
1261,2019-02-04,242.2574604624186,243.9794907548244,241.58479708379406,243.9167022705078,60744800,0.007035561145533942,0.03108884122031985,0.03457397621132707,0.6819418629316479,0.009817669920670692,0.021657676650302715
1262,2019-02-05,244.3471248201464,245.24400898778143,243.84487187592939,244.93907165527344,79552800,0.004191469363306721,0.03678650525713412,0.03522427826726071,0.9050694620629397,0.005712184268507327,0.01944359842657084
1263,2019-02-06,244.66110209733083,245.15437756693314,243.8808170519739,244.61624145507812,58347800,-0.0013180020566488926,0.0192839795130606,0.030739974757586497,0.6809279080802524,0.005206361226808026,0.017159071982893348
1264,2019-02-07,243.00190527020186,243.54899171473178,240.62516665649576,242.28440856933594,95482000,-0.009532616770953073,0.0007783309241988778,0.01857196429365149,1.113980784350648,0.012067739214012574,0.033315928083464064
1265,2019-02-08,241.03766485692213,242.67895114566048,240.2125192261943,242.58030700683594,75788900,0.0012212855100632858,0.001518113829558354,0.01759248250074119,0.895207787133295,0.010167486181789151,0.033460472974056854
1266,2019-02-11,243.2350520120421,243.49512877232434,242.18568525636323,242.71484375,68021400,0.0005546070281801097,-0.004927331787123457,0.01593230879385721,0.8062383691515511,0.0053949873676034975,0.032148497223786876
1267,2019-02-12,244.32930010178086,246.21273575207329,244.25753401047314,245.8360595703125,72270200,0.01285960006437592,0.0036620858770195497,0.02578129700824916,0.8559073282435787,0.007953274816630123,0.01860610242173233
1268,2019-02-13,246.67012986807828,247.4773204011533,246.24859308058757,246.63424682617188,65277200,0.0032468274070716063,0.008249678594887344,0.026300379763450676,0.7823213673857469,0.004981981766026731,0.013418631277460902
1269,2019-02-14,245.5490677386686,247.21728734814707,244.73289945805635,246.0872039794922,83234400,-0.0022180327903336128,0.015695584510003524,0.021469791241438774,0.9941964476346978,0.010095559012884529,0.02201267630444792
1270,2019-02-15,247.86293690858662,248.80468186464043,247.65667103278165,248.768798828125,97088700,0.01089692923999519,0.02551110557014291,0.029838349235902673,1.1590080267364493,0.004614770169196127,0.007318758298927142
1271,2019-02-19,247.97064391503818,249.85407952542135,247.9616663111289,249.19937133789062,59120800,0.0017308139597647099,0.02671665023738634,0.029444053483905996,0.7359758017617742,0.0075939726658720745,0.004210689384276822
1272,2019-02-20,249.16343253351516,250.1589883686266,248.6611795003781,249.70156860351562,76610800,0.0020152429074311584,0.015723930166955613,0.02855571673601509,0.9773805925063975,0.00599839591166839,-0.003879325674532641
1273,2019-02-21,249.06475563392635,249.42350384315822,247.8539564783766,248.81362915039062,64214700,-0.0035560027039113207,0.008836495143169643,0.02225266879962673,0.8307956417536565,0.006308124559498829,-0.008687159831353042
1274,2019-02-22,249.43252124160176,250.55362680405707,248.79574094593468,250.35633850097656,78114600,0.006200260636259003,0.017348055699150322,0.025644890121364394,0.9984158702347973,0.007021535259094451,-0.016766080427476626
1275,2019-02-25,251.78240882266988,252.30258981698813,250.61644248870707,250.69715881347656,69030700,0.0013613408573582841,0.007751615131943668,0.024455161610829723,0.8983003063077987,0.00672583341694587,-0.0038640414922035404
1276,2019-02-26,250.34735100205228,251.3966904394168,250.14105773324803,250.51776123046875,56844100,-0.0007155947991468459,0.0052905024820086854,0.020811318928132483,0.7538262976092871,0.00501215043596699,0.0006084201104012976
1277,2019-02-27,249.80020834065053,250.7598811219917,248.8674683645355,250.4101104736328,56921600,-0.00042971307226757904,0.0028375547421659597,0.017437024192072936,0.7594945153681903,0.007557253794093305,0.007664307032463791
1278,2019-02-28,250.19486738473202,250.63435935779663,249.6208755950367,249.94374084472656,69268300,-0.0018624233183881511,0.004542000766577292,0.01349235099826429,0.9387675943622146,0.004054847540229233,0.0088990363004664
1279,2019-03-01,251.52216977122475,251.91680095009966,250.06922196297145,251.50424194335938,78880500,0.00624340939028456,0.004585078409661714,0.017878426094887656,1.0875592721561222,0.007346114613622661,0.0075931064683918414
1280,2019-03-04,252.56263402289468,252.80478293969955,248.2934558328238,250.5894775390625,106494600,-0.0036371728652707658,-0.0004295273026775348,0.012459976132769501,1.4476171523192716,0.018002859302711557,0.014937739577919107
1281,2019-03-05,250.7150698851285,250.91238554563273,249.70158614575405,250.24867248535156,59114600,-0.0013600134253753948,-0.001074130408141527,0.00979133517133568,0.8044561032285492,0.004838384906715363,0.01657201695798549
1282,2019-03-06,250.36523078757773,250.37420838863676,248.41002970815518,248.73289489746094,75039800,-0.006057085429611475,-0.00669787483021167,0.0029072848581965793,1.024318273352973,0.007896738713595985,0.019688596235350353
1283,2019-03-07,248.2844539125946,248.42795867652117,245.80907200438315,246.6521453857422,94885100,-0.008365397397784968,-0.013169345420933065,-0.005890460307372614,1.2636999459946474,0.010617733196856287,0.03990468056886054
1284,2019-03-08,244.79558978537372,246.3292541915784,244.32921982807497,246.15884399414062,85795800,-0.0019999882459164064,-0.02125370891526579,-0.00865269024176274,1.1500647981979828,0.008124974634472358,0.02193399240999372
1285,2019-03-11,246.8763692229181,249.8898871870504,246.84946379005032,249.72845458984375,65098900,0.014501248615662599,-0.0034359900410604327,0.004277551732918994,0.8789269187595877,0.012174917760147468,0.006569574716287274
1286,2019-03-12,250.28452759896626,251.19038948985488,250.096189562007,250.67018127441406,79667500,0.0037710027322157558,0.00168435974055825,0.006454749191210807,1.0672330355092179,0.00436509808340561,0.01026264978995206
1287,2019-03-13,251.55802337539333,253.26209742810084,251.39656346057103,252.32933044433594,80639200,0.006618853353385301,0.014459026613096837,0.011797404944019263,1.0742283286705048,0.007393250575526542,-0.0016282615801079814
1288,2019-03-14,252.3563373113988,252.7778740375843,251.72853470841738,252.16799926757812,67518400,-0.0006393675141678212,0.022362886295635542,0.010029896699927932,0.898100011898245,0.004161270788580303,0.0027970937092045567
1289,2019-03-15,252.72030724304074,254.22468658748542,252.53111206288526,253.4139404296875,81309000,0.004940917030425096,0.02947323085299991,0.013533193115711661,1.0829232254461187,0.006683036149189539,0.004158724584735651
1290,2019-03-18,253.6300677381432,254.630008822451,253.40485900191993,254.3327178955078,62199800,0.003625599539877067,0.018437079239633114,0.016077320916555893,0.8481200309142108,0.0048171144895106386,0.01239690618203837
1291,2019-03-19,255.39573887193404,256.16142662656773,253.50397987941622,254.3957977294922,90268100,0.00024802091727060827,0.014862623213247828,0.015275468662284464,1.2052490790372037,0.010446111024118666,0.01264155174851278
1292,2019-03-20,254.1796201095849,255.38673577336675,252.52208692239324,253.63009643554688,84609200,-0.0030098818485968515,0.005155032864869069,0.011426728067847725,1.1236919493105353,0.011294593548764751,0.017296817175314727
1293,2019-03-21,252.81030916798105,256.9000796525872,252.76525093004852,256.4947204589844,79550400,0.011294495660003179,0.017158089860621617,0.02128614865413403,1.045855573264674,0.01612052176021241,0.008604825398381477
1294,2019-03-22,255.134405071953,255.65687710227195,251.49502518299164,251.55809020996094,122659300,-0.01924651797974475,-0.007323394350680856,0.0013903627845028854,1.566735209062183,0.016544297644359808,0.033375427352151155
1295,2019-03-25,251.21591024940113,252.40501932278903,250.10790053714732,251.3690643310547,85575200,-0.0007514203925959029,-0.011652663444074562,0.0005040957693960291,1.0816288844226467,0.009138430744271675,0.03494079632151159
1296,2019-03-26,253.12560861328362,254.19760442345822,251.83742120821717,253.2427215576172,68125900,0.007453809925054511,-0.004532606993379318,0.007415344773500143,0.8549823508874004,0.009319846196266957,0.02201926127262266
1297,2019-03-27,253.23368353605088,253.81924820944926,250.36903517466789,251.91847229003906,72224700,-0.005229170099867342,-0.006748505676426153,0.0018468266232707364,0.8978010960490808,0.01369575245283747,0.030896025004407912
1298,2019-03-28,252.5490494498353,253.32375420585268,251.39598197000436,252.8733367919922,56238500,0.003790371119962055,-0.014118745448295833,0.005058720038007669,0.704789696311379,0.007623469758830542,0.026718368178914487
1299,2019-03-29,254.38674738241158,254.7921065396896,253.2607039044795,254.4678192138672,82186800,0.006305458859771296,0.011566827373660216,0.010800770502702006,1.0278484102809353,0.006018060122262588,0.02718788487217849
1300,2019-04-01,256.46773627787417,257.78294768431635,256.19746928226925,257.48565673828125,77617900,0.011859407345640616,0.024333115228415636,0.02138931743332062,0.9885589860080476,0.006157540665104486,0.014484153087069407
1301,2019-04-02,257.67482041149606,257.84598124041696,256.81901626689137,257.61175537109375,40070400,0.0004897307073716828,0.017252356895408383,0.020399345190459606,0.5166108321264267,0.003986483349900842,0.01465191528157228
1302,2019-04-03,258.827835584835,259.2242050567065,257.4135184916249,258.01708984375,68243200,0.0015734315853419556,0.024208695369863475,0.02012912831520275,0.8837026596532316,0.007017700130553801,0.01057896290632998
1303,2019-04-04,258.34148420891455,258.9540454679294,257.64785109132174,258.7018127441406,48997500,0.0026537889440008122,0.023048993721875854,0.020405673541735725,0.6539121925947071,0.005049034495554566,0.009889065193088076
1304,2019-04-05,259.3684117534433,260.0079968724831,259.08013797058265,259.9539489746094,58621700,0.004840075209318728,0.021559228108648965,0.022562506404767646,0.796803580972306,0.0035693202798433464,0.0058909359767489455
1305,2019-04-08,259.53052137413107,260.2601953909309,258.872902047936,260.152099609375,53566300,0.0007622528357320579,0.010355694778773739,0.02124825787198259,0.7338407235070612,0.005332624049846035,0.014162904250537123
1306,2019-04-09,259.18828491153795,259.5125723627715,258.2694429750699,258.8189392089844,66142300,-0.00512454215204261,0.0046860588180521745,0.014392377864787642,0.9146011535963496,0.004803085089139486,0.017123966466607188
1307,2019-04-10,259.233299875117,259.7918407148285,258.8189234377999,259.7017517089844,52601500,0.003410926969634076,0.006529264655510181,0.01638398431975885,0.7417405630482299,0.003746286925776247,0.013042093174461256
1308,2019-04-11,260.18821312040234,260.197230269427,259.0621691446355,259.62969970703125,55093100,-0.00027744133984075603,0.003586704526915341,0.014620522169615846,0.783740929658764,0.004371846233586934,0.01804233559242574
1309,2019-04-12,261.24212410166086,261.6655176093397,259.67468015426687,261.3862609863281,69727800,0.006765640761742686,0.005509868256929895,0.019896313717784553,1.0001695450598271,0.007616457910069599,0.012785715995308866
1310,2019-04-15,261.4583339542193,261.5574400967974,260.4133620858321,261.2151184082031,49596700,-0.0006547497082639575,0.004086143453865265,0.01786184052013917,0.7178998007188885,0.004379830761470097,0.013966825387052628
1311,2019-04-16,262.0979282633414,262.15197615867913,260.7917066463132,261.3862609863281,52153200,0.0006551786863175924,0.00991937369494722,0.017143406466512356,0.7763194089676583,0.005204058955635428,0.005686561927728873
1312,2019-04-17,262.50325442630555,262.5302783705718,260.3322392659286,260.74664306640625,58268300,-0.002447021957115547,0.004023428223128622,0.013251439728727332,0.8846889609627009,0.00842978869754202,0.00597695779074936
1313,2019-04-18,261.33221402417837,261.53039880489104,260.0350095488409,261.2601318359375,68708500,0.0019693015545381165,0.006279836747282941,0.014307679458033462,1.0518602457343693,0.005723756034040431,0.013826700986757201
1314,2019-04-22,260.49442470662734,261.63847506502617,260.40433572370114,261.4853210449219,40160100,0.0008619348363714252,0.0003789795921942396,0.01322939517155941,0.6562538911869701,0.004719727043924634,0.008785120964349025
1315,2019-04-23,261.85476051695804,264.0708348280471,261.62056206693734,263.83660888671875,52246600,0.008992045260517445,0.01003575326914663,0.019876862468799494,0.8776582386394656,0.009287084045875624,-0.016901477525962383
1316,2019-04-24,263.7554113001675,264.08871575545896,263.10680918752394,263.2509460449219,50392900,-0.0022197936983352484,0.007133829649490497,0.015648305821156283,0.8593180078065716,0.003729926075051871,-0.01608296670831111
1317,2019-04-25,263.151871189565,263.7464254877272,261.89972504731713,263.08880615234375,57770900,-0.0006159138077720394,0.00898252440910996,0.012840272725605617,0.9974221433244113,0.007019304498043629,-0.018455510530578367
1318,2019-04-26,263.13393411556547,264.3860805896111,262.3592016461365,264.31402587890625,50916400,0.0046570576091065075,0.011689093247822857,0.015321167249685574,0.8831357281497996,0.007668450195689474,-0.01809793786936953
1319,2019-04-29,264.4039842095179,265.2507709711447,264.3138952471826,264.728271484375,57197700,0.0015672479131263461,0.012402036284461238,0.014912343054481081,1.0140600110097306,0.0035390089570293067,-0.04427054753778148
1320,2019-04-30,264.3860229636108,265.15173811806574,262.9717330802613,264.86346435546875,81111700,0.0005106854297642904,0.0038920128373500784,0.013996601441156109,1.4335921910718648,0.008230674786004841,-0.03612015652411571
1321,2019-05-01,265.4940832056484,265.70128514541994,262.86363299957645,262.8726501464844,71671900,-0.007516379104339332,-0.00143701629232873,0.005362584431914064,1.2323352977329638,0.010794778932925223,-0.02313157323744386
1322,2019-05-02,262.7555322221292,263.67440146767416,260.8097254266999,262.30511474609375,65030200,-0.0021589746977267454,-0.0029788093903022617,0.0023701060396035256,1.1212342193838092,0.010921159672190137,-0.011951185857618007
1323,2019-05-03,263.7824949736138,265.1517541920076,262.4132082639191,264.87249755859375,56543700,0.009787772590653443,0.0021129097399597008,0.010989090606533525,0.9686108564167769,0.010339110150470439,-0.02785430047577342
1324,2019-05-06,260.56651379565,264.2239015566236,260.25121605943474,263.7825012207031,107198100,-0.004115173707868625,-0.0035726077096669417,0.006093584485936665,1.7629847070700475,0.015060458820446876,-0.030291688961517904
1325,2019-05-07,261.37723490411906,261.97178922380755,257.467614824318,259.37738037109375,144729900,-0.01669982212324117,-0.020712875585634616,-0.010561816906244692,2.2142455813163626,0.017365332293222294,-0.00493159536610055
1326,2019-05-08,259.01708984375,260.728670867913,258.4225354370044,259.01708984375,91568300,-0.0013890591647902628,-0.014667027172989955,-0.011973546483733388,1.3741901233409932,0.008903410320530523,-0.006608328133512531
1327,2019-05-09,256.9451804502703,258.8369119830217,255.20654798317443,258.2333679199219,103471100,-0.003025753722663227,-0.015522941022759862,-0.014687125335044682,1.495725763685503,0.014058462038000649,-0.01576764304388989
1328,2019-05-10,257.29640706901097,260.28718492268956,254.30562921533232,259.5304870605469,112429300,0.005023050084786984,-0.02016823395137557,-0.009719105633868796,1.5605499727148429,0.023047603289712105,-0.018465434230585887
1329,2019-05-13,254.41393441032452,255.37780735191012,252.17083567033438,253.00860595703125,127290500,-0.02512953748664648,-0.04084385891336095,-0.03305892964460233,1.6989554581515907,0.012675346237512495,-0.002528470243237324
1330,2019-05-14,254.02637430920623,256.8279845884408,253.90027174367376,255.2965545654297,77003200,0.009042967529677703,-0.01573315992252522,-0.023210193052383254,1.0093071951109618,0.011467890155237944,-0.018101244298422414
1331,2019-05-15,253.66609401171596,257.4315772634387,253.4588920896291,256.7919921875,73956400,0.005857649056862035,-0.008590543803855821,-0.01662420599391179,0.9557154364795963,0.015470440257766742,-0.021153690745564835
1332,2019-05-16,257.49469006251053,260.53049981387437,257.4226353539373,259.1702575683594,76749600,0.009261446825502562,0.0036280735366780448,-0.007217066127979455,0.9801072313135357,0.011991593823675196,-0.043204638073799595
1333,2019-05-17,256.8640914521032,259.98097268898067,256.8460571586275,257.4946594238281,100353000,-0.006465240881621148,-0.007844271629805832,-0.012923762804454175,1.256146374542611,0.012174681748226848,-0.039427573174077635
1334,2019-05-20,255.89116238452957,257.60274321559893,255.04437536966267,255.79208374023438,62877600,-0.006612081537548997,0.011001514247605648,-0.018379228520601143,0.7760228422057514,0.010001747546395417,-0.012044198169962383
1335,2019-05-21,257.48564741091906,258.4765713763025,257.2334147189398,258.0982360839844,46847100,0.009015729924198856,0.010974223774087966,-0.008437419755736308,0.5801105126308773,0.004816602686731204,-0.012390386932664477
1336,2019-05-22,257.1432762736831,258.26030250517374,256.82797863022563,257.305419921875,49482500,-0.0030717612570253516,0.0019993915308702537,-0.010353010200802149,0.6130904174088562,0.005566629243111177,-0.0029055727980127344
1337,2019-05-23,255.08047828674498,255.12550904664772,252.74731860287093,254.16163635253906,98733800,-0.0122181008479747,-0.019325601875821774,-0.020763481210983925,1.1930409228824732,0.009357000048890462,0.019528974972709223
1338,2019-05-24,255.6029379038611,256.0173418361871,254.11656551371448,254.73814392089844,55268100,0.0022682713907291596,-0.010705136600105414,-0.016728463337988386,0.6660758510158729,0.007461687100392944,0.02188987894769534
1339,2019-05-28,255.01733792058175,255.97222067550697,252.3508744252037,252.36888122558594,70029400,-0.00930077709935817,-0.013382753932779323,-0.02354449448347473,0.8374992390925942,0.014349416745506945,0.03123340500326277
1340,2019-05-29,251.25191691305196,251.65727620661048,249.27006872908234,250.6753692626953,104972900,-0.006710462695188046,-0.028759851031580408,-0.027427445296822728,1.2377371954572043,0.009523103464650576,0.03636763501626872
1341,2019-05-30,251.43194847537893,252.2697456016233,250.26087441520644,251.35989379882812,62523800,0.0027307211639746587,-0.023106882571117593,-0.022588704869403675,0.7412167390757345,0.007992011597620353,0.03780983349725697
1342,2019-05-31,248.81069803618098,249.63945104103513,247.94587643375604,247.972900390625,86862800,-0.01347467711342154,-0.024349607008863794,-0.03306460612922135,1.016598424557305,0.0068296761646585045,0.05082248938413714
1343,2019-06-03,248.00887899310095,249.1259055839144,246.00902421487874,247.34226989746094,96428000,-0.0025431427876621004,-0.02903324138898522,-0.032215936917175836,1.1028059978428333,0.012601490923196478,0.05390231589820571
1344,2019-06-04,249.63942215854848,252.84639296207123,249.18900460197165,252.71127319335938,77231900,0.021706776193669786,0.001356712309816821,-0.009062155400320848,0.8986675193500244,0.01447259678558612,0.04231247953861694
1345,2019-06-05,254.33276854535228,254.92732302634215,252.52210863961244,254.90029907226562,71169700,0.008662161569782167,0.016854188036092177,0.0003996413420470635,0.8651541499189485,0.009435902568509028,0.035694031048875585
1346,2019-06-06,255.19755811961392,257.2334265516314,254.5489558116457,256.55780029296875,69430400,0.006502547179174645,0.020679140238262006,0.00739094908011273,0.8555224593066981,0.010463415015720609,0.03883399870058901
1347,2019-06-07,257.5757154656133,260.2061654606606,257.4045546359031,259.1251525878906,74272200,0.010006915759295465,0.04497367325097934,0.017293715081350802,0.9319484473486055,0.010811805788738556,0.02704636066391597
1348,2019-06-10,260.6746596118022,261.98088155906305,260.22424204258215,260.3143310546875,60799100,0.0045892050807130325,0.052445791665954644,0.02180506576561858,0.7884303908105003,0.006748147554395931,0.021103097545363436
1349,2019-06-11,262.1339625158368,262.50330815727335,259.6026184166782,260.251220703125,58641300,-0.0002424390209589955,0.029836213535264555,0.020107296227053872,0.7958739789179502,0.011145729625237983,0.011333137583971364
1350,2019-06-12,260.01704836760047,260.57556171360955,259.2783570106766,259.7918395996094,47096300,-0.0017651448560913607,0.019190014861288907,0.01741031149641703,0.652427167788567,0.00499324653511907,0.012110972353706284
1351,2019-06-13,260.70162584014724,261.22412549987916,259.99897568740136,260.86376953125,48945200,0.004126110863577059,0.01678362237813147,0.02079437446189103,0.689993555434366,0.0046965119559504165,0.011526109548169572
1352,2019-06-14,260.57550048828125,261.17904444955684,259.80978535876454,260.57550048828125,52324700,-0.0011050558821822376,0.005597094245409773,0.01938606447668456,0.7505570219333169,0.0052547499217175135,0.017856218476746344
1353,2019-06-17,260.80971080142655,261.44030622903506,260.50343023385363,260.6745910644531,39205700,0.0003802758739259726,0.001383942283569306,0.019139803773841946,0.5881696817857056,0.003594044173449098,0.026706127583403294
1354,2019-06-18,262.4942892335855,264.4581026767264,262.1339332880597,263.40411376953125,85434800,0.010470996401805932,0.012114806062726746,0.028281121421223077,1.2603794188344217,0.008823588042745037,0.018713332265891225
1355,2019-06-19,263.5392835877693,264.5302076436877,262.56639382733385,263.99871826171875,78674400,0.0022573849879494734,0.016193267150319324,0.029416748182492958,1.134023337924235,0.007438724813834006,0.024545037343755682
1356,2019-06-20,266.68313673041985,266.92635222484796,264.06170421417744,266.5209655761719,116570000,0.009554013485598256,0.021686399974543802,0.03738791377004769,1.6027614189188957,0.010748302687849159,0.013694501737533171
1357,2019-06-21,266.2512274399704,267.50946350844237,265.91630188847074,266.133544921875,83309500,-0.001453621682104167,0.021329881063947953,0.03347202491065748,1.1577274497839132,0.005986323972948642,0.009591930155777195
1358,2019-06-24,266.3418441621465,266.65864781741556,265.653870824963,265.8077697753906,47582700,-0.001224104036114726,0.019691902804858774,0.02999315777992284,0.6647927411769768,0.0037800888713734426,0.012089337885501372
1359,2019-06-25,265.8620215575545,265.8891769398379,263.0920620646163,263.20068359375,82028700,-0.009808163936831593,-0.0007723120678336803,0.017754917541124904,1.1365218844892786,0.010627308550379579,0.026997899023254446
1360,2019-06-26,264.09684710879384,264.60376601063865,262.8295498541817,262.93817138671875,51584900,-0.0009973842143831124,-0.00401724251535418,0.014334923316373871,0.7421667873640194,0.006747655340796774,0.030433179920329234
1361,2019-06-27,263.6985206334799,264.3774327619087,263.31834531156267,263.8705139160156,40355200,0.0035458622244908256,-0.009944627261973316,0.015481150519978781,0.5900109470575442,0.004013663499678257,0.031389662579429434
1362,2019-06-28,264.8481905283756,265.7262515028233,264.3322381980387,265.2283935546875,59350900,0.005146007481169557,-0.0034011171626380232,0.017328978478243107,0.8855464596732584,0.0052558977042447596,0.02645033876408287
1363,2019-07-01,268.5595104437303,268.7767810963938,266.43224704788133,267.6361999511719,78705600,0.009078237681169998,0.006878768733232565,0.022584590150238615,1.1900629705668622,0.008760152957410842,0.013935273856506836
1364,2019-07-02,267.5909984158022,268.38759324301185,266.7491538200057,268.3332824707031,61504500,0.0026045898113127297,0.01950070496349965,0.022197327972165892,0.9411655428850106,0.006105986584742979,0.004419097790280491
1365,2019-07-03,269.01213090582485,270.4966986632992,268.867293005705,270.47857666015625,40898900,0.007994886693518444,0.028677484268145204,0.027321391958136543,0.6406895822481916,0.006024157911927581,0.00010052981809183237
1366,2019-07-05,269.2475267615392,270.333797324257,267.95307413888946,270.17083740234375,51677300,-0.0011377583452724105,0.02387657261445053,0.02350655286039882,0.8209509755616909,0.008811917704582211,-0.0043221711884321445
1367,2019-07-08,268.85827258499256,269.98979283576267,268.1431440515041,268.686279296875,45841800,-0.005494886567856794,0.01303738900591922,0.016042393501247476,0.7450731655386311,0.006872880852312378,0.0036384444349542022
1368,2019-07-09,267.52760848387834,269.31991891337793,267.47329772086357,269.0212097167969,41101300,0.0012465482822507923,0.005174971718615362,0.015636935361693194,0.678892567988486,0.006864221577392844,0.009556353638854764
1369,2019-07-10,270.08930606216137,271.2570424914741,269.555231912321,270.3065490722656,58448500,0.00477783650152297,0.00735378997116376,0.018556164965136457,0.9655794711710136,0.006295854040510667,0.009477493690307703
1370,2019-07-11,270.94927706503216,271.1846144550714,269.9354395002428,270.9402160644531,50826100,0.0023442531983126624,0.001706750345987329,0.018803983039221928,0.8370771791513085,0.0046105187814992205,0.002305880863497922
1371,2019-07-12,271.42915820211965,272.22575309854625,271.12138792395734,272.1533203125,40326000,0.00447738717296331,0.007337886387803971,0.02119798969681219,0.6688940465759321,0.004057878747614835,0.004523364192547064
1372,2019-07-15,272.5877609929242,272.5877609929242,271.7368555478473,272.2437744140625,33900000,0.0003323644975510298,0.01324033041991246,0.0193059992114073,0.5710306547447594,0.003125527652223599,0.0023607525890931846
1373,2019-07-16,272.15331757540326,272.36152730192515,271.05801341633924,271.36578369140625,36650100,-0.003225016713590323,0.008715201218065793,0.013989280656011127,0.6186865447100672,0.004803530746780715,0.0031353624121328583
1374,2019-07-17,271.33856696217356,271.5014992547846,269.5190734863281,269.5190734863281,36036300,-0.0068052433875679386,-0.002913268615356346,0.005939588741995516,0.6347924342376736,0.0073554192021109644,-0.0010409211195115953
1375,2019-07-18,269.0212274934216,270.88597081349883,268.5776803578232,270.5057678222656,51392600,0.003660944374638264,-0.0016034837813968528,0.008397750573433838,0.9275881608629761,0.008533239325204531,-0.013352199300242895
1376,2019-07-19,271.6010788909573,271.6282342722078,268.8311195033801,269.00311279296875,58678600,-0.005554983323993956,-0.011575120655937687,0.0023323884719677057,1.1174752987408583,0.010398075843012465,-0.015311138424090487
1377,2019-07-22,269.4013589820321,270.2070145971142,268.8854067833321,269.66387939453125,43638100,0.0024563529942163154,-0.009476415117604886,0.004134032712499014,0.8636692042507279,0.004900944897586921,-0.04726410667938985
1378,2019-07-23,270.7864433136411,271.5920715332031,269.953632082453,271.5920715332031,44564500,0.0071503537774550985,0.0008338849456945852,0.01022599764288179,0.8846463940453587,0.006032721947664889,-0.04076283138130121
1379,2019-07-24,270.8316412045889,272.8683776855469,270.7411140582117,272.8683776855469,47213200,0.004699349819524246,0.012426965393930178,0.013151736592430296,0.9707714982218465,0.007795933135889612,-0.0446853053861771
1380,2019-07-25,272.41587771252415,272.47018849690755,270.759315913779,271.5649719238281,55394100,-0.004776683076192834,0.003915643315444806,0.006699949516469017,1.1345395961673874,0.006300048828125134,-0.02126673050412975
1381,2019-07-26,272.2528485823537,273.58351757677167,272.12610504716736,273.3843688964844,45084100,0.006699674703137148,0.0162870089421141,0.011660541326524498,0.9189279808811877,0.005331001679017552,-0.03440289011514408
1382,2019-07-29,273.2666775777019,273.384360106589,272.3343059738363,272.886474609375,38126500,-0.001821224414252809,0.011950414798153064,0.008389254583270445,0.7942953814660522,0.0038479522821927466,-0.04441685163763043
1383,2019-07-30,271.4833908656109,272.62397210504514,271.10318791079754,272.21661376953125,45849000,-0.0024547234918939065,0.002299559898057524,0.005063359372003529,0.989029301036562,0.005586669282188446,-0.027167955494140417
1384,2019-07-31,272.46109378208786,272.6512091289259,267.2199103624136,269.238525390625,104245200,-0.010940141887987864,-0.01330257586353556,-0.006098271707695058,2.149624463419749,0.020172814268063315,-0.04548962142761925
1385,2019-08-01,269.3923262613973,272.3523730664228,266.097326282711,266.8939208984375,142646600,-0.008708280097678545,-0.01720049162563142,-0.014101133291963608,2.6622114387491544,0.02343645281486973,-0.0345611154434583
1386,2019-08-02,265.99779480478156,266.24219324196565,263.32739587533223,264.8843688964844,116749700,-0.007529403424358372,-0.031091755663684162,-0.020568042778490336,2.0541644530458587,0.01100403688891326,-0.012883578995708467
1387,2019-08-05,260.7837200874932,260.89234160663744,255.01749757121055,256.91845703125,178745400,-0.03007316701404683,-0.05851524008649578,-0.047951362773964834,2.8157397839771856,0.02286657059719267,0.02998395002366161
1388,2019-08-06,258.8103654742626,260.73848038847234,257.334858657285,260.5212097167969,120711700,0.014022942248593129,-0.042963593921699905,-0.03307803509340568,1.7893469761151262,0.013064662700159024,0.007957118152216891
1389,2019-08-07,257.44354168218393,261.4446103725473,255.3072442129039,260.6751708984375,140572300,0.0005909736938807253,-0.03180582897549056,-0.030774275317085653,1.9641917096313473,0.023544114840283698,0.015557135237474373
1390,2019-08-08,262.16880673520035,265.7896728515625,261.61663791246286,265.7896728515625,87713900,0.01962021137455272,-0.004137404265926348,-0.010810692199318628,1.1948186325935326,0.015700515728578297,-0.004291571998793042
1391,2019-08-09,264.8481563528481,265.44560238852426,262.19587938954885,263.9791564941406,93730000,-0.006811838616592958,-0.0034173870134915907,-0.016052217885638154,1.2319587151221323,0.012310528763461469,-0.023215421749814946
1392,2019-08-12,262.47656132527663,263.9701629838489,259.8152226790869,260.7657165527344,65527600,-0.0121730820875533,0.014974632675053057,-0.02594624989743377,0.8437376772028292,0.015933614125696514,-0.0002435407572655146
1393,2019-08-13,260.46695627826205,266.26939667676976,260.1229696286607,264.821044921875,94299800,0.015551616304287252,0.016504741436416337,-0.00958751131421065,1.1707576643198492,0.023209737919138215,-0.019415496535008958
1394,2019-08-14,260.7657318739752,261.37221147777973,256.86425084795223,256.990966796875,135622100,-0.029567431573687686,-0.014133314227299021,-0.0366145292764668,1.5857550840248933,0.017541319393496714,0.017576130377576327
1395,2019-08-15,257.8779789447643,258.5659520526638,255.62399959125736,257.6697692871094,99556600,0.002641347665620186,-0.030550109330199193,-0.03174033418267541,1.1321812120416064,0.011417530545185448,0.027859173455759167
1396,2019-08-16,259.3263521875103,261.90619630989795,257.7241018009672,261.4717102050781,83018300,0.014755091093873851,-0.009498652554100984,-0.01606124420595989,0.9312158712405609,0.015994443550511148,0.012463373485116946
1397,2019-08-19,264.4951712812332,265.30079947919467,263.81625900906977,264.62188720703125,53571800,0.012047869344956608,0.014787874361992914,-0.0032613017363970487,0.597585287737074,0.005610044149384528,-0.005439083487388641
1398,2019-08-20,264.11496460228994,264.6490389340067,262.4674918396257,262.5942077636719,51596400,-0.007662553784800852,-0.008408837593930851,-0.009219898268686633,0.5733015188050185,0.008307674083749392,0.013616648693903777
1399,2019-08-21,264.7576851703663,265.1016441746903,264.06971191169754,264.73052978515625,49524700,0.008135449900734226,0.03011608962270862,0.0003763452277640855,0.5495765432985157,0.003898047814244317,0.01836180889461181
1400,2019-08-22,265.4365786995359,266.07021351807236,262.87480116707053,264.6490173339844,51666400,-0.00030790725662821483,0.027086018147120416,0.0013768381733021418,0.5745313426349696,0.012074151580805822,0.019462249794425013
1401,2019-08-23,263.34543649288787,265.0110305269246,256.6015666111916,257.85076904296875,149161500,-0.025687789660054916,-0.013848309475887,-0.021470621630174103,1.5679461462797262,0.03261368560949177,0.046867214549355385
1402,2019-08-26,260.0413918439234,260.70220947265625,258.5115745852818,260.70220947265625,72423800,0.011058491080987665,-0.014812371628611265,-0.008356953375820875,0.7478194390636578,0.008402824401855469,0.03517393233278976
1403,2019-08-27,262.0963526786402,262.46749470133955,258.9190344141973,259.6794128417969,66668900,-0.0039232372941075955,-0.011099997013255702,-0.009886566273742736,0.6810758069698998,0.013664773222912529,0.046641419409049645
1404,2019-08-28,259.0185294396297,261.67080579140867,258.2128739087133,261.50787353515625,59696700,0.00704122315030542,-0.012173345675753233,-0.0014433007218287441,0.6240494349740608,0.013223050747764649,0.042922994156905814
1405,2019-08-29,264.0697631402681,265.37327713324885,263.0649584425465,264.8482360839844,57899400,0.012773468361284568,0.0007527658783959001,0.011706872038688143,0.6333143191226264,0.008715627956722904,0.029085974875748155
1406,2019-08-30,266.33275276257075,266.35084714437403,263.7981580595969,264.73052978515625,62901200,-0.00044442923452503447,0.026681172089275673,0.011286954452613518,0.7089022733746626,0.00964259425178035,0.026363247562737113
1407,2019-09-03,263.0287153639879,263.9429650713282,261.8519175612082,263.1825866699219,69101400,-0.005847240650674546,0.009514216248043716,0.004172256209616476,0.8300645449197265,0.007945235042250552,0.035014164595017494
1408,2019-09-04,265.35517153491077,266.1879552243926,264.60382638840616,266.16986083984375,46887300,0.011350576828506043,0.02499407991961622,0.01447696942578447,0.5893547651774975,0.0059515710418455055,0.02401026203832357
1409,2019-09-05,268.6590897186863,270.50571064288545,266.13352910544006,269.5914611816406,83258100,0.012854950335100757,0.030911450340701307,0.025775051534787208,1.0856264716875625,0.016217804222291646,0.01094649032773809
1410,2019-09-06,269.9083317683097,270.4424060217157,269.22941960508075,269.7996826171875,49584300,0.000772359163877967,0.018695410648810196,0.025784758241110595,0.66302631088945,0.004495877848589075,0.0053935188641385245
1411,2019-09-09,270.7864219040724,270.8769214356232,268.99408365421084,269.9355163574219,51260300,0.0005034614530183834,0.019661451878971947,0.02514042351106016,0.7054687823633287,0.006975139125150577,0.004651650767920845
1412,2019-09-10,269.1750971388404,269.93550311664103,267.9168608869009,269.87213134765625,57947100,-0.00023481537598668556,0.025417884831887783,0.023130525661296142,0.8016775336647054,0.007479995135695047,-0.002997793777570701
1413,2019-09-11,270.1799451305277,271.87269541058845,269.5281882051822,271.7912292480469,68821100,0.007111137748115226,0.021119477578964263,0.02904651295022087,0.9691970115635664,0.008626132682400095,-0.004181986300331619
1414,2019-09-12,272.69635808283294,273.7916618607953,271.9359798516439,272.7325744628906,72908700,0.0034634863584381836,0.011651382679118472,0.029542547820474052,1.0741977260371254,0.0068040350985059455,-0.00968646737834511
1415,2019-09-13,273.1762067567145,273.52925441617066,272.18046318198077,272.5516052246094,62104800,-0.0006635409746622578,0.010199873405064341,0.025977552225238565,0.9409802498814017,0.004948755422219408,-0.014367530697390052
1416,2019-09-16,271.42001047769196,272.59680806233507,271.0669905398025,271.7096862792969,58191200,-0.0030890258181333063,0.00657256942626927,0.020841158599942622,0.8985842918073395,0.005630338555394968,-0.006727892083267628
1417,2019-09-17,271.5105831463322,272.4882046094224,271.33858983685184,272.397705078125,41475500,0.0025321835531504355,0.009358408805892005,0.02193334988750495,0.6464996538014657,0.004220354104087731,-0.02102167976259728
1418,2019-09-18,272.0084725654059,272.66929049545473,269.971735625201,272.5606689453125,73375800,0.0005982571223965838,0.0028309953172307445,0.020636628220374043,1.124655537283668,0.009897080458057475,-0.03888988663199899
1419,2019-09-19,272.9498999338318,273.94564349864027,272.2076158559735,272.54254150390625,76560500,-6.650791354601004e-05,-0.0006967739712009369,0.019078191585614634,1.1496485456049805,0.006377087529441281,-0.030951303339479153
1420,2019-09-20,273.1463852597346,273.4283237750673,270.4636815896256,271.2548522949219,89565000,-0.004724727383397909,-0.0047578253249283,0.01301224338482121,1.3077162192291008,0.010929360932568407,-0.01317570756481512
1421,2019-09-23,270.5909570013887,271.90959322004414,270.336327054296,271.191162109375,43476800,-0.00023479832713790838,-0.0019083757263952394,0.010257825500608941,0.6878653317489749,0.005801317983635484,-0.01720281977207394
1422,2019-09-24,272.28238140130355,272.67341519548154,268.09915238087564,269.0631103515625,94869400,-0.00784705423753529,-0.012241640308996438,0.0007717488391700833,1.4747835981947117,0.017000705925940912,-0.02480792045967517
1423,2019-09-25,269.14500041802086,271.1001974881487,267.6626795721894,270.65460205078125,71854000,0.005914938309972362,-0.006993183946557235,0.004640686423645235,1.1125161081351909,0.012700755464391957,-0.021335895120089376
1424,2019-09-26,270.6636835101628,270.87282694256567,268.6812058097561,270.09075927734375,56179700,-0.00208325581447788,-0.008995961559004395,0.0009533070133265209,0.8722055273719987,0.00811438769202434,-0.012659861198458744
1425,2019-09-27,270.8455384312587,270.95468931981696,267.0806514770453,268.6357116699219,84746600,-0.005387254311532197,-0.009655645245941424,-0.005137294654106506,1.2888542409340105,0.014421157256752836,0.002979214793718432
1426,2019-09-30,269.1541465618406,270.59098115887195,269.1086878271732,269.88165283203125,51662400,0.00463803250269379,-0.004828731390647656,-0.001475512482148833,0.7924714111502267,0.005492382739412519,-0.0027631650067246882
1427,2019-10-01,270.7637324178549,271.4184990741899,266.4532014526551,266.67144775390625,88242400,-0.011894862227344372,-0.008888853602157742,-0.013989209825238658,1.3340035420277543,0.01861953224972544,0.019233282484330427
1428,2019-10-02,265.0891423486225,265.09824519659725,260.6694876361952,261.9608154296875,122539500,-0.017664554506659824,-0.032121333076252645,-0.03065236122262538,1.7522875353418992,0.01690618328980877,0.03589520513443034
1429,2019-10-03,261.73345487523494,264.1342754190595,259.0143676971502,264.10699462890625,85278800,0.008192748963994578,-0.022154644107216792,-0.02171805390433945,1.2177085124920046,0.019385733153729053,0.030507525890723475
1430,2019-10-04,264.7617225564784,267.93550760720115,264.7071332315853,267.6808776855469,65091200,0.013531951554945465,-0.003554382172196946,-0.008090750369041388,0.9192693320513606,0.012060534183574747,0.012298197076920925
1431,2019-10-07,266.88058737396443,268.50841485168297,266.24399873388415,266.5259094238281,59610500,-0.004314720841118613,-0.012434129452629672,-0.011746256065112037,0.8369316694056375,0.008496044991250565,0.023577317785117735
1432,2019-10-08,264.67080858188825,265.4074176476115,262.35183047463295,262.3882141113281,95708100,-0.015524551896079486,-0.016061838185732036,-0.02573667773104238,1.3090417449130183,0.011645291246511986,0.03632196886299588
1433,2019-10-09,264.4070675955947,265.81662125732413,263.7795817068035,264.87994384765625,62359400,0.009496347786684067,0.011143378116229341,-0.015221163625245504,0.8567026672545678,0.00769042578660539,0.0295602808705393
1434,2019-10-10,264.7980929946163,267.55356355823847,264.63440826867793,266.67144775390625,55296300,0.006763456229363918,0.009709902339403387,-0.0074423282276674385,0.7689718429698928,0.010946636072769344,0.024314597020698603
1435,2019-10-11,269.4269323090313,271.67314311799345,269.30873405810314,269.43603515625,98720400,0.010367016887743441,0.006556902703991341,0.0034293336964774657,1.3387600449822636,0.008775400285708442,0.0179558449089805
1436,2019-10-14,269.1177195999643,269.79069193177,268.79035015685406,269.13592529296875,40394800,-0.0011138445646560191,0.009792728499765424,0.002792265558974716,0.5544900913660613,0.0037168645316564167,0.024835112550722682
1437,2019-10-15,270.1816904704129,272.54612678764573,270.06346449166466,271.8004150390625,46754500,0.00990016380456571,0.035871279354570795,0.012832775432352062,0.639471304555244,0.009134137251498567,0.014487181963083406
1438,2019-10-16,271.3366718475405,272.0551029660115,270.927460009867,271.36395263671875,48928200,-0.0016058194844221774,0.02447904773338272,0.0114318690430264,0.6805799121389502,0.004155463336923332,0.019235938063353997
1439,2019-10-17,272.5279987380787,273.0372586742496,271.47309522670037,272.16424560546875,45736600,0.0029491498814560035,0.02059762264699394,0.014486254006096155,0.6501226071143824,0.005747130539022536,0.013532433054901372
1440,2019-10-18,271.62763644782535,272.2733001769917,270.1180349628478,270.9728698730469,64304000,-0.004377414563663473,0.005703894491713601,0.010098511986565528,0.9307592902236694,0.007953804434937284,0.027419016426970755
1441,2019-10-21,272.29154052140666,273.00994384916356,271.8550201651412,272.80987548828125,39048600,0.006779297189770439,0.013650909633536434,0.016639548023023032,0.5670206909710661,0.004233437964645781,0.024600774500936007
1442,2019-10-22,273.34640214246485,273.637415698397,271.8277254489955,271.9186706542969,48594700,-0.0032667616316648385,0.0004350825410526227,0.012779559978580934,0.7301705336994301,0.0066552629322839,0.026821975771447404
1443,2019-10-23,271.664068797207,272.76443096306724,271.45489757866204,272.7098693847656,34352200,0.0029096888733861626,0.0049598214315838,0.01533781372056442,0.5311310612223473,0.004801928831396939,0.024076233217478205
1444,2019-10-24,273.64653848531685,273.792045273886,272.32790229380925,273.15545654296875,35453100,0.001633923844444496,0.0036419586830551687,0.01641691698923675,0.5570785489851962,0.005360108850128136,0.026001149846750504
1445,2019-10-25,272.58249491439386,274.81963026068695,272.52793334522363,274.27398681640625,45205400,0.004094848726778233,0.012182462934041904,0.01950951816244184,0.733091587959955,0.008355502255477612,0.024336933554828466
1446,2019-10-28,275.4925768715583,276.32013101368767,275.4652960867663,275.8199462890625,42147000,0.005636551576037929,0.011033584452885936,0.024125741661228384,0.6888083233579761,0.0030992498491226655,0.01665023985214531
1447,2019-10-29,275.5470716621115,276.66563907265584,275.41974286222126,275.738037109375,44284900,-0.0002969661215206365,0.014045988257767927,0.022101187155990853,0.750713548185205,0.0045184053077899425,0.01909614466856091
1448,2019-10-30,275.93820126006324,276.95672100272753,274.62866794732867,276.5838928222656,49643900,0.00306760620245905,0.014205659099319812,0.022465475463852025,0.8969795808630239,0.008417167867743073,0.016308215035891083
1449,2019-10-31,276.57482405388174,276.57482405388174,274.39227751459396,275.8472900390625,69053800,-0.002663216486277764,0.009854584382685827,0.017534322825143445,1.2662434229563075,0.00791215508761647,0.02050566856998204
1450,2019-11-01,277.29321451712957,278.4481381708568,277.1295020424609,278.4026794433594,71141500,0.009263782884852745,0.015053168821718366,0.024933725815497354,1.2973291066169956,0.0047364347607299845,0.018455503135639928
1451,2019-11-04,279.9577300463906,280.09413397670744,279.1483538055443,279.5212097167969,60606900,0.004017670647688876,0.013419128955435955,0.026595855600025642,1.1042180243434134,0.0033835721164823334,0.015128473622203042
1452,2019-11-05,279.721326580286,280.02144303161515,278.92105304685475,279.2120666503906,42933200,-0.0011059735564233897,0.012599021801397603,0.02230212351850014,0.821719963474179,0.003941054546679844,0.015959172917563214
1453,2019-11-06,279.2120313794404,279.5485036742687,278.32991558505597,279.27569580078125,46487100,0.0002278882540929228,0.009732320096620395,0.01984737047344831,0.9034628847256952,0.00436338753259078,0.011950316162523622
1454,2019-11-07,280.6124904635661,281.5946264927241,279.78493630115787,280.2578125,54272300,0.003516656529680029,0.01598900050935037,0.020901267401638446,1.0558165155426744,0.006457233700010532,0.006781954743121599
1455,2019-11-08,279.9122492128996,281.0035361826021,279.2120238547651,280.948974609375,49032100,0.0024661653611350864,0.009146087139343395,0.02127743979046337,1.0023173123428772,0.006376646614666813,0.006538465214939171
1456,2019-11-11,279.5666824717528,280.585202104894,279.4302507955533,280.41241455078125,35797300,-0.0019098131941566177,0.003188326334474967,0.017242094041959533,0.7352256003503059,0.004118759546330709,0.016280254760433488
1457,2019-11-12,280.7762213895236,281.9038643775972,280.230577837926,281.0035705566406,46484600,0.0021081663121313987,0.00641628396559657,0.017687785455432037,0.9549922270750073,0.0059546807051475996,0.016440077433298006
1458,2019-11-13,280.01229829459345,281.4946191287311,279.7849491544516,281.094482421875,53917700,0.0003235256586038293,0.0065125130773684425,0.0162264289499503,1.1020515241284872,0.0060821897304747735,0.02064053647720132
1459,2019-11-14,280.8126005592483,281.58559326566467,280.17601180041527,281.50372314453125,51219900,0.0014558831576141351,0.004445587558888242,0.01599071329746704,1.0410758265257776,0.005007327965341642,0.015376861628951577
1460,2019-11-15,282.8404879039471,283.58619969051864,282.14936543945174,283.5407409667969,62023600,0.007236202063372943,0.009225042949615236,0.021026968797754897,1.2635960606287178,0.005067470184946557,-0.00048099985975769144
1461,2019-11-18,283.3043434773983,283.9863909798559,282.84964514242654,283.74993896484375,49228000,0.0007378057817495343,0.011902199192604268,0.019771591084524864,0.9926208756066263,0.004006153592759767,-0.007916180805208173
1462,2019-11-19,284.35010771793173,284.35921056429345,283.0223965204034,283.6680603027344,67804700,-0.0002885592236885337,0.009482049430246331,0.017329426624428157,1.3412209328316433,0.0047125997987344515,-0.0015067935345367545
1463,2019-11-20,283.07692973881234,283.5952923830595,281.0580684819456,282.6131286621094,79406200,-0.003718894680984408,0.005402618461771036,0.011749399246047343,1.503701392008205,0.008977728363594006,0.004022496435731826
1464,2019-11-21,282.72235757531104,282.8314807405151,281.3582625050897,282.15850830078125,54664700,-0.0016086314301119176,0.0023260266291889042,0.008496637371942839,1.016682122030794,0.005221243351112763,0.014825590513283471
1465,2019-11-22,282.9041757015737,283.04057963659153,281.7765328353182,282.78594970703125,44850200,0.0022237196036674067,-0.002662020481402405,0.009204068574684143,0.8344226360642367,0.004469977389551614,0.00939055699505631
1466,2019-11-25,283.713553290501,284.97760009765625,283.713553290501,284.97760009765625,48647200,0.007750209629918237,0.004326559989021206,0.015366413782984534,0.8996247618353698,0.004435600576052556,0.0005107009464191403
1467,2019-11-26,285.0140107943301,285.8051814488202,284.6957164125303,285.623291015625,37569000,0.002265760248340465,0.006892671352580093,0.015877986064894767,0.6990986746265924,0.0038843647251062896,0.0010826659760170276
1468,2019-11-27,286.10522505743006,286.89642333984375,285.88697877404934,286.89642333984375,44444600,0.004457382728459303,0.01515603573695068,0.018538213433441086,0.8310628256988741,0.0035184982581629156,0.005230176038307333
1469,2019-11-29,286.33252383902067,286.5780786172257,285.60501785395434,285.8323669433594,36592700,-0.003708852080124947,0.01302054885639592,0.012965177308043474,0.7056575229468814,0.003404305725335055,0.009576822079070846
1470,2019-12-02,286.08706111657636,286.1507255365374,282.9769404159021,283.40435791015625,75767800,-0.008494520964045571,0.002186842039944681,0.0034711711723440786,1.4546256692345898,0.011198787287672598,0.025221302880259477
1471,2019-12-03,280.68527170644836,281.58559326566467,279.302998783299,281.50372314453125,73941700,-0.00670644156512068,-0.012190000027842762,-0.0036082649004345324,1.401625992835077,0.00810857652917688,0.03236966998304691
1472,2019-12-04,282.54950862310733,283.84083613438696,282.2039335066136,283.2406311035156,49080000,0.006170106524994612,-0.008341966453915828,0.0018253150121012585,0.9249632078357274,0.005779194254002002,0.026103224045005202
1473,2019-12-05,283.9409322473923,283.95911018986095,282.44040553991834,283.74993896484375,40709000,0.0017981454826725418,-0.01096731823412389,0.0028332283879632936,0.7714031497177564,0.005352264234780229,0.02846013483878873
1474,2019-12-06,285.6596274218507,286.7418114894914,285.6505245759209,286.3416748046875,48927000,0.009133872765924478,0.0017818411076904184,0.010906170649939817,0.9318470100218263,0.0038111354706396685,0.02361885159766053
1475,2019-12-09,285.9507272644938,286.6236720044926,285.36870000091517,285.44146728515625,34838500,-0.0031438229176569132,0.007187995943399805,0.00692954626136677,0.6726134900721527,0.004396600169952644,0.02841592730558662
1476,2019-12-10,285.3868712342311,286.0507130453857,284.4683717115734,285.1231384277344,52649800,-0.0011152158810333601,0.01285743308391285,0.004971589018298195,1.0002176170242434,0.005549677036167064,0.029596223448463244
1477,2019-12-11,285.5778475967917,286.1871556033424,285.04130686845446,285.9325256347656,53429100,0.0028387285980875365,0.009503913759697058,0.006949740972944429,1.008370769626523,0.004007409553509712,0.032146968916061835
1478,2019-12-12,285.94156026923116,289.17900987699994,285.7051360299545,288.3969421386719,96389600,0.008618874325106107,0.016377107219057052,0.014324266108828976,1.7490666026240826,0.01204546005683757,0.02307360771861644
1479,2019-12-13,288.1604930993886,289.79742361331523,287.38750044719393,288.5697326660156,81503900,0.000599141329524544,0.0077811162585672555,0.013672403161491431,1.4394040340061034,0.008351267972065856,0.016824077108643642
1480,2019-12-16,290.2975551457974,291.14328723980907,288.5060429102938,290.55218505859375,82749700,0.006869924902597413,0.017904608682283385,0.01938091801343811,1.4351400207458698,0.009076663212783782,0.01233938610711216
1481,2019-12-17,290.93420015250655,291.2342888479106,290.5340633902449,290.61590576171875,61097700,0.0002193089792532632,0.019264544309779197,0.01837790546136886,1.0488307457338577,0.00240945331546928,0.021582916636126326
1482,2019-12-18,291.0069807802947,291.23432998402933,290.57956316717014,290.6341247558594,48133000,6.269097382283206e-05,0.01644303707896211,0.017200229106391518,0.8404637925516116,0.002252890356248483,0.01378348441050914
1483,2019-12-19,290.8251582078069,291.89826779191293,290.57052815028567,291.82550048828125,85310500,0.004099228655350284,0.011888331145899489,0.019726029790032573,1.481991116617564,0.004549772516129304,0.01349693982915423
1484,2019-12-20,292.8579742516137,294.2379231152867,291.8801572122193,293.104736328125,147142100,0.004383564279692331,0.015715451583268036,0.0222410584456616,2.366060176088388,0.008044107142738125,0.006236063760404642
1485,2019-12-23,293.8906778189208,293.9455076437393,293.40632910700657,293.55255126953125,52990000,0.0015278324977490154,0.01032642797138994,0.02188428740923576,0.8465445159962806,0.0018367359929284432,0.010055587147694167
1486,2019-12-24,293.7810258479753,293.82670807350945,293.2601146095581,293.56170654296875,20270000,3.118785170808103e-05,0.010136405898117928,0.02039158616918524,0.33133483559163823,0.001930065983822051,0.016872621350745298
1487,2019-12-26,293.9454926967339,295.13353724845075,293.9363729857451,295.1243896484375,30911200,0.005323184429846695,0.01544988874362252,0.024132226409221413,0.508041110780301,0.004056473489472555,0.008577615784525428
1488,2019-12-27,295.85550805385674,295.9103378824698,294.52126907589263,295.0513000488281,42528800,-0.0002476569276311791,0.011053864570263583,0.022431912126007703,0.7000843894636714,0.0047078891241871005,0.015765122114767216
1489,2019-12-30,295.13360826083357,295.27068284889134,292.9403032957844,293.4246520996094,49729100,-0.00551310212478151,0.0010914725414952198,0.015459339107832593,0.8098552355531743,0.007942003292606187,0.01983912742452132
1490,2019-12-31,292.9219889831503,294.3841827622408,292.5747148231008,294.1374206542969,57077300,0.0024291365759054884,0.0019923839266129395,0.016039036758061398,0.9438882494575859,0.0061517774076991555,0.01966696391841083
1491,2020-01-02,295.6728126568722,296.9065398349285,294.7497972018245,296.88824462890625,59151200,0.009352172764996336,0.011331648548822626,0.022823426365862653,0.990295220018123,0.007264493196083921,0.018622832821808766
1492,2020-01-03,293.4977411082979,295.7641429457349,293.4429112798059,294.64007568359375,77709700,-0.007572441772231819,-0.0016410502887297396,0.013088816139199322,1.2705477682679347,0.007878193964427543,0.02958963479798471
1493,2020-01-06,292.88554520941176,295.8464964819667,292.7667379076468,295.7642517089844,55653900,0.0038154213162702177,0.0024163650864723607,0.01485799032011803,0.8989542091247392,0.010412883086865441,0.02366760173729765
1494,2020-01-07,295.19755772617054,295.67278681667864,294.4847419794395,294.93255615234375,40496400,-0.002812021912164564,0.005138982160989292,0.010514792058743394,0.6586057540425522,0.004028191572806487,0.026678566070144294
1495,2020-01-08,295.12444534201336,297.7198263343244,294.87771109631456,296.50439453125,68296000,0.005329484134990903,0.008047170168582696,0.01397860036161358,1.0813010253962299,0.009585406794739123,0.02240708384315293
1496,2020-01-09,298.0670758368869,298.5879870903448,297.48218715461246,298.5148620605469,48473300,0.006780565706202335,0.005478887969019519,0.01852170252149521,0.7700026011830419,0.003704337961933961,0.006490157420948384
1497,2020-01-10,299.0997799160431,299.2551218137174,297.1897996894312,297.6558532714844,53029300,-0.0028776081134890275,0.010235462982738364,0.013563691040048509,0.8426426340056634,0.006938624258809569,-0.006785298577846266
1498,2020-01-13,298.2771889358921,299.71193953352827,297.84767014972834,299.70281982421875,47086800,0.006876957164579478,0.013316579310976628,0.018573261124053664,0.7787190350702892,0.006220393204486198,-0.003231961348430512
1499,2020-01-14,299.264208473107,300.3151505804677,298.6884674529028,299.2459411621094,62832800,-0.001524438983848575,0.01462498771257259,0.0151787569128492,1.055420281441825,0.005435940488441484,-0.002535262430765961
1500,2020-01-15,299.1545652539482,300.6807085322573,299.07232051640693,299.9222106933594,72056600,0.0022599121265396427,0.01152703374772135,0.015858396743485548,1.2213234560677817,0.005362683917713574,-0.0015539511130154837
1501,2020-01-16,301.3022249433567,302.4171447753906,301.0737579932598,302.4171447753906,54050300,0.008318603934878599,0.013072323059252877,0.022265837427133173,0.9216300774736188,0.004442164755998167,-0.02777123810686699
1502,2020-01-17,303.12990101469194,303.56853962375646,302.3531079591049,303.3583679199219,95846000,0.0031123339426748498,0.01915807999662067,0.02324687656613289,1.5704204011448737,0.004006586905730023,-0.02358777226014086
1503,2020-01-21,302.3987408156773,303.56849006392315,302.32564368910903,302.7642822265625,77742400,-0.001958362637012212,0.010214993653177462,0.019362407205185894,1.2817429319187004,0.004104996684794156,-0.006760824031496915
1504,2020-01-22,303.62340922666306,304.2722754026212,302.64559193983825,302.8009338378906,48914900,0.00012105658916761186,0.011879835903456426,0.017824430324790308,0.8775185092828964,0.005372121684584343,0.004587297893477338
1505,2020-01-23,302.15208091700214,303.5594449783584,301.03716121185505,303.148193359375,51963000,0.0011468244733692234,0.0107560645760707,0.017350991228113566,0.9330600393780318,0.00832029951606285,0.006812764004042959
1506,2020-01-24,303.80617720247466,303.8884219479204,299.16371371777205,300.4522705078125,87578400,-0.00889308566113256,-0.006497231726188879,0.00713912698251673,1.4829628031658566,0.015725320438293985,0.010432575402073319
1507,2020-01-27,295.2066505448216,297.116630487524,294.86852399411237,295.63616943359375,84062500,-0.01602950467333386,-0.025455696308224418,-0.009089810930915765,1.3621315834098084,0.007604301252173406,0.03455950953227305
1508,2020-01-28,297.0617985757093,299.61149697791484,295.72755969424713,298.73419189453125,63834000,0.010479172649520363,-0.013310983390753761,0.0006764765909710313,1.0168018242349237,0.013001314844599168,0.025604760156429984
1509,2020-01-29,300.09568922505457,300.3241560049763,298.28622228803033,298.4872741699219,53888900,-0.0008265465798992233,-0.01424585985681981,-0.0009977019690244893,0.8555533955041807,0.0068275397087308905,0.03306661775466724
1510,2020-01-30,296.4220989348696,299.66634584075405,295.67274865407313,299.4561462402344,75491800,0.003245940963503058,-0.012179017391549474,0.0013537377154784203,1.1812590960962421,0.013336167037550499,0.028625705841450966
1511,2020-01-31,298.83471866925794,298.99008843943227,293.104778599044,294.0186462402344,113845600,-0.018157917505683296,-0.021413132464282114,-0.016356824965522487,1.7082999275388742,0.020016791164937094,0.049327187164580844
1512,2020-02-03,295.49915167501734,298.067117900778,295.3803444015998,296.20281982421875,69083000,0.007428690703513263,0.0019167153725156982,-0.00930861973268482,1.0433718295345227,0.009070722219230175,0.03890511142931152
1513,2020-02-04,299.8126259633462,301.58553178633565,299.4927666447389,300.71734619140625,62573200,0.01524133487272894,0.006638524650620425,0.004958416669749166,0.9401408651738368,0.006959243183347092,0.028201608580394444
1514,2020-02-05,303.6507933581962,304.4001715229161,302.18862743263116,304.1899719238281,65951100,0.011547806524641047,0.01910532959827238,0.014993435156283708,0.9722999389871693,0.007270272837392245,0.012287592610409348
1515,2020-02-06,305.1494930421346,305.4053748205114,304.1350856388759,305.2134704589844,50359700,0.0033646688899151567,0.019225934384833998,0.01693096895981916,0.7523876797725731,0.004161969587139071,-0.0014970151186328717
1516,2020-02-07,304.153354800439,305.2225640407253,303.038435456735,303.5867614746094,64139400,-0.005329741776890606,0.03254254570833304,0.010657039932425727,0.9471755658906394,0.007194413133765575,-0.02943979004277375
1517,2020-02-10,302.7003838721832,305.91718787642037,302.66382135820703,305.85321044921875,42070000,0.007465572489395056,0.03258034690799705,0.016814757385684942,0.6263350748237418,0.010637019351325402,-0.06582408369900494
1518,2020-02-11,307.2056843530726,307.9915969708209,305.85315049136426,306.3832092285156,54864500,0.001732853411996027,0.018841158013888082,0.017446920286298795,0.8121167472314841,0.006979646452693505,-0.07087020204560657
1519,2020-02-12,307.81803230663076,308.5674104828042,307.4524908196525,308.35723876953125,43992700,0.006443008237906778,0.013699553668214515,0.02245551319260053,0.6603983463283265,0.003615675336828988,-0.1182802286166712
1520,2020-02-13,306.9316372388718,308.99698746751847,306.6574880443758,308.0282897949219,54501900,-0.0010667788306900627,0.009222461026063389,0.01999399623149345,0.8290817752653673,0.007595079739916967,-0.12104696194203168
1521,2020-02-14,308.43951428210545,308.64056630335443,307.24234975663256,308.5217590332031,64582200,0.0016020257055278098,0.016255641499725026,0.020596505124310882,0.9746158789066686,0.004531986823565962,-0.08444909171354353
1522,2020-02-18,307.52557156291806,308.58566124480814,306.33752704004746,307.72662353515625,57226200,-0.0025772428516501744,0.006125203273772861,0.017231216181524456,0.8895273005709177,0.007305621395166143,-0.10836581351118546
1523,2020-02-19,308.6954428972899,309.8743123972908,308.41214608203063,309.19805908203125,48814700,0.004781632248686218,0.009187350248740955,0.021009515375900678,0.7762302107983247,0.004728898750532729,-0.07530911085708147
1524,2020-02-20,308.6496697818951,309.4721730276708,304.9393691304808,307.927734375,74163400,-0.004108449809816617,-0.0013928792339856777,0.01595477797337508,1.1561059659098438,0.014720349585886432,-0.10235956241001143
1525,2020-02-21,306.57514878327885,306.8858604042742,303.93405817128195,304.7565612792969,113788200,-0.010298432851914563,-0.01062151959420099,0.005225322780966657,1.692255137040034,0.009685770900555052,-0.10801227646417888
1526,2020-02-24,295.307216805096,304.82970245486194,293.5708458942109,294.64923095703125,161088400,-0.0331652591164483,-0.044964504674300465,-0.027182197533742847,2.27153591562533,0.03821105021751418,-0.1494636080167655
1527,2020-02-25,296.0382762665826,296.65055194836293,284.84339802698764,285.720703125,218913200,-0.03030222683097139,-0.07151126593257595,-0.05511410512541037,2.818917491500137,0.04132411054654928,-0.0774986712944924
1528,2020-02-26,287.11892786401404,290.7104209886197,283.93868633219154,284.6697692871094,194773800,-0.0036781858171154314,-0.07932873145369401,-0.056395151129808085,2.3130743271869285,0.023788035776986252,-0.11922962751414845
1529,2020-02-27,279.1499025001099,284.72449870478795,271.8846740722656,271.8846740722656,284353500,-0.044912022962118936,-0.1170503864352812,-0.09478322723119248,2.970406249110443,0.0472252607703425,-0.1660446259713505
1530,2020-02-28,263.83356488451,272.2320096468705,260.9457401669116,270.7424011230469,384975800,-0.004201314226763397,-0.11161091992069505,-0.09425687706690877,3.4619184145395328,0.04168637580646081,-0.09093366346220288
1531,2020-03-02,272.5244912250123,282.53135414421934,269.0974871963839,282.4673767089844,238703600,0.04330675777898829,-0.04134358066532118,-0.053202692383236494,2.0324553619037866,0.04755900346564925,-0.22401257750334358
1532,2020-03-03,282.8419998690826,286.80818159326185,271.9395669552168,274.37957763671875,300139100,-0.02863268376863992,-0.03969304766592152,-0.07693598293188786,2.326682596022457,0.05418994651901996,-0.15800673349742567
1533,2020-03-04,279.753168952443,286.1319753809504,277.20347032348707,285.9126281738281,176613400,0.042033195897616116,0.004365967239272406,-0.035735352240455875,1.3111538956653097,0.031228089205052552,-0.23288366634520907
1534,2020-03-05,278.71135042930734,281.9007394258582,274.1694273459628,276.40838623046875,186366800,-0.03324177041099785,0.016638349232589444,-0.06340145063964531,1.3243659774153242,0.027970613284681835,-0.20482050489381554
1535,2020-03-06,267.90034329272197,273.0454235323544,265.2318649017043,271.839111328125,228667200,-0.016530883757390424,0.004050751565063182,-0.07364629394934674,1.5281471348310476,0.02874332023995879,-0.22629816884951592
1536,2020-03-09,251.5877108251812,259.71200626207275,249.89707826656843,250.60989379882812,309417300,-0.07809478711719309,-0.11278287525209618,-0.13821071628116544,1.9111536790168324,0.03916416804909965,-0.1822155666382732
1537,2020-03-10,260.1233095601224,263.6690927281698,249.94281022843532,263.5777282714844,276444100,0.05174510182373693,-0.03936827025638234,-0.08698080752294624,1.592241078911067,0.052076791881279304,-0.1520013222313754
1538,2020-03-11,256.5226437962952,257.6558306839711,247.54845736466214,250.72869873046875,255316300,-0.04874854042212984,-0.12305832613300449,-0.12303591712250406,1.3902929333901612,0.040311992087408745,-0.09519901585685664
1539,2020-03-12,233.95009968243195,243.69193139870373,226.34671474938688,226.73968505859375,392220700,-0.09567717534267184,-0.17969317736424006,-0.19545770631628978,1.950827613089432,0.07649837144668578,0.058949453054359724
1540,2020-03-13,240.429398147559,248.09675988860485,227.1143558727971,246.122802734375,329566100,0.0854862159254226,-0.09460120903172387,-0.11698225724316846,1.5342449746679223,0.08525176774641544,-0.053504286200339424
1541,2020-03-16,220.40656312966803,234.77256174758443,216.91559643304075,219.19113159179688,297240000,-0.10942371386711292,-0.1253692012345371,-0.2007984299031823,1.3126679835447503,0.08146755384154408,0.09730496049052872
1542,2020-03-17,223.93413457519435,234.10550046036911,216.65062185131984,231.0257568359375,262070500,0.05399226309110183,-0.1235004628388724,-0.14570198950411895,1.1072693145972923,0.0755538206999353,0.0255761631184801
1543,2020-03-18,215.90124320983887,226.97731522464503,208.38011597518343,219.3282470703125,327597100,-0.050632924769215104,-0.12523676714771081,-0.17525340671607592,1.3071418517827273,0.08479162851969398,0.031655926827354186
1544,2020-03-19,218.64281290463057,226.07256060162746,212.2183250976438,219.79428100585938,289322000,0.002124824056052743,-0.030631620798712622,-0.15957466062324088,1.106906677665261,0.06303273879821435,0.053223666206206666
1545,2020-03-20,222.94359769257548,224.7269281094163,210.0466430097641,210.32241821289062,347158800,-0.04309421860123941,-0.14545740631810333,-0.18100572667174486,1.271423273290092,0.06979895545320638,0.08474660994262062
1546,2020-03-23,209.761700043424,211.13136077030381,200.63362552870024,204.9448699951172,326025200,-0.02556811710071827,-0.06499469888777587,-0.18775975686010282,1.1590184618969692,0.05122223962889965,0.18797943634059244
1547,2020-03-24,215.48859069772814,224.38685570948732,214.91866545634184,223.51356506347656,235494500,0.09060336601156083,-0.03251668504562333,-0.10311211268041653,0.8347219401843783,0.04236069632040708,0.09039659179618509
1548,2020-03-25,225.09463160277366,235.64753271475618,220.3881202388159,226.8595733642578,299430300,0.014970045777002339,0.034338150213414576,-0.07900331032639463,1.042018194044696,0.06726369202607534,0.1103773614728909
1549,2020-03-26,229.36911860691484,241.57662927963491,228.93707402575518,240.10586547851562,257632800,0.05838983084477922,0.09241179697534885,-0.01889764726549681,0.9007507444931838,0.05264159302685051,0.06508410431443945
1550,2020-03-27,232.8162972428731,239.74737193984004,230.77558000293203,232.9541778564453,224341200,-0.029785559831358,0.10760507527374741,-0.04071429101481694,0.8070165530318087,0.03851311884364119,0.0877598147886749
1551,2020-03-30,235.05003225521446,241.2365231887897,233.05528002333395,240.51951599121094,171369500,0.032475649092791326,0.17358153925463626,-0.0009320266649013309,0.6240203680958942,0.0340148828744305,0.08461672809972054
1552,2020-03-31,239.517575786038,242.06386477792154,235.52807082936067,236.93450927734375,194881100,-0.014905263296797089,0.0600453230212481,-0.008109514413025543,0.7235001781731646,0.02758481222720659,0.07763312626306207
1553,2020-04-01,227.9534996121323,236.85176448420262,224.20299266868236,226.2712860107422,189554600,-0.04500493954690121,-0.0025931784354149556,-0.04077454112419565,0.702038980235999,0.05590091451073365,0.1338612433883397
1554,2020-04-02,225.38877677619993,232.27388514188416,224.83722638514368,231.49253845214844,177660400,0.023075187901475003,-0.0358730387914572,-0.00920736827836166,0.6590498956144994,0.03212483135078545,0.13822845351637447
1555,2020-04-03,230.50897330571124,232.86224312191504,225.41638201331432,228.1465301513672,135561200,-0.014454065444847619,-0.020637739787782494,-0.014311914402851067,0.5117154760305642,0.03263631098689363,0.134574266622284
1556,2020-04-06,237.01722588258153,245.43748142052502,228.12816222742413,243.4702911376953,188061200,0.06716631182670785,0.012268339782424142,0.053517962768383276,0.7265331408801589,0.07109417379926472,0.03088417328854609
1557,2020-04-07,252.06512751403002,252.8189120484477,243.49782064921604,243.7184295654297,201427200,0.0010191733314766083,0.02863204819246068,0.059142443556891466,0.7896116660306656,0.038245328495887375,0.05269118201970646
1558,2020-04-08,246.31993213901734,253.71064128342437,243.8287956537258,251.8997344970703,153774500,0.033568675730549336,0.11326425433013809,0.09441797576427668,0.6150501613984465,0.039229281640284955,0.018428384260933184
1559,2020-04-09,255.16298750375503,258.4906645715918,253.2234018277766,255.73294067382812,189999200,0.015217190222177157,0.1047135358390412,0.1041178901281774,0.7919656992375881,0.020596731613598804,0.01714599664409544
1560,2020-04-13,254.75868129779667,255.09879626914386,249.49141578021843,253.398193359375,114839100,-0.00912963073236217,0.11068177627445941,0.09232214182201925,0.5011043669292613,0.02212873112703261,0.04131849402506371
1561,2020-04-14,258.28842472821,261.8918348329773,253.26017380887484,260.8714904785156,134143400,0.029492306239697008,0.07147155104430802,0.11452483550091341,0.60693650118346,0.03308778973229086,0.006836146447507296
1562,2020-04-15,255.15381785852156,261.0093805310118,253.21420410146158,255.32847595214844,121775000,-0.021248065536788485,0.04763712948347987,0.08520953643337914,0.5690356344810408,0.03052999239697468,0.055623706800495665
1563,2020-04-16,256.60619254108764,257.4151293397029,253.48997925212333,256.56024169921875,131798300,0.004824239609299008,0.018501437532093323,0.08188469219368066,0.6453978876657755,0.015299136224626964,0.04077416275978751
1564,2020-04-17,262.3331407891114,264.09806873944035,259.59379105102954,263.49139404296875,146684800,0.027015691511063533,0.03033810720159069,0.10096901714175988,0.7442883207970505,0.017094591285498593,-0.01343164754207915
1565,2020-04-20,259.7867982566206,263.6292486240073,258.62857317015494,258.84918212890625,100109300,-0.017618077929731024,0.021511553406383443,0.07071693816186375,0.5419277214613865,0.01931887677884193,0.007031503294635533
1566,2020-04-21,254.3816726761035,255.58587661831038,250.05202565489662,250.9896697998047,126385700,-0.030363288245537245,-0.037880033040731065,0.028412770674040466,0.7232530682433003,0.022048122410088376,0.04816157765106999
1567,2020-04-22,255.87081075308308,258.30679448549233,254.54710109226127,256.56024169921875,92951600,0.02219442698122709,0.004824239609299008,0.044168444849228106,0.5545408868277598,0.014654232348435261,0.018452078906944447
1568,2020-04-23,257.8379731481398,261.00936672997125,256.2385023258337,256.5418395996094,104709700,-7.172623274553924e-05,-7.172623274553924e-05,0.03782492449550934,0.6632107740042167,0.018596827759493596,0.03081582368022895
1569,2020-04-24,258.0586450832086,260.7887931290741,256.00872668784143,260.11773681640625,85063200,0.013938846085994605,-0.012803671401929506,0.0480486705066665,0.5699204667249251,0.018376549403113215,0.033466384499019064
1570,2020-04-27,262.09409597915175,264.9897006956838,261.6344752923047,263.86822509765625,77896600,0.014418425775775345,0.019389835144429934,0.05657967469360203,0.5488293431205361,0.012715534059234682,0.01898620864971612
1571,2020-04-28,267.51761283020494,267.86692903854635,262.3514808302591,262.65484619140625,105270000,-0.0045984275135854125,0.04647671914507878,0.04708071337548225,0.7593742084216382,0.020998844256115225,0.0032897725648723952
1572,2020-04-29,267.98647324976343,271.06593788395355,266.9569272587203,269.5307922363281,118745600,0.026178637647946257,0.05055557498388841,0.06755563225938621,0.8807679364559685,0.015245050820131863,-0.039595855291873816
1573,2020-04-30,268.1519197995434,269.63191314520935,265.2838909183048,267.0212707519531,122901700,-0.009310704218813748,0.04084881892442671,0.04914918568661708,0.9346998014303751,0.01628343021011092,-0.01896842116571751
1574,2020-05-01,262.2687486221893,267.1866954796315,258.78481603360234,259.9522705078125,125180000,-0.026473547310421175,-0.0006361208221280501,0.015695695036357593,0.9714127385516491,0.03232085424611309,0.012341578818602539
1575,2020-05-04,258.06781222922524,260.97261831344605,256.58784709475344,260.6692810058594,80873200,0.0027582390284424108,-0.012123263763997971,0.012066848993327106,0.6411919689027461,0.016821204254574378,0.04030750171132813
1576,2020-05-05,263.4913981694902,265.8906050294555,260.7979992424974,263.0777282714844,79569900,0.00923947484848009,0.0016100296119034851,0.017544671000620626,0.6592101894786375,0.019357799006470024,0.020196319693067677
1577,2020-05-06,264.7782435319276,265.16430912686474,260.86226703661674,261.2943115234375,73632600,-0.006779048761613393,-0.030558589037458783,0.007223092450525659,0.6441192363183295,0.01646435418040898,0.044608490541797385
1578,2020-05-07,264.5117413329673,266.3778004537861,263.9418160920804,264.4473876953125,75250400,0.012067144338089308,-0.009639243530645936,0.016918083649898774,0.6816840795635687,0.00921160304488385,0.02502777709819215
1579,2020-05-08,267.5819556045888,269.29175906737254,266.45127866866704,268.82293701171875,76452400,0.016546010737862105,0.03412421244322106,0.031148781032572126,0.7301233268034948,0.01056636174829706,0.010258843723144784
1580,2020-05-11,266.8925176860717,270.25694423577727,266.4696745397316,268.8780822753906,79514200,0.0002051360061938734,0.03149124913321377,0.028307384064418795,0.7723921170624656,0.014085453392094091,0.022495978422347518
1581,2020-05-12,270.0639145922281,270.4775563533977,263.38101225836226,263.5189208984375,95870800,-0.0199315664988422,0.0016770428642969293,0.007301664024416121,0.9489175432475435,0.02692992241635088,0.05881316800903491
1582,2020-05-13,262.9583004604319,263.99704815683253,256.43167823371965,258.8584899902344,144721100,-0.017685374895714978,-0.009322137627112648,-0.011179975022262312,1.4163479981293623,0.029225890653222508,0.07588754196250425
1583,2020-05-14,256.42247409481166,262.08497807386146,250.94377356421734,261.956298828125,121977900,0.011967190405875794,-0.009419979107744725,-0.0003768158340872185,1.1995305052359404,0.042530775398357965,0.06790152221910528
1584,2020-05-15,259.5662538142252,263.2064428035135,258.61943606022,263.1604919433594,111146300,0.004596923687735011,-0.021063846453372115,0.004281781985554289,1.1124518584569825,0.017430453596662118,0.06731133519025256
1585,2020-05-18,269.383676574657,272.78488091937567,269.0619645324173,271.17620849609375,119703800,0.030459422284632387,0.008547093914294424,0.03244317367225058,1.1864685231319574,0.013728772179555038,0.044338999012143
1586,2020-05-19,270.5787293388812,272.28850498888653,268.3725554456711,268.39093017578125,95189300,-0.01027110134683007,0.018488271205472362,0.01846510654711664,0.9583039094083555,0.01459046898734885,0.06921970829030522
1587,2020-05-20,271.92991217992534,273.81434523620925,271.7001019021828,272.95025634765625,85861700,0.016987631321553565,0.054438107701058946,0.0325554109218964,0.8674956444215254,0.007745892465232057,0.04859764620751661
1588,2020-05-21,272.82167247031106,273.63060941899073,269.97201842037936,271.06591796875,78293900,-0.006903596296704562,0.03477533917442477,0.022617741585795104,0.8017338050721653,0.01349705276866698,0.08294901043514913
1589,2020-05-22,270.781013781808,271.7554076657255,269.5400319702441,271.58074951171875,63958200,0.0018992854093449196,0.03199666297238757,0.022349403033049553,0.6620898778142718,0.008157336996324148,0.09396136128833765
1590,2020-05-26,277.5466019109484,277.7856136973342,271.59910780063615,274.9267578125,88951400,0.01232049144424674,0.013830672451710546,0.032795528479613534,0.9155785057870445,0.02250237825492876,0.07258902406535839
1591,2020-05-27,277.72116990088165,279.05408097269293,272.89515320041767,279.0173034667969,104817400,0.014878674185241136,0.039592892666141744,0.044950629184962176,1.0791389200868644,0.022073640938215778,0.0509672105130583
1592,2020-05-28,280.04694364391133,282.06008496206584,277.8315680546583,278.50262451171875,90405200,-0.0018446130354039525,0.020342051472523437,0.04127373356532682,0.9445390031946358,0.015183041505699033,-0.007789634289994685
1593,2020-05-29,278.03372679987336,280.3318301412633,275.2852041805372,279.7435302734375,119090800,0.004455633995888997,0.032012922796468724,0.04343165618928779,1.2467234993866663,0.018040188296019662,-0.0003610921171082193
1594,2020-06-01,279.10004699838373,281.4808786671015,278.5852740999053,280.8741760253906,55758300,0.004041722612308396,0.03421975427338175,0.043576993222181004,0.6057265061442486,0.010309258786875547,0.0049092292923975656
1595,2020-06-02,281.7934518574034,283.2458690404746,280.46056860288843,283.19989013671875,74267200,0.008280270348235419,0.030092132137465644,0.04783230715730258,0.8097020506829141,0.009835104230589623,0.015840159381130814
1596,2020-06-03,285.185540897638,287.9248913094752,284.90977960414443,286.9688720703125,92567600,0.013308557188260961,0.028498478426668195,0.057105217071202974,1.0021226779573034,0.010506755257385536,-0.0016659938600905866
1597,2020-06-04,285.98518598186917,287.7225657388418,284.119127013096,286.2149963378906,75794400,-0.002627029639079348,0.027692277010651134,0.049510907319961106,0.8195795365281311,0.01258997177594356,0.00134901526257436
1598,2020-06-05,291.6109815909454,295.324696931107,291.5466279553278,293.5505676269531,150524700,0.025629583994273064,0.04935605602753279,0.07069634167771999,1.5640013702767765,0.012870249260019869,-0.02925377882361746
1599,2020-06-08,294.35949682860377,297.2918792842742,293.817147742069,297.0988464355469,73641200,0.012087453406334214,0.057764906121841486,0.07807902783762288,0.7662755194257148,0.01169554033579544,-0.03469402953262524
1600,2020-06-09,294.4329755410005,297.1723246989423,293.56888647953616,294.8834228515625,77479200,-0.007456856903229281,0.041255428133122996,0.06501492584789736,0.8070664249192352,0.012219873821866315,-0.02296450075237455
1601,2020-06-10,295.46261387215606,296.3542792450485,292.52102986489626,293.238037109375,95000800,-0.005579783788035253,0.02184615005047119,0.053418938500755075,0.9900297548331803,0.013072142406690728,-0.04254495659406399
1602,2020-06-11,286.3069674196292,286.941246338049,275.78166842632197,276.33319091796875,209243600,-0.05764888606555807,-0.034525812925105925,-0.010415575500859808,2.1096583010233187,0.0403845005902306,0.02692038309482858
1603,2020-06-12,283.34706011659046,284.119219798626,274.48558448206074,279.64251708984375,194678900,0.011975854803693897,-0.04737872132062737,-0.0017258209774925204,1.8934192852768652,0.03444982335597463,-0.009334601868360881
1604,2020-06-15,273.95230329940716,283.38372874328377,272.7756754665918,282.2530517578125,135782700,0.009335256652442503,-0.0499692100990875,0.004171257082655755,1.304969033550675,0.037583484786532,-0.0040717415363696885
1605,2020-06-16,290.0023281440216,290.149410155266,282.82305403498947,287.6858215332031,137627500,0.019247869036513432,-0.024408294127752583,0.020502391004525444,1.3114037887804,0.02546651788826857,-0.010362591518792708
1606,2020-06-17,288.7061588750805,289.0003228615567,285.75537372521586,286.49078369140625,83398900,-0.004153968504349681,-0.02300947545714227,0.013011223619594947,0.7991678195980382,0.011326539355053511,0.0007264802034143703
1607,2020-06-18,284.97405743157583,287.0791002022098,284.5144366960276,286.6011047363281,80828700,0.0003850771166191702,0.03715772898742187,0.010961434594476183,0.7764112050531802,0.008948547175146824,0.005850280231425753
1608,2020-06-19,290.0688764870462,290.2627587254617,283.0149554548068,284.9631042480469,135549600,-0.005715262297359969,0.019026388453275533,0.0027257856305278327,1.2671939349516723,0.025434181347021134,0.027248764708030615
1609,2020-06-22,284.36304192298934,287.18829677421513,283.2181755111513,286.7912902832031,74649400,0.006415518387829167,0.016078616323640826,0.006465353004615482,0.6943944522413935,0.013843242098263849,0.010173260618135949
1610,2020-06-23,289.4411072237713,290.3736357062622,287.70532390749855,288.111572265625,68471200,0.004603633468499346,0.001479915590392622,0.008764933180905876,0.6430496793894263,0.009261383629198934,0.013235157041110668
1611,2020-06-24,286.0711358531049,286.6897503140339,278.92490610868884,280.7622375488281,132813500,-0.025508641180233993,-0.019995568683803255,-0.017267491566181237,1.231137721664533,0.027656298343877766,0.033838741819716134
1612,2020-06-25,280.1898292059112,284.0399473243526,278.1678289833196,283.7721862792969,89468000,0.010720632364048965,-0.00987057764356436,-0.0076471591655645765,0.8296995107473388,0.02069307220706081,0.03331699762341778
1613,2020-06-26,282.67346196626374,282.8858280526824,276.4505185694108,277.03216552734375,127961000,-0.023751519979197,-0.02783145818695043,-0.030757546271053426,1.1818113305968525,0.02322946676975834,0.04929162274077714
1614,2020-06-29,278.2877778251343,281.2422776181715,275.99801723994534,281.1037902832031,79773300,0.014697299673158248,-0.01983149486298441,-0.016551801790283482,0.7286825330869111,0.018655957548429827,0.04749430829329793
1615,2020-06-30,280.66989282570773,286.4035230684894,280.5129498778858,284.70465087890625,113394800,0.012809719115047802,-0.011825007096826101,-0.004216218841403108,1.0176102203622015,0.02069011929527299,0.043747686029308896
1616,2020-07-01,285.8218083059018,287.9638397462947,285.3601650563241,286.69891357421875,72396500,0.007004671996597267,0.021144852232338307,0.002806262789327718,0.655623495258884,0.009081564549760949,0.033073750206236596
1617,2020-07-02,290.1335885242947,291.4816073233506,287.61303399713563,288.2778015136719,69344200,0.005507129133380584,0.01587757874882234,0.007965212150330192,0.6298213233194114,0.013419601876738678,0.030394164394962786
1618,2020-07-06,292.1001687186121,293.30967187564966,291.35230884827496,292.7279968261719,61713800,0.015437176532959507,0.05665707182034385,0.023672559538751692,0.5840744783024628,0.006686627342095403,0.022930301786540985
1619,2020-07-07,291.1861571430053,293.16197598302176,289.3303419029436,289.7088928222656,82910000,-0.010313683817879116,0.030611833908013697,0.014425501014646569,0.7812538280589513,0.013225807612432717,0.035789478784824524
1620,2020-07-08,290.4752073276655,292.0355640626978,288.71175457352604,291.9247741699219,54638600,0.007648648013768966,0.02536004687217619,0.02271424079601614,0.520455600827759,0.011385842461034367,0.03377838800785016
1621,2020-07-09,292.53415581966215,292.7742193790963,286.8467063436829,290.26287841796875,83354200,-0.005692890425893715,0.012431037143876056,0.01742227121613693,0.7984124892049725,0.020421188777980596,0.027291755289005737
1622,2020-07-10,290.19824424631554,293.49438457109676,288.7671611130503,293.22662353515625,57550400,0.010210555112458497,0.017166850848380877,0.024776638511959215,0.5944352161012634,0.01612139921353253,0.01035911099084652
1623,2020-07-13,295.57172419762725,297.95379107027304,290.03200496438967,290.6875305175781,102997500,-0.008659148978243159,-0.006970519836561495,0.013946007684775275,1.1167317693721615,0.027251895159652654,0.026616941982304132
1624,2020-07-14,289.2657251994357,295.23017784397115,288.06546370459,294.4546203613281,93657000,0.012959241275477318,0.016381021282539487,0.024904968441942232,1.0391911092721817,0.024332150504513247,0.007054948086729684
1625,2020-07-15,297.6768588380392,298.2585339487308,294.777725167758,297.1598205566406,87196500,0.009187154855960333,0.01793286096256974,0.03261834567271116,0.9953557144015774,0.011713591610240494,0.010159866156369546
1626,2020-07-16,295.2578352089557,296.6335232521369,294.61152330631586,296.1811218261719,54622500,-0.0032935096293821298,0.02038925349483045,0.027487450594596785,0.6339325106321295,0.006826903529009384,0.00988175178766415
1627,2020-07-17,297.18749364064047,297.8245636451662,295.2116468030746,297.0397644042969,62774900,0.0028990456003099574,0.01300407453855712,0.02860374482859296,0.7362601642035778,0.008796522066100314,0.014919967834463588
1628,2020-07-20,296.7720261466081,300.18819807974637,296.02416620162734,299.4403381347656,56308800,0.008081657805253828,0.03011070891690082,0.03432390771299154,0.6926068272857481,0.0139060485439506,0.013782833188664467
1629,2020-07-21,301.40695821426857,301.8501178028075,299.08949955212785,300.0774230957031,57292200,0.0021275856316018693,0.019095651233032696,0.03415151336996192,0.7123065344248483,0.009199686608209879,0.015537880492878076
1630,2020-07-22,299.71736895948897,302.09946478128,299.6065790471225,301.7855224609375,57792900,0.0056921955261179935,0.01556637736431532,0.037593313442638054,0.7233332286165254,0.008260455020602112,0.016061733004291368
1631,2020-07-23,301.42540716743423,302.12711406913473,296.8182155953633,298.1846618652344,75738000,-0.01193185334518232,0.006764577116560311,0.02215148429329905,0.9830453938453945,0.017804062893653452,0.03520591469683243
1632,2020-07-24,296.32882749424476,297.28902521270993,294.7592290992445,296.2641906738281,73766600,-0.006440543183519609,-0.002611009781886109,0.013398510226728888,0.9673142979432576,0.008538987137499133,0.04266364235214626
1633,2020-07-27,296.95672110500396,298.6001703884858,296.16267985039116,298.42474365234375,48293000,0.007292656509048978,-0.0033916421840426425,0.01706766832366724,0.6681767621064233,0.008167856687293567,0.03820905302930355
1634,2020-07-28,297.69530442770673,298.81250154862204,296.2365239348657,296.531982421875,57495000,-0.0063425076865401,-0.011815086377549244,0.00796690600152794,0.8079467276506365,0.008687014441806442,0.036211247370522726
1635,2020-07-29,297.40906485580297,300.74214401894255,297.37212550366144,300.1789245605469,48454200,0.012298646874060903,-0.0053236413970075835,0.01768702271847933,0.7134552625022749,0.011226699276822067,0.03789386274035178
1636,2020-07-30,297.2059420708996,299.5234003844888,295.11933357691976,299.10791015625,61861700,-0.003567920052564677,0.003096229984602239,0.01192741632349792,0.9179914554646889,0.01472400648069931,0.03972720394140783
1637,2020-07-31,300.8991548415424,301.57316433195354,296.67972751036586,301.4715881347656,84986800,0.007902425506837618,0.017576870998461613,0.017652870119889696,1.2466849532413196,0.016231834156790182,0.03160562592693861
1638,2020-08-03,303.1335284428846,304.33379001033194,302.5887926129522,303.5674743652344,53077900,0.0069521849254061685,0.017232923282265666,0.022856468543394293,0.7835713948809121,0.00574830159597486,0.027737579819406166
1639,2020-08-04,302.70874832852365,304.739990234375,302.70874832852365,304.739990234375,41917900,0.003862455526872255,0.02768000856252506,0.02421356032057509,0.6381282784302902,0.006665491799383208,0.0259953213188433
1640,2020-08-05,306.0418321331255,306.89126826301356,305.7740711107244,306.6327209472656,42697700,0.006210969264109245,0.021499831795876112,0.02803400152542368,0.6559614243179842,0.0036434374936825933,0.01541650008693507
1641,2020-08-06,306.0511802658259,308.80255745118404,305.7280241854262,308.6825256347656,43679400,0.0066848856872405715,0.032010572617467536,0.03172060946299182,0.6921367949205208,0.009960179182269779,0.011814342570951375
1642,2020-08-07,307.71285294552445,309.19011664165487,306.80802223973495,308.9039001464844,57308300,0.0007171591954016066,0.02465344100153244,0.029762605239125328,0.9082723864641687,0.007711441651563185,0.014676013417290301
1643,2020-08-10,309.35638535667545,310.0119109096436,307.41747799040013,309.8272705078125,44282100,0.0029891832407757946,0.020620773538625903,0.02955625000177453,0.7360700609722346,0.008373804265167243,0.02190325065353882
1644,2020-08-11,311.00910310173,311.64617312266336,306.5403992490115,307.269775390625,69601100,-0.008254583636216783,0.008301454476993042,0.018888235785416763,1.1805325457586944,0.016616583479976195,0.03401450606518308
1645,2020-08-12,309.70729014184826,312.3294209653016,309.67959266815404,311.5538635253906,53774400,0.01394243260444128,0.016048980561899517,0.030634418262047713,0.938696130852995,0.008505201210357041,0.030019893237308137
1646,2020-08-13,310.78750691268493,312.3017105491452,310.0673444500074,310.9906311035156,41816100,-0.0018078171636253249,0.007477279330936115,0.02625737485769175,0.7382010540912457,0.007184673349191865,0.03414175950030529
1647,2020-08-14,310.60277998885937,311.53530826567635,309.8733758463055,310.9997863769531,47260400,2.9439065109437834e-05,0.006784913461678199,0.02392909183924674,0.8458960027456485,0.005343837816520079,0.040791137846228676
1648,2020-08-17,312.0153988801235,312.3847077937163,311.0090201155859,311.9877014160156,35481000,0.0031765778702661507,0.006973017270759163,0.025064377399242277,0.6471229965035733,0.004409429191877109,0.03373714310755327
1649,2020-08-18,312.38480129876183,313.0865081681524,310.7875052531915,312.66180419921875,38733900,0.0021606710140931185,0.017548191330367446,0.02515983266602695,0.7186129661608744,0.007353002138681617,0.04122377261304733
1650,2020-08-19,313.04028437426666,313.557322573065,310.79670488557355,311.35992431640625,68054200,-0.004163859689055527,-0.0006224901427632767,0.019291296650260303,1.250674803545449,0.008866323093931918,0.06070045386283285
1651,2020-08-20,309.6333973234677,312.8095056526026,309.5041518442734,312.32940673828125,42207800,0.0031137032937154085,0.00430487449096173,0.02010325784394862,0.8003379001364779,0.010582909380348334,0.021018114380799702
1652,2020-08-21,311.99705293699736,313.6589577204171,311.65541319099066,313.4373779296875,55106600,0.0035474443568315195,0.007837920344356375,0.020859039810150692,1.0637420801967397,0.006392168485648506,0.009101994447125117
1653,2020-08-24,315.8748485901053,316.68734541310374,313.40968882300405,316.6134948730469,48588700,0.010133178641099638,0.014826845532808441,0.028158162531473963,0.9376571568177546,0.010352232748051197,-0.028315847519241544
1654,2020-08-25,317.176669274047,317.804497448592,316.01331905096947,317.7214050292969,38463400,0.0034992512138316556,0.01618234386843853,0.028218376618091012,0.7561461423048977,0.00563757546476083,-0.012582730250756513
1655,2020-08-26,318.312244583333,321.1744100287514,317.76750896060923,320.90667724609375,50790200,0.010025362365822188,0.030661469842811373,0.03505507927623697,0.9961894286261231,0.010616485444862026,-0.03935896350805057
1656,2020-08-27,321.7746114341692,323.05796511433385,319.94649388256835,321.6083984375,58034100,0.0021866830488794786,0.02970899152955564,0.033567946752076416,1.142558733371265,0.009674720084681421,-0.04096669116106488
1657,2020-08-28,322.6332894034035,323.81509518897934,321.4422417348515,323.6858215332031,48588900,0.006459480243041105,0.03269694147905566,0.036544266019887806,0.9921527496515696,0.007330730283113225,-0.034571415722209786
1658,2020-08-31,323.4735012045628,324.35060666428654,322.28245347132435,322.5132751464844,66099200,-0.003622483002699184,0.01863401392856967,0.02966588791886271,1.331993397585496,0.006412614153705307,-0.02616597188808034
1659,2020-09-01,323.3442345333608,325.6524513348711,322.4486452873158,325.5509033203125,54908700,0.009418614388658764,0.024642652862162828,0.03592249817538695,1.092192933059977,0.009841183098801142,-0.03908104613836294
1660,2020-09-02,327.46205589368293,331.2290526523332,326.31716140186785,330.2596130371094,69540000,0.014463820154613227,0.029145344906124082,0.04697021931255341,1.3472586222178524,0.014872818402755932,-0.06111266299862672
1661,2020-09-03,328.57000776099846,329.04089295769626,316.30876246960275,318.89398193359375,148011100,-0.03441423248515263,-0.008440129415444253,0.009305891503304853,2.6043386083071116,0.03992590393488464,-0.038844375405640674
1662,2020-09-04,319.5771810982591,321.14675134230083,309.18096542994215,316.290283203125,139156300,-0.008164778509401116,-0.022847890880878463,-0.00010364896902126386,2.2840624631205855,0.037831658282951826,-0.04171735396846843
1663,2020-09-08,310.87981848066687,316.35492934972956,307.34364325395643,307.6483154296875,114465300,-0.027322899982632487,-0.04609100109149078,-0.027088627557685485,1.7764716709653758,0.029290867668776963,-0.004765093214773919
1664,2020-09-09,311.65542088332745,316.18876205705584,310.78752911291656,313.7236022949219,91462300,0.019747505708747726,-0.0363301127558342,-0.00888746882157998,1.3957928570959846,0.01721653361311894,-0.04667145585716859
1665,2020-09-10,315.59777775539925,316.2533032385388,307.31589725964466,308.276123046875,90569500,-0.01736394459389723,-0.0665642698120773,-0.025592592190494146,1.3444216694893938,0.02899156084668673,-0.027239369794384904
1666,2020-09-11,310.05816018485217,311.11993430191217,305.6079113300187,308.43316650390625,84680200,0.000509424653064583,-0.03280342691404525,-0.024702004094890984,1.2182432795008609,0.017871044915085933,-0.012016339990212455
1667,2020-09-14,311.5999553914097,314.26826693128163,308.58081864580447,312.49554443359375,65605700,0.013171015217768645,-0.011997645742073626,-0.012089967413023928,0.9315371846635444,0.018200094007054746,-0.008663209455916032
1668,2020-09-15,314.9515071825437,315.7824594521563,312.50480343116857,314.07440185546875,52920900,0.005052415786396924,0.020887767309260452,-0.0074260260370665465,0.7422353780223803,0.010435922194308668,-0.01901863560441097
1669,2020-09-16,315.3116771386732,316.74276037655795,312.55103050748136,312.8280334472656,82096000,-0.003968385837368138,-0.002854642880245728,-0.011390910172162427,1.1174471743985144,0.013399470063104843,-0.007642661038720244
1670,2020-09-17,307.9714762809404,311.79389633261354,307.44519615617884,310.0765686035156,91523300,-0.008795454849201745,0.005840366548163889,-0.0198874245833347,1.2261814600063157,0.014024601071986317,0.007590504841796131
1671,2020-09-18,310.8821027224487,310.9933360912378,304.0224381842765,306.5067443847656,105877900,-0.011512718406383682,-0.006245833225319575,-0.03027881354907369,1.3604715178392282,0.022743049001918668,0.00964782294976918
1672,2020-09-21,301.9182318320632,303.2438101066205,298.2381099284634,303.0954895019531,99450800,-0.011129461081385794,-0.03008060466487117,-0.0394999335172298,1.2424885176931377,0.01651525790232798,0.03911674713016211
1673,2020-09-22,304.57868073084774,306.7385377490843,302.06653750783966,306.1823425292969,63612100,0.010184424164200179,-0.025127992856303072,-0.028111456363162035,0.7873486738514245,0.015258882019944029,0.014017466191261319
1674,2020-09-23,306.7385217044883,307.0166334444668,298.5810865385112,299.0816650390625,93112200,-0.023191009094702952,-0.04394225241492111,-0.04783371319283103,1.1147792640152405,0.028204827951769665,0.056161398192791534
1675,2020-09-24,297.7653565033435,302.9379070439711,296.44902874373327,299.8788757324219,76681300,0.0026655284711460947,-0.03288766035118629,-0.04208932970386969,0.9040496327566951,0.021638330757341465,0.06268939353464131
1676,2020-09-25,299.02596442851154,305.51484110446944,298.1546270152853,304.7269287109375,71069400,0.01616670386226704,-0.005806774912573753,-0.023971459238173898,0.8314976836445762,0.024153474457670885,0.05512137251469462
1677,2020-09-28,308.88915578763124,310.50209652529975,307.8972775754779,309.788330078125,64584600,0.01660962944298472,0.022081623804991457,-0.005546675522149047,0.7486217323157378,0.008408383069707398,0.054579759680288165
1678,2020-09-29,309.58431274931326,310.32588735238784,307.4058984550522,308.10113525390625,51304000,-0.005446282704688277,0.006266830114234123,-0.008669579434624097,0.5998252341415884,0.009477371431719304,0.05343468578896404
1679,2020-09-30,308.76860928712824,313.58892978637374,308.5739508757094,310.43719482421875,104081100,0.007582119320616476,0.0379679903937713,0.0012813763978696269,1.1828715015990416,0.016154568441787472,0.0389380840678204
1680,2020-10-01,313.03273929794693,314.0060596588878,310.54843285554995,312.4302062988281,88698700,0.00642001508787593,0.041854667274415336,0.01061548158841008,0.9971957253516333,0.011066877445360598,0.031034567974312255
1681,2020-10-02,307.4801391377748,312.4024144710618,307.0073689601297,309.4638671875,89431100,-0.009494405635321113,0.015544863385066776,0.0025493523007940055,1.0396651861239943,0.01743352320890912,0.040288794096392744
1682,2020-10-05,311.5217523825799,315.1369786568774,311.47541457094957,314.95159912109375,45713100,0.01773302965372947,0.0166670869805412,0.02054888781719355,0.5619520578362011,0.011625799316929315,0.00662216939878113
1683,2020-10-06,315.0906262164625,317.18561572731545,309.9644141027496,310.4742431640625,90128900,-0.014216012776330667,0.007702366653730586,0.005580349122980888,1.1247813011219059,0.023258617368623433,0.025229171130826566
1684,2020-10-07,313.43126257828555,316.68497962663895,313.4034542398063,315.8785095214844,56999600,0.017406488545866683,0.017527908343414556,0.022727069498292174,0.7269706207428875,0.010388568034602079,0.00578153743507559
1685,2020-10-08,317.8160134938171,318.74299616214427,316.8982814154723,318.6781005859375,45242500,0.008862872845304182,0.019997728008198656,0.03005681968890106,0.5941962422973163,0.005788646108032474,0.0024140900348614824
1686,2020-10-09,320.3280798824177,321.9873865273389,319.7070174310904,321.5238952636719,59528600,0.008929997613585483,0.03897071469369595,0.03706117137609599,0.794953840713571,0.0070923782954871025,-0.003084941240231398
1687,2020-10-12,324.0638752403505,328.1704017681075,323.5725755461636,326.6965026855469,80388500,0.01608778538103084,0.03729113805812867,0.051337386306593125,1.0630273664238676,0.01407369281320238,-0.037000460804482604
1688,2020-10-13,326.55742954167613,326.7335584990035,323.60035278140873,324.5644226074219,73255500,-0.006526179682361577,0.04538276444372791,0.04271618007363598,0.9558519583251129,0.009653571061251354,-0.034015879342496946
1689,2020-10-14,325.13912193436175,326.23295452878085,321.7927285846741,322.5250244140625,57727900,-0.0062834927407497965,0.02104136461403061,0.034552800761585845,0.7654133544893696,0.013767074205089718,-0.06113308416520791
1690,2020-10-15,318.6130720060828,322.6083633756145,318.07543473016443,322.1263427734375,60357700,-0.0012361262241566973,0.01082045544127408,0.031280926921757546,0.8171654609880348,0.014071896779451596,-0.050416960512100095
1691,2020-10-16,323.4798383039487,325.1391450693449,321.7556642567683,321.9317932128906,89501900,-0.0006039542089971706,0.0012686396103911424,0.028119500243639628,1.2253236856543313,0.010509930624774205,-0.05974844585693462
1692,2020-10-19,323.1924104328647,323.8227516799886,316.1380878968359,317.0372619628906,68425600,-0.015203628076470466,-0.029566403812879227,0.010239340570249,0.95710560933103,0.024238992399739416,-0.03453076845107417
1693,2020-10-20,318.38139712826285,321.55168968171705,317.6212929886074,318.3072509765625,60051900,0.0040058036263905805,-0.01927867380100301,0.012330539592788847,0.8420748713387466,0.012347807601150217,-0.021404769876049445
1694,2020-10-21,318.2609399062844,320.43010419590195,317.3988528335673,317.70477294921875,63575000,-0.0018927562143035148,-0.014945356483890837,0.007431032239525237,0.9103295665091506,0.009541094816410519,0.0023633717719044878
1695,2020-10-22,317.91790278181213,320.0314217004003,315.77657552045014,319.4474182128906,55399300,0.00548510885592024,-0.008316378404454317,0.009823862859444032,0.8055356410767007,0.013319394483616047,0.016337186568947226
1696,2020-10-23,320.6710546588657,320.7266713466308,318.0755149322923,320.5320129394531,49143900,0.0033952214503099043,-0.004348064723485812,0.01072752120579823,0.7261539634531511,0.008271112735436036,0.01266719558519025
1697,2020-10-26,317.14850435705404,317.93644508302657,311.11383966511926,314.60858154296875,91473000,-0.018479999367811306,-0.007660551964412843,-0.008704088190049641,1.3252848138816098,0.021686011819660077,0.04469791428810321
1698,2020-10-27,314.9516395955158,315.28533977636755,313.3108621718636,313.5240783691406,65994100,-0.0034471506419477826,-0.01502690432827769,-0.012964512142246476,0.9460720129818418,0.006297690482895538,0.0467742574455956
1699,2020-10-28,307.85086148317663,313.5517975998681,302.3167754094889,302.8080749511719,127094300,-0.034179203950491566,-0.04688849292304442,-0.04555440708482983,1.7924196148014806,0.0371027826526451,0.09186926771355552
1700,2020-10-29,303.0398684553781,309.0559761451705,301.35275342695843,305.8857116699219,90597700,0.010163654715107162,-0.04245364266469287,-0.03485829825390152,1.2759968961221315,0.025183336208016664,0.07039813282361251
1701,2020-10-30,304.30980936954535,305.61685806950385,299.0445556385391,302.6968688964844,120287300,-0.010424948442438353,-0.05564231753144022,-0.04389914238115389,1.6581216598433661,0.021712488982541498,0.09664977646928241
1702,2020-11-02,306.0897216796875,308.09197956643357,303.3458323148136,306.0897216796875,86068300,0.011208747535354835,-0.02707764620246944,-0.03182743364877738,1.1543173925886585,0.015505738727766368,0.09803091700973932
1703,2020-11-03,309.3248216610703,313.55185999385526,306.173086523715,311.49395751953125,93294200,0.017655724635860626,-0.006475167266799642,-0.014892513327715795,1.2485783656766016,0.023688335815238305,0.0731776733574121
1704,2020-11-04,315.9712924400372,322.5343454427772,314.79403465889675,318.45562744140625,126959700,0.02234929363417426,0.05167481908386207,0.006713697237518579,1.6231448006219003,0.02430577486122332,0.03708435927251297
1705,2020-11-05,323.739307930143,326.4739171873728,323.38705010969915,324.6662902832031,82039700,0.019502443375536194,0.0613973712951561,0.025376550770633388,1.0247506798335035,0.009507815163012552,0.021528265059572727
1706,2020-11-06,324.3790384407535,325.843686899162,322.2655190878707,324.5922546386719,74973000,-0.00022803613047317484,0.07233436481193078,0.024646254031997383,0.9275344030419239,0.011023577304006865,0.014764335400887507
1707,2020-11-09,337.3938380999121,337.77390433814645,328.2074376824893,328.6709289550781,172304200,0.012565531857642531,0.07377316412806922,0.037198251529601434,2.0169945500332975,0.029106519052570924,0.008179100081718627
1708,2020-11-10,327.67907691220296,329.24567980133196,324.91668681292754,328.1889343261719,85552000,-0.001466496079950308,0.05359647082590291,0.03508523924796414,0.9943162585154862,0.01319055134291041,0.025929285541926195
1709,2020-11-11,330.3765276970206,331.45183069524353,329.1343746531919,330.6268310546875,58649000,0.007428333114037011,0.03821946470555204,0.04144362078220443,0.6812752063056144,0.007009280023218374,0.01679438211995965
1710,2020-11-12,329.6164387197169,330.67321239286036,325.6118956516911,327.41949462890625,67546200,-0.009700774784520583,0.008480105351564404,0.030481753068807294,0.7813640607721434,0.015458202166323988,0.029614176015730242
1711,2020-11-13,329.3290771800801,332.6940283304285,328.80996922022456,331.95245361328125,62892200,0.01384449936162957,0.022675214424948464,0.04310339499558524,0.7388995938837842,0.01170064889693156,0.011058138981144161
1712,2020-11-16,334.62207932756723,336.29063614433306,333.3335603575416,336.0959777832031,74541100,0.01248228210040292,0.022591133483362835,0.05297065202891327,0.8726237990405377,0.008798307573614866,0.009515678150741502
1713,2020-11-17,333.68582774396157,335.49345458844164,332.17484203208693,334.2883605957031,66111000,-0.0053782767631512796,0.018585106417601915,0.04469220415075026,0.7712007592672175,0.009927394870826277,0.01710960993927224
1714,2020-11-18,334.55728418581134,335.1042005097741,330.22826311784223,330.2653503417969,70591300,-0.012034550789435938,-0.0010933193526294627,0.030098062884398757,0.8201083756919428,0.014763696484919429,0.029218541443070123
1715,2020-11-19,329.63497720915376,332.02657957234703,328.29084129066734,331.6557922363281,59940900,0.004210074999064339,0.012938440370581006,0.03246913836580401,0.6945429430879039,0.01126390181968452,0.033735758367205104
1716,2020-11-20,331.39620780880034,331.60014506825297,329.3104974100037,329.3846435546875,70417300,-0.006847908991205798,-0.007735475459341501,0.02398788482443126,0.8060004813067277,0.006951288419337452,0.03872494319611586
1717,2020-11-23,331.1923113139346,332.6198723058136,328.9582800615384,331.3591613769531,63230600,0.0059945655054127744,-0.014093642052763422,0.027451070602640293,0.7356312585288876,0.011050221847072404,0.03555653138701631
1718,2020-11-24,333.90841208983915,337.2455552842376,333.05560389471066,336.6986389160156,62415900,0.016113867251698943,0.0072101772135211295,0.040269708217966604,0.7276675644193354,0.012444218375863542,0.009993890115065351
1719,2020-11-25,336.61518733680583,336.64299568251425,335.0856717443146,336.17950439453125,45330900,-0.001541837303398963,0.017907279848200064,0.03333866640531613,0.5549332284616456,0.004632417853683385,0.011222565865977696
1720,2020-11-27,337.2733243638305,337.5884950330975,336.1053173094643,337.1157531738281,28514100,0.0027849668616266587,0.016462733548791464,0.031266710423846655,0.3628535428393527,0.004399609658313543,0.0072320836195072236
1721,2020-11-30,336.3369962113714,336.60582901594785,332.9442656786078,335.62322998046875,83872700,-0.004427331500553744,0.018940125315057177,0.021556157444944324,1.0926300133470614,0.010909743457129402,0.007181409352608359
1722,2020-12-01,338.8770337417267,340.8329534365879,338.28375130260855,339.2941589355469,74231400,0.010937648610591655,0.02394681808591037,0.027537111143709048,0.9745443011501717,0.007513250867556497,0.009753740581369463
1723,2020-12-02,338.18174747696014,340.16547522877676,337.6070228786699,340.0079040527344,45927000,0.0021036174611042124,0.009828567015812029,0.025271880480721043,0.6223001243462069,0.00752468492529526,0.009215196790271607
1724,2020-12-03,339.90594329021474,341.30569594652076,338.81211070717654,339.91522216796875,62882000,-0.0002725874418239016,0.011112271047474032,0.021686735671270885,0.8907035420558266,0.007335903415681722,0.01513546630189655
1725,2020-12-04,340.4991875255157,342.8444519042969,340.40648362614814,342.8444519042969,50749900,0.008617530329020351,0.01699326915617272,0.027683608333074927,0.7351474393605378,0.007111004027066116,0.0024436710806086115
1726,2020-12-07,342.07514958686744,342.631344870927,340.8700833791276,342.1400451660156,48944300,-0.0020545957047538588,0.019417056399600563,0.022881960637294974,0.7226149453288097,0.0051477794449486455,0.0009155985798188215
1727,2020-12-08,340.8700252302088,343.7065895768302,340.8236874183033,343.1411437988281,42458900,0.002925990824391045,0.0113381995002515,0.02366067446171538,0.6933204615582953,0.008401505359022362,-0.0036865723370647085
1728,2020-12-09,343.7993068138485,343.95687801184386,339.2292894437654,340.0635681152344,74098300,-0.008968833202345539,0.00016371402498749354,0.012685939117345502,1.2213888053274213,0.013902073057342134,0.006233486009363798
1729,2020-12-10,338.6915901201066,340.9997674831479,337.8202243105125,339.9523010253906,57735400,-0.00032719497257660546,0.00010908266239262332,0.010950857330856323,0.9523903785401797,0.009352909696580893,0.010478872723574284
1730,2020-12-11,338.2560321739463,339.9616772023922,336.7357950289435,339.5538024902344,57698600,-0.0011722189670558825,-0.009598082733393798,0.007947211299974777,0.9595772036842671,0.009500356496645166,0.020355729147146784
1731,2020-12-14,341.7228787095807,342.7981536293505,337.8573488263368,338.0334777832031,69216200,-0.0044774191774070715,-0.012002592040402327,0.0025293665527148512,1.145103042597624,0.014616317991386827,0.022989557973187136
1732,2020-12-15,340.5734516867727,342.6035461425781,339.2015353420675,342.6035461425781,63865300,0.013519573236784543,-0.0015666954137251166,0.015103563470148407,1.0659922285500638,0.009929876204768963,0.010783834901076705
1733,2020-12-16,342.8166942477022,344.058847472952,341.93604950739774,343.1411437988281,58420500,0.0015691537997866156,0.00905000115316934,0.015364766080491865,0.9814105598166885,0.006186369672996034,0.014327667906818942
1734,2020-12-17,344.78191409140845,345.2639348642844,343.956885989985,345.05999755859375,64119500,0.005592024723478195,0.015024744700350201,0.018812642278055902,1.083035905741022,0.00378788872528604,-0.005045049379468813
1735,2020-12-18,345.34863100308337,345.5161923260127,341.6714298718465,343.6822509765625,136542300,-0.003992773986492892,0.012158451638740964,0.012946322114516295,2.1661843441957225,0.011186968321004104,0.005823502146197201
1736,2020-12-21,339.76292408601836,352.3212124729903,337.0259763287473,342.45330810546875,96386700,-0.003575811283829,0.013075126023761152,0.007384110420655121,1.4982693300887078,0.04466371263533649,0.015468150008332238
1737,2020-12-22,342.7791360979551,342.8908436114936,340.74970717574905,341.8761291503906,47949000,-0.0016854237976885456,-0.0021232033362689195,0.004132976440837766,0.7542952662698157,0.006262901247494453,0.03229536865425042
1738,2020-12-23,342.84430466406303,344.0917525684816,341.8575170917641,342.183349609375,46201400,0.0008986309156706618,-0.002791254289268963,0.004226453035425015,0.7361925846938409,0.006529351820502039,0.037244761815746985
1739,2020-12-24,342.6581462095984,343.542544801245,342.0716817018129,343.5146179199219,26457900,0.0038905116571761322,-0.004478582419306543,0.00704947975133785,0.42802737327742113,0.00428180642890425,0.02626016909483564
1740,2020-12-28,346.06534457269254,346.8566440369137,345.4416347950201,346.4656677246094,39000400,0.008590754660040112,0.008098808536483482,0.014310668569888385,0.6256291819974322,0.0040841254234122715,0.017733835157214495
1741,2020-12-29,347.9924184877755,348.1692982115266,345.2182250819667,345.8047180175781,53680500,-0.0019076917819073058,0.009786472587022699,0.010869114560881021,0.8824925579428317,0.00853392963079788,0.022425260090850774
1742,2020-12-30,346.62395879952305,347.33147772383484,345.90714985399984,346.2981262207031,49455300,0.0014268405762465353,0.012934500812624039,0.01127620724989109,0.8299335436277584,0.004113010617121395,0.01739291052467351
1743,2020-12-31,346.1025893642061,348.7836834268124,345.5905871051007,348.05755615234375,78520700,0.005080679906767083,0.017166839209665108,0.015220939257775568,1.2826165274577868,0.009174046835845896,0.004867976308948085
1744,2021-01-04,349.3888321963932,349.51917659122995,339.62334376927595,343.31915283203125,110210800,-0.013613849883605256,-0.0005690153422704958,0.0009029930124850871,1.73326678786288,0.02882400454598446,0.026735924874589756
1745,2021-01-05,342.67678687742756,346.7728905061342,342.6302231348059,345.6836853027344,66426200,0.006887272239833209,-0.002257027159460301,0.007379559169108374,1.0319529105517669,0.011983982893784472,0.03382437730652765
1746,2021-01-06,344.17564365417195,350.94355285159054,343.6263959355806,347.75042724609375,107997700,0.00597870837193093,0.005626612730069036,0.012574629108242252,1.604194344559764,0.021041403094615833,0.028617072306430957
1747,2021-01-07,350.124342303008,353.661880737417,349.94746254030196,352.9171447753906,68766800,0.014857544734633965,0.019113642418235433,0.02615849021598926,1.0018841747893552,0.010524901530298362,0.009970781854536481
1748,2021-01-08,354.30414871589034,355.14198358914405,351.05519832067495,354.9278869628906,71677200,0.005697490805610217,0.019739065246840326,0.02977965502521407,1.0461317155800025,0.011514410162130746,0.008209692684017833
1749,2021-01-11,351.7533887862446,354.29482021588973,351.632362830576,352.5353698730469,51034700,-0.006740854065642621,0.026844459346329064,0.020974362399715174,0.7485136888903035,0.0075523127970747745,0.013467419456176799
1750,2021-01-12,352.7215686990142,353.6245473333701,350.3662785938468,352.6098327636719,52547700,0.0002112210489739752,0.02003608430311621,0.01926302322541562,0.7736267560844616,0.009240436416607507,-0.011510933703665294
1751,2021-01-13,352.53544554182605,354.55555668053626,351.7534642871781,353.5594787597656,45303600,0.0026931920435986356,0.016704656726592493,0.019719850262538863,0.6789272483107219,0.007925377656929198,-0.0056873987575953855
1752,2021-01-14,354.30415242528704,354.8068647184422,351.9861359560516,352.3212585449219,49989100,-0.003502155335185053,-0.0016884592865217263,0.014726626743973181,0.7570160401245412,0.008006127061535133,-0.02216873426735333
1753,2021-01-15,350.7014344796534,351.5020240301078,347.8900242126763,349.75189208984375,107160000,-0.0072926807360121915,-0.014583229616973004,0.006368500097900132,1.5650335632956107,0.0103273203065437,0.0014106505117066348
1754,2021-01-19,352.20952068020125,353.0380654699637,350.72933922047633,352.49810791015625,51233300,0.007851896965884286,-0.00010569709049068621,0.013186178310328422,0.7553518643332127,0.006549613168635318,0.007658697885436494
1755,2021-01-20,354.78819724418975,358.21405551285824,354.397220924243,357.376220703125,61836100,0.01383869213338329,0.01351745611316435,0.025189745175061562,0.9648058474916157,0.010680158240818978,-0.005314117991847334
1756,2021-01-21,357.93475983810305,358.36300987967786,356.7804109135132,357.7020263671875,47840100,0.0009116601642422673,0.011716692257702555,0.023884962416504063,0.7758136072784267,0.0044243500162341465,0.005075000981129785
1757,2021-01-22,355.8495116892653,357.5996721065897,355.4678253506062,356.4360046386719,52860500,-0.003539319420058362,0.01167896059052409,0.01813950057454017,0.8538281376191246,0.005981008450997081,0.012614627351142271
1758,2021-01-25,357.17146221981005,358.1954668974896,352.3212755983803,357.84173583984375,70402000,0.003943852985887064,0.02313023584136009,0.01987408217809805,1.115367023748246,0.016415612576109316,0.01592135877271228
1759,2021-01-26,358.7912198692873,359.20083303759526,357.05037810890184,357.2831115722656,42665300,-0.0015610931080105583,0.013574551337248497,0.016287947168057926,0.6673710785479209,0.006018910099696835,0.016832183738000106
1760,2021-01-27,353.95968803310404,354.05278710492604,346.31672868098127,348.55096435546875,123351100,-0.024440414153274803,-0.024694581889899925,-0.008844508239606474,1.8100489765390544,0.022194913269713897,0.04185252525146388
1761,2021-01-28,350.36634054269865,355.55165024335554,349.9288287937746,351.54864501953125,94198100,0.008600408464242149,-0.017202534215838283,-0.0011359231673992998,1.342353982037317,0.01599443357054772,0.03463695531056521
1762,2021-01-29,349.6867328043069,350.65491209093165,342.83504399028214,344.5107421875,126765100,-0.020019712582422966,-0.03345695242898039,-0.020884270996139542,1.7121324950308487,0.022698473931455923,0.06098834185141411
1763,2021-02-01,347.90861660624154,351.2785927627981,344.7993008040637,350.2452697753906,75817600,0.01664542461427687,-0.021228563645949383,-0.0048958311774387475,1.0258909682338542,0.018499298970945443,0.04271307503975175
1764,2021-02-02,353.4290158638977,356.75245638940856,350.32901877184787,355.1977844238281,64450700,0.014140132860647858,-0.005836623901031235,0.007475003352119813,0.8999465134572658,0.018084115102182444,0.02841056468095826
1765,2021-02-03,356.02632883796133,357.19931453059735,354.20170652374054,355.4770812988281,52427100,0.0007863136743746502,0.01987117423750928,0.006868766371903812,0.7392825249072179,0.008432633676140994,0.023228937027832464
1766,2021-02-04,356.5104377825251,359.56389983293474,355.5888223142449,359.5173645019531,47142600,0.01136580504251583,0.022667473179932562,0.016618487164643314,0.694566290920741,0.011056705214215694,0.009943071974290119
1767,2021-02-05,361.3884888625458,361.63983074454535,359.47076763289346,360.93231201171875,48669800,0.003935686143354378,0.04766635060476965,0.019464283867959065,0.7278425287450003,0.006009611884184725,-0.0017536101624837652
1768,2021-02-08,362.38468496710107,363.5855978382445,361.52824155640604,363.5390625,38365200,0.0072222696653343466,0.03795566670503381,0.025579895106028427,0.5883963747978715,0.0056592440649715645,-0.007708155368233327
1769,2021-02-09,362.7011552001997,363.89277790526904,362.29157040764335,363.2969665527344,35551100,-0.0006659420465046084,0.022801893716888122,0.02334350663896756,0.5517889087031802,0.004407434261891286,0.003894740776923644
1770,2021-02-10,365.0378156036463,365.18676844469576,360.73690530404883,363.1387023925781,59154400,-0.0004356330350291371,0.021553066278580557,0.02138309696251528,0.91345252577474,0.012253893929037382,-0.019867842968288363
1771,2021-02-11,364.21861361632875,364.6375452854998,361.2954955929545,363.7252197265625,42913300,0.001615133088596954,0.011704177989952269,0.021572291093968632,0.6638853489635808,0.00918839143202041,-0.02649030737636837
1772,2021-02-12,362.9245677029753,365.7639045862191,362.8500770853384,365.5218811035156,50593300,0.00493961177150104,0.012715872032116327,0.02471884992104023,0.7823322883072147,0.007971691030052195,-0.007793497448240316
1773,2021-02-16,366.75067579926497,366.94619235443565,364.48851345953494,365.205322265625,50972400,-0.0008660462047714867,0.00458344078395978,0.02161842892542154,0.8239900595622842,0.0067295812658315106,-0.014682484769844684
1774,2021-02-17,363.455213196624,365.54049596951603,362.4404702799734,365.2891540527344,52290600,0.00022954700273625228,0.005483633730563486,0.02002803531583308,0.8445775480946588,0.008486498039016792,-0.027956869770952686
1775,2021-02-18,362.6824763517957,364.4791716714211,360.96024323185935,363.73443603515625,59712800,-0.004256129699798494,0.0016405126709244655,0.014785808577826076,0.9661146836478721,0.009674444019981777,-0.03588240476220439
1776,2021-02-19,364.991184244634,365.2797714201649,362.6452131276188,363.0920715332031,83241000,-0.0017660260847313092,-0.0017407321764362216,0.012232586199803608,1.309290122874238,0.007255895953390943,-0.01640874645659307
1777,2021-02-22,360.3273043244353,362.7104930424211,360.0293986322245,360.29937744140625,67414200,-0.007691421297095102,-0.014287800353682156,0.003906457297478072,1.0483527029089625,0.007441296261003372,-0.013719889990843837
1778,2021-02-23,358.09299834523233,362.0867122956101,353.94104155862044,360.7368469238281,107284100,0.001214183287044479,-0.012235515391932905,0.004720145814753662,1.6218554508542005,0.022580645161290255,-0.00085164701528051
1779,2021-02-24,359.64763206401153,365.1401640532169,358.6608445373059,364.7119140625,72433900,0.011019298894940022,-0.0015802275644654085,0.014741675897305573,1.0709145913608178,0.01776558227489291,-0.005589964923085167
1780,2021-02-25,363.44588095381306,364.8143548239755,354.4809836013045,355.9239196777344,146670500,-0.02409571512725428,-0.021473128699497024,-0.010723943422378479,2.131733625334449,0.02903252816508428,0.029294048700517772
1781,2021-02-26,357.8044726689712,358.9495032557424,352.1071613879296,354.09002685546875,152701600,-0.005152485463539747,-0.024792732707497822,-0.016168646797900643,2.1288812901805576,0.019323735064149954,0.03601847895279264
1782,2021-03-01,358.9587703830817,363.92066358275525,354.2854928063855,362.6731872558594,105348800,0.024240051256495976,0.006588437180519824,0.005143300356202696,1.4909730355127357,0.02656708881423959,0.01753186512202265
1783,2021-03-02,362.89666276485025,363.1293962418053,359.34048841861335,359.84320068359375,79595300,-0.007803131501610383,-0.002477280177655583,-0.004024638200439745,1.1234873752296068,0.010529330041512982,0.02424066743208697
1784,2021-03-03,359.1449892511198,360.11314003050495,354.9743952442966,355.0768127441406,119940200,-0.013245735727112296,-0.02641838927342588,-0.017200611300573154,1.6291550073070074,0.0144722060178883,0.04152904855516781
1785,2021-03-04,354.8905802752683,357.4785750729967,346.1956620928304,350.6827697753906,183433000,-0.012374908219975,-0.014725478150187987,-0.02871822120217704,2.2880102949424423,0.032174129876392066,0.039235507114895984
1786,2021-03-05,354.18311275175654,358.1861456706564,346.9032310579424,357.1341857910156,152039600,0.01839672938524206,0.00859713266307116,-0.010523253135570121,1.7799843835344924,0.0315929279851032,0.01857420586054026
1787,2021-03-08,358.09305771331407,360.9044680233819,355.0768407972248,355.3561096191406,123149200,-0.004978734163845866,-0.020175402797441122,-0.014688469329709353,1.381522202799017,0.01639940068120113,0.03184499827340548
1788,2021-03-09,359.200787117016,362.9803758060694,358.6980749456604,360.42962646484375,113633600,0.014277274847309451,0.0016296703123359624,-0.00018990415084696455,1.223133925477305,0.011881101180306842,0.009313023144207122
1789,2021-03-10,362.77560474978924,364.367493636716,361.3605955625039,362.6731872558594,109899400,0.006224684727004437,0.02139360904197507,0.006120644330020575,1.1374269750300814,0.008290930181422039,-0.0020298592864821385
1790,2021-03-11,365.14016975445605,368.32394739867954,364.683992879817,366.3503723144531,86245000,0.010139114739683208,0.04467742327088797,0.015869259930571644,0.8802702795665737,0.009935719447660862,-0.006488946000477003
1791,2021-03-12,364.9912616619042,366.9834454384432,364.181353712992,366.84381103515625,64653600,0.0013469038330322647,0.02718761079294274,0.016797890955679406,0.6526539454519695,0.007638378081244649,0.008163641866248073
1792,2021-03-15,367.09516616349055,369.29218502366257,364.95402947649114,369.0315246582031,73427200,0.005963610553694876,0.038483691904775075,0.022364407683155285,0.7327749407959538,0.011755514792914841,0.0016807216087757482
1793,2021-03-16,369.64592676134737,370.35341719951157,367.7933490003447,368.5660400390625,73722500,-0.0012613681705695434,0.022574208602167634,0.02059971366488611,0.7274638536386835,0.006946023021805164,0.0002849176943078291
1794,2021-03-17,367.28135513431295,370.6234044689322,366.13629619510306,369.82281494140625,97959300,0.003409904239171313,0.01971369248342847,0.023437438870179683,0.9453227804345736,0.012133129954516436,0.0009265284707806742
1795,2021-03-18,367.23478757465904,369.3200702632121,363.76239416037566,364.4419860839844,115349100,-0.01454974825789046,-0.00520918327013653,0.008447951976737977,1.0840362041783789,0.015249823881586638,0.026673427100154967
1796,2021-03-19,364.141257136667,365.71969051583625,361.59147356195604,363.7676696777344,113624500,-0.0018502709127883321,-0.008385425254256451,0.006487971187074004,1.0527978231056527,0.011348498775433901,0.043339651318685446
1797,2021-03-22,364.28142984428587,368.05472957490497,364.22539313813485,366.67242431640625,73778600,0.00798519187052893,-0.006392679714780081,0.013631291619993213,0.6815924511603135,0.010443480836905635,0.03446332047231815
1798,2021-03-23,366.0372179810948,367.48487998089433,363.00177375328116,363.78631591796875,90686600,-0.007871081125934487,-0.012968433338533258,0.005229214932431114,0.8442671769636476,0.012323460315709309,0.04387691843077701
1799,2021-03-24,365.1872821895607,366.82175212263417,361.8903239789625,361.93701171875,97588600,-0.005083490275197056,-0.02132319290227036,0.000502720908109211,0.8980079654145569,0.013625100456716282,0.0541911130837629
1800,2021-03-25,360.4987270317707,364.76700718739,358.55602665416086,363.97314453125,116128600,0.00562565514599056,-0.0012864641579094505,0.00501310311229286,1.0838430815599185,0.017064392322757953,0.05591475979217009
1801,2021-03-26,365.12196135499164,370.2401983720078,364.5242270663124,369.8385925292969,114409100,0.01611505707543559,0.016689011579673396,0.01899338030251374,1.0872228313078924,0.015455313266807363,0.039547330770333344
1802,2021-03-29,368.362862908593,370.55772850073316,366.87783346614003,369.6517639160156,108107600,-0.0005051625683613059,0.008125344045611937,0.01750041638957245,1.025995142952075,0.009955031718526297,0.04315535639349921
1803,2021-03-30,368.38151862967413,369.3435197999662,367.0739198714649,368.6710510253906,76262200,-0.002653072395044309,0.013427484470095674,0.013569454170959228,0.7249129352494905,0.00615616529203695,0.04235819821394826
1804,2021-03-31,369.2408322683644,371.7252304449524,369.2128139187483,370.16546630859375,112734200,0.004053519469583211,0.022734493360512698,0.015571555131123738,1.0752814425002677,0.006787279621891022,0.04930227603886106
1805,2021-04-01,372.0988084552015,374.2189680327331,371.89333106228867,374.16290283203125,99682900,0.01079905309185425,0.027995906988973918,0.02324294278533512,0.9903514085421483,0.006215573358132805,0.04156177078227197
1806,2021-04-05,376.8246892465933,380.0749596235108,376.7499831645127,379.5332336425781,91684800,0.014352921601524127,0.026213167876776744,0.03476021256750905,0.939043898925738,0.008760699101595302,0.021779039114159016
1807,2021-04-06,378.9729533834397,380.35522998954474,378.63670467999566,379.3091735839844,62021000,-0.0005903568877047016,0.026125696156999556,0.03078353354470531,0.6557522992195384,0.004530671624182518,0.01489701310695457
1808,2021-04-07,379.141055188101,380.0937075716996,378.6834126464064,379.7481384277344,55836300,0.0011572745251646754,0.03004599187143908,0.029274658672026277,0.6089678973363033,0.0037137638939646633,0.023315785070655348
1809,2021-04-08,380.99973461896406,381.6068179580441,380.06575148102456,381.55078125,57863100,0.004746943144287918,0.030757366577017997,0.03152162032438799,0.6495032340968909,0.004038955108336612,0.009179169610041171
1810,2021-04-09,381.429291282708,384.49275406318844,381.30786894490393,384.3246154785156,61104600,0.00726989529264821,0.0271585252561668,0.03650231988456487,0.6957047846995635,0.00828696625200306,0.012758675096273597
1811,2021-04-12,383.72686723274467,384.73555618947427,383.11978406878455,384.4647216796875,56704900,0.00036455172406135716,0.012993560510575985,0.03442225552075673,0.6485467831456685,0.004202653792604344,0.014502934560181036
1812,2021-04-13,384.36203264890395,386.2299986965263,383.9790961887934,385.6042175292969,56551000,0.0029638502191593474,0.016596076192495923,0.03518020997263083,0.6530894598364303,0.005837338922678928,0.011286948440973221
1813,2021-04-14,385.5761649966313,386.6315702804382,383.7455664130594,384.28729248046875,61659900,-0.0034152247018098825,0.011953064658928314,0.029472405699208615,0.7170852704271218,0.007510016396197863,0.014461267918254306
1814,2021-04-15,386.4260781596265,388.68632933197097,386.379390415515,388.41546630859375,60229800,0.010742415658552718,0.01799153715818469,0.03794651876886035,0.7161656958227414,0.00593935905380021,0.010075506784547938
1815,2021-04-16,389.7044266833597,390.3208589152381,388.2847827117887,389.7137756347656,82037300,0.0033425788589489525,0.014022417350343375,0.03791128649983633,0.9951782487925607,0.005224542550832434,9.569197395697948e-05
1816,2021-04-19,388.77980210912494,389.22809574117946,386.4728627845068,387.7991027832031,78498500,-0.004913023278286466,0.008672788205243087,0.02951744085806629,0.9729794116101345,0.00710479456218074,0.007201157813466308
1817,2021-04-20,386.58486845168517,387.6869614412357,383.4840383597904,384.9597473144531,81851800,-0.007321717477869805,-0.0016713256379120578,0.019504826516889784,1.0094923493632506,0.010917824813543848,0.008370301119493995
1818,2021-04-21,384.343304744254,388.80774177837327,384.20318450969165,388.6022644042969,66793000,0.009462072632929974,0.011228505361122298,0.025780683330817844,0.8360886677333339,0.011849023257082964,-0.0007687463497506597
1819,2021-04-22,388.43414245658613,389.2653723743387,383.9883749549103,385.0531005859375,97582800,-0.009133152694825397,-0.008656621618627458,0.013320492531734507,1.2215077840409168,0.013704596616410538,0.01649418026823235
1820,2021-04-23,385.61357852432894,390.6384119098377,385.5388724213667,389.22808837890625,73209200,0.010842628683201516,-0.0012462665839007014,0.0209149541203153,0.9417040128014489,0.013101673904650744,0.012909603452220475
1821,2021-04-26,389.88182724622914,390.61033277407387,389.29341345395136,390.04058837890625,52182400,0.0020874649704341053,0.005780017487446942,0.020342768860451388,0.6992160578074207,0.003376364817815275,0.0007904012643915603
1822,2021-04-27,390.33944884314224,390.535605765326,388.8170522247635,389.9565124511719,51303100,-0.00021555686828345078,0.012979967831902028,0.017420707911017352,0.7146309690367579,0.004407038953549279,-0.00792770753386951
1823,2021-04-28,390.22751049909505,391.34830171724354,389.37758238419826,389.8445739746094,51238900,-0.0002870537431440834,0.0031968665242259053,0.014326928659941673,0.7263964807858406,0.005055141111630899,-0.02872559371938954
1824,2021-04-29,392.57179370789436,392.9453812570922,388.94793462457886,392.3289489746094,78544300,0.006372732021561411,0.0188957013398936,0.017856146387707605,1.1411515905073706,0.010189017769300654,-0.02328273503821421
1825,2021-04-30,390.05929844599274,390.90922633880604,388.8544524767412,389.7510681152344,85527000,-0.0065707128319553165,0.0013436330828699994,0.009127556509744394,1.2555125105354523,0.005272015987028242,-0.0017254227289601465
1826,2021-05-03,391.740486180178,392.1234226337819,390.09669546817264,390.5917053222656,68128300,0.00215685671137833,0.0014129733155463509,0.009858379551607177,1.01770063528332,0.005188863813523808,-0.00640859310742814
1827,2021-05-04,388.60228003315905,389.09728984022036,384.49276088924864,388.1819763183594,101591200,-0.006169432097688943,-0.004550600069885169,0.0024782713801085876,1.474005275828993,0.011861779350609013,-0.00885420355918154
1828,2021-05-05,389.82592505723755,390.0594208647132,387.7431321935084,388.30352783203125,60162200,0.00031313023552681507,-0.003952975738168107,0.0016856027276355157,0.8701735141509758,0.005965149696519782,-0.01176240359700187
1829,2021-05-06,388.3781117451592,391.5349786293804,386.3700541332892,391.40423583984375,74321400,0.007985268702358495,-0.0023569842021152754,0.008402731026159405,1.062324938380025,0.013195882985294533,-0.009043833964340164
1830,2021-05-07,392.17010496663084,394.9066681025146,391.4882871687611,394.25286865234375,67733800,0.007277981563964531,0.011550450801531609,0.014444450434095257,0.9635986976711896,0.008670529007026351,-0.017009217054298365
1831,2021-05-10,394.60783736731895,394.8319841776763,390.2274545965479,390.348876953125,81852400,-0.009902253121362392,-0.0006216936146666852,0.003639389295811757,1.1439901780456343,0.011795933978519815,0.0029430178457396927
1832,2021-05-11,385.82834392591514,387.85507086903533,382.9890279126543,386.86505126953125,116888000,-0.008924902540483282,-0.0033925455821475214,-0.005479194968416534,1.5675616341945369,0.01257814046632716,0.009729352705423855
1833,2021-05-12,384.0818451111226,385.35204832878026,377.3291376588085,378.64605712890625,134811000,-0.021245119231250387,-0.024870932172685656,-0.025901588164114586,1.723389861362809,0.02118841730666805,0.033694207217359384
1834,2021-05-13,380.1963812322004,385.1278092241434,380.1496649909566,383.1944580078125,106394000,0.012012275826650987,-0.02097518902526785,-0.013537967242353122,1.3211307281666178,0.012991169702890945,0.021960868763277963
1835,2021-05-14,385.93106496065724,389.9285106204482,385.90304661385784,389.0785827636719,82201600,0.015355453694321008,-0.013124282155153155,0.0016915023454293632,1.020621301677803,0.010346146472512094,0.00830577174779501
1836,2021-05-17,387.96716817788194,388.9011510722619,386.0711555395105,388.08856201171875,65129200,-0.0025445264679461177,-0.0057904994092699,-0.0008945558254739305,0.8154168129418616,0.007292138469842097,0.009987822490505893
1837,2021-05-18,388.3500945443385,388.59293922934893,384.5861444411635,384.74493408203125,59810200,-0.008615631216635888,-0.005480249974875395,-0.009475090832200439,0.7592998367402901,0.010414158662661212,0.020366974048890096
1838,2021-05-19,380.0562791493096,383.9136040250539,378.57122147090604,383.73614501953125,106467100,-0.002621968408516917,0.013442865163368456,-0.011452999269639386,1.3184142612050773,0.013922020699603303,0.019252575060842547
1839,2021-05-20,384.61416996928796,389.1253236094422,384.49277612741383,387.86444091796875,78022200,0.010758162742859012,0.012186979254436459,-0.0011797388272239973,0.9780174770881548,0.011943728254810888,0.017626677656834566
1840,2021-05-21,389.3495165134627,390.59172995398563,387.08929345333263,387.54693603515625,76578700,-0.0008185975544988677,-0.003936599947589436,-0.0017812928466073297,0.9579000892495843,0.009037451144589315,0.017472367022076662
1841,2021-05-24,389.7884757512618,392.5717554519268,389.54563104164197,391.4976806640625,51376700,0.010194235230769122,0.008784383220860725,0.008205589378128098,0.6429798033429213,0.007729610058358108,0.00741928423032423
1842,2021-05-25,392.58101863752853,392.93593669892675,390.0499329669356,390.6289978027344,57451400,-0.0022188710284429813,0.015293414414258688,0.005881410930857145,0.7162490955160035,0.007388093941373383,0.008153354055516981
1843,2021-05-26,391.21742785148024,391.90856610321015,390.1807204738854,391.40423583984375,43088600,0.001984589063971365,0.019982717082651202,0.00767532209717503,0.5399305661065839,0.004414478615994727,0.010833467050962664
1844,2021-05-27,392.43165081383626,392.9453300641983,391.3295292083679,391.6097412109375,56707700,0.000525046364541204,0.009656209484181222,0.008297747060662664,0.7204441856392283,0.004126048680081383,0.011972708175982616
1845,2021-05-28,393.1787779101102,393.4402919789062,392.0766849418198,392.3101806640625,58520200,0.0017886160108251392,0.012290755482773807,0.009768532336649649,0.7564483218105268,0.0034758390281339016,0.01242748082102052
1846,2021-06-01,394.6732671181002,394.813358890226,391.5257484584241,391.9647216796875,54216600,-0.0008805761394982126,0.0011929598531281727,0.00870111619058589,0.7071772557949584,0.008387516146130454,0.01146108269295154
1847,2021-06-02,392.6183914671472,393.4216315915621,391.60970246523397,392.5810241699219,49097100,0.0015723417342083934,0.004997136357432597,0.00971560346370226,0.6631024045229766,0.004615427172414453,0.004234732408303854
1848,2021-06-03,390.26480554943856,392.2635143648258,388.7984453863478,391.1240539550781,58138800,-0.0037112599059631046,-0.0007158376407563338,0.005603535264432802,0.7862934351054807,0.008859258190435928,0.007641565428168295
1849,2021-06-04,392.9733282256469,395.0000837788047,391.1894173616605,394.7012023925781,55938800,0.009145815506174104,0.007894239740005471,0.014370673881858309,0.7660624061188801,0.009654559940646028,-0.014960990272677277
1850,2021-06-07,394.69188585185486,394.86934490806766,393.38431530836596,394.31829833984375,51555000,-0.0009701111889532932,0.0051186988631855,0.013378101443163315,0.713936891468506,0.00376606818895792,0.00011105932642174743
1851,2021-06-08,395.17750652833854,395.2709105225555,392.5717146579376,394.4023132324219,47134300,0.0002130636415602627,0.006218905472636926,0.013066353458262903,0.668795891274748,0.006843762762180447,0.005243823882727705
1852,2021-06-09,395.24292720536323,395.31766180851946,393.58978752250255,393.8139343261719,48436300,-0.0014918241767595264,0.003140524071067574,0.010653080169592322,0.7223500839438197,0.004387539737448247,0.00553187087135143
1853,2021-06-10,395.0374175201594,396.59718157596666,393.72049815041606,395.6445007324219,51020100,0.004648302781317781,0.01155757804111679,0.01314106537349713,0.8115919021039468,0.007270879337954261,0.006800504671263585
1854,2021-06-11,396.195645900819,396.4104437738481,394.90674465103467,396.2983703613281,45570800,0.0016526695750751497,0.004046524203798585,0.013115664628378543,0.7617596355385974,0.0037943611058567322,0.008709751072412786
1855,2021-06-14,396.4103860815458,397.2883323557152,395.1682012696967,397.18560791015625,42358500,0.002238812004246249,0.007271561026674256,0.01433272883468839,0.7324542591103738,0.0053378849681233196,0.008485454220514166
1856,2021-06-15,397.3350079519186,397.3723467449024,395.5791155832376,396.4570617675781,51508500,-0.0018342712527059657,0.005209778102760243,0.011391421030947368,0.9012879817070482,0.004523140926459552,0.01088229215297698
1857,2021-06-16,396.5971548550764,396.82130162532735,392.19810347152844,394.2434997558594,80386100,-0.005583358767402791,0.0010907827078858734,0.00452739724264517,1.3817107385137253,0.011726758099149099,0.01741369072477128
1858,2021-06-17,393.832670472112,395.0935248680887,391.6378044633818,394.11285400390625,90949700,-0.00033138340146132705,-0.00387127010657351,0.0028687350174414483,1.5844121206272064,0.008768352439153455,0.02338579976134958
1859,2021-06-18,390.8294393593685,391.5228387958726,388.5899319002041,388.79608154296875,118676300,-0.013490482248733726,-0.018930910090594333,-0.010777704048941406,1.99672384404542,0.007543560840502894,0.045309798140826585
1860,2021-06-21,390.5577162541795,394.5495102417298,389.742497165714,394.3620910644531,72822000,0.01431601239239666,-0.007108809557726525,0.0025148369101535284,1.2291115220977025,0.012189338643176516,0.028679220987154475
1861,2021-06-22,394.352801170885,397.30446779494173,393.6312629632082,396.4704895019531,57700300,0.005346351703859442,3.3869328282642996e-05,0.007237985620631493,0.9687133245489231,0.009264762268555762,0.026824600153407374
1862,2021-06-23,396.54531142259333,397.35115077864344,395.9081321276498,395.9924621582031,49445400,-0.0012057072503693922,0.004436249179572638,0.005338617049837735,0.8357408543147888,0.0036440558568438634,0.01968791174949902
1863,2021-06-24,398.13831292432985,398.75673318670397,397.88529422084855,398.3350830078125,45110300,0.005915821823581746,0.010713248657107766,0.010397078303713725,0.7611671985183746,0.0021877032755317884,0.024511815383917668
1864,2021-06-25,399.08474110668726,400.19981934817787,398.7567718716343,399.7500305175781,58129500,0.003552153877788955,0.028174021021862616,0.01294039160755922,0.9796711020493049,0.0036098745875645048,0.024542238271612726
1865,2021-06-28,400.2748080498527,400.7245682950884,399.0753997356411,400.555908203125,53159600,0.0020159540313315905,0.015705914130726084,0.01392318056160824,0.8999774834638897,0.004117199436266883,0.018995512218431765
1866,2021-06-29,400.9400834258965,401.5772628150839,400.2373044711945,400.77142333984375,35970500,0.0005380400895484971,0.010848055408344326,0.013339227956594923,0.6185238703992983,0.00334344782550316,0.01996721410841129
1867,2021-06-30,400.3122456149289,401.78340305544015,400.2841356012442,401.1087341308594,64827900,0.0008416537990774131,0.012920124652807674,0.013099882043725808,1.0998603965071727,0.003737808047098813,0.015628676951422005
1868,2021-07-01,401.8677204331776,403.48880742764095,401.8021208712644,403.3294982910156,53441000,0.005536563956824114,0.012538225971688188,0.017141158765142217,0.91029960714255,0.00418190725826746,0.002114358624247359
1869,2021-07-02,404.49143596219454,406.7684327334074,403.41381877275404,406.412353515625,57697700,0.007643515383010779,0.01666622261271833,0.02340443654874358,0.9813370152797033,0.00825421257900907,-0.02017425427938957
1870,2021-07-06,406.4685771019908,406.68410626099694,402.9359520976346,405.6720886230469,68710400,-0.0018214625765544668,0.012772699928139453,0.020082112422346032,1.151839411956798,0.009239369107410213,-0.004319395763038192
1871,2021-07-07,406.3560326538428,407.3867805031831,404.34140602785106,407.10565185546875,63549500,0.003533798041881031,0.015805090250293974,0.022054494074200015,1.0508649074834737,0.007480550715648656,0.0002076455854174153
1872,2021-07-08,401.7834502743056,404.54772586147544,400.60277236849515,403.7887268066406,97595200,-0.00814757799040755,0.006681461777660713,0.012459519617425752,1.5508172263270845,0.009769845543185213,0.010535358110499438
1873,2021-07-09,405.2972630468599,408.3988582078336,403.591846106271,408.0989990234375,76238600,0.010674572940370552,0.011825320867011158,0.02167183383967175,1.1876579139676837,0.011779034285958898,0.010148895636356903
1874,2021-07-12,408.01468314938586,409.8138097220538,407.58365342944904,409.560791015625,52889600,0.0035819543681447907,0.007746904031742163,0.02363206674302143,0.8192529143799104,0.005445238757046152,0.00901427727516313
1875,2021-07-13,408.77374227084334,410.27300986948524,407.9023031665115,408.1646728515625,52911300,-0.0034088179207790725,0.006144332574065103,0.01874495159218359,0.8129447867182436,0.005808211392748071,0.007851143274560934
1876,2021-07-14,409.8606803722424,410.34795874869207,407.52746339505444,408.7737121582031,64130400,0.0014921411556412245,0.004097364640190726,0.018699254301361767,0.9758561189547951,0.006899894170655574,0.005937125714751135
1877,2021-07-15,407.43375298751454,408.10842192602513,405.4753457373174,407.3775329589844,55126400,-0.0034155307880424646,0.008887831467524698,0.013561105084692437,0.8552817758006941,0.0064634791457014945,0.013571032981103404
1878,2021-07-16,408.55826493610124,408.60510543403905,403.78874124223563,404.1822814941406,75874700,-0.007843465106273873,-0.009597469091248478,0.004353176991332974,1.1911194180626694,0.011916316999346836,0.016622540582720946
1879,2021-07-19,399.35647556745073,404.24781810954704,395.4021716073947,398.2132873535156,147987000,-0.014768074737367076,-0.027706518570710714,-0.011635613104246989,2.2709281922368407,0.022213338386922285,0.029696015366490247
1880,2021-07-20,398.8785584072042,405.1942176052661,398.0820699298473,403.9198303222656,99608200,0.014330368046418185,-0.010399828333111483,0.0013403083141110272,1.4977511148568514,0.01760782002147403,0.02340739722166929
1881,2021-07-21,405.1193378747333,407.3307642391192,403.8730888945269,407.190185546875,64724400,0.00809654535158666,-0.003873846493130828,0.008108194965067428,0.968111046395273,0.008491548832269833,0.010194405855199262
1882,2021-07-22,407.3681167667281,408.2864248103382,406.3842377598322,408.04278564453125,47878500,0.002093862101590682,0.0016330127013015616,0.008714345493361364,0.7169797673741074,0.004661734301958896,0.014467479974565434
1883,2021-07-23,409.9731072389194,412.5780733348413,409.28908738037114,412.2407531738281,63766600,0.010288057225827263,0.019937716343966683,0.01734345019940431,0.9417486266971985,0.007978313471311008,0.005796212034004267
1884,2021-07-26,411.65035780963643,413.26206508210987,411.6035173257502,413.252685546875,43719200,0.0024547121196922816,0.03776719328807343,0.018144386453163186,0.6526195159346494,0.004013398616308663,0.0025172315194279538
1885,2021-07-27,412.2125610083437,412.24067101615924,408.53935794230335,411.3692321777344,67397100,-0.004557631287134045,0.018442773283810387,0.012155810210210394,0.9954933524326606,0.008997544746508199,0.008359949188957438
1886,2021-07-28,411.99714163798257,412.5781010183634,409.77636464052375,411.2006530761719,52472400,-0.00040979997621615194,0.009849126210914605,0.010444595087903075,0.7657152138114872,0.006813550408735929,0.011280056742418498
1887,2021-07-29,412.12833741336397,413.9836556005954,412.1189578762892,412.90606689453125,47435300,0.004147400558830006,0.011918557124636076,0.013166747560246383,0.7011074501156004,0.004516033727309005,0.010121132827784152
1888,2021-07-30,410.33858897512397,412.35321630587856,410.20738984106623,410.90081787109375,68951200,-0.004856429062713885,-0.0032503707904137924,0.0073106793134882775,1.007569646217694,0.005222249193686227,0.016898193294642594
1889,2021-08-02,412.61549088677026,413.16834011828394,409.68255608198217,410.03863525390625,58783300,-0.002098274278582668,-0.007777445629217006,0.004750467817831616,0.8583074289579853,0.008501111204175384,0.021435611074782868
1890,2021-08-03,410.83517582420905,413.49636182074306,408.6425090931806,413.3745422363281,58053900,0.008135591857962865,0.00487472057153604,0.011969714848957258,0.8543036943466995,0.011742021415502407,0.006550978678681707
1891,2021-08-04,412.09086705960937,413.3464954516936,411.1069878900075,411.34124755859375,46732200,-0.004918770920759652,0.0003419121087724353,0.0064702614378866485,0.6963130892279565,0.005444403095916441,0.00045552915201096944
1892,2021-08-05,412.5030891792091,414.0304665079831,412.1844995210822,413.9461364746094,38969700,0.006332671307524462,0.0025189011822968066,0.011586850178699537,0.6071701787870526,0.004459437652014636,-0.00430103182741437
1893,2021-08-06,414.2647578157139,415.0518667835452,413.983629086822,414.63018798828125,46930000,0.001652513342672135,0.00907608346099087,0.012450540618001327,0.748281129842322,0.0025763625699954905,0.0019661281017873122
1894,2021-08-09,414.60214843098646,414.920738167619,413.52455961081546,414.2929382324219,41222600,-0.0008133748232266313,0.010375371032735226,0.011042907191253448,0.6634497338965057,0.003370027408046878,0.011602843965596632
1895,2021-08-10,414.7426584888019,415.5204165734043,414.05863858352615,414.8082580566406,43339300,0.0012438537485512935,0.00346832151916332,0.01148053777036151,0.7029310785543844,0.0035239847845038733,0.011949807087573872
1896,2021-08-11,415.87650932910805,415.9327293616088,414.752051486792,415.8390197753906,44034300,0.0024849112782350247,0.010934406027822918,0.013121261752693902,0.7260358004735837,0.0028392666841473356,0.011559704813068672
1897,2021-08-12,415.6889659926469,417.22572267838126,414.7894171451749,417.08514404296875,38909400,0.0029966506468084297,0.00758313048913295,0.014956997459411703,0.6502297438655242,0.005841266628655911,0.0025838063323997407
1898,2021-08-13,417.5350605392358,417.8630297953268,417.0478107219428,417.84429931640625,39470300,0.0018201446018399903,0.007751754264973654,0.01511694340586267,0.6802966843156956,0.001951011596227726,0.00970995890861781
1899,2021-08-16,416.5416879310771,418.95923447372246,414.98620072147236,418.82806396484375,73740000,0.0023543809262132065,0.010946664337970535,0.01496534904631086,1.3578386317243878,0.009486073389255018,0.011768226509779378
1900,2021-08-17,416.26994057605424,416.94460938558365,413.0933951867882,416.0825500488281,92673900,-0.006555229107680027,0.0030720024672543644,0.006828231756659475,1.717449793532935,0.009255889722708868,0.016935509127676385
1901,2021-08-18,415.0706304246031,416.63549754497274,411.28501488582106,411.52862548828125,89351900,-0.010944762187244939,-0.010365535897611466,-0.004713693078727155,1.618941521035238,0.013001483560963225,0.02873525117223097
1902,2021-08-19,408.80177618265736,413.36517769933806,408.6612261268582,412.1657409667969,92812200,0.0015481680715641044,-0.01179472140504978,-0.0036695635994481446,1.6158607923919674,0.011412767013206966,0.030305244832108613
1903,2021-08-20,412.51249736786883,415.7733732693985,412.0252190130029,415.4454040527344,72008700,0.007957146264132797,-0.005741122393189246,0.0038695536322430613,1.2447410642062722,0.00902201401154464,0.021923462433654173
1904,2021-08-23,417.1321276721808,420.00884318252696,415.52042005494565,419.09991455078125,54973000,0.008796608320603694,0.0006490744277354299,0.01198528060371773,0.9411084358140268,0.010709673210962832,0.009390474057286324
1905,2021-08-24,419.76513671875,420.2992555252089,419.2497769837676,419.76513671875,38744700,0.0015872639074188122,0.0088506155076431,0.012565167227600593,0.6799652126085779,0.0025001565152477857,0.006562987463925474
1906,2021-08-25,419.9525966891945,421.16135587884156,419.57775837696613,420.64599609375,40529700,0.0020984576801341692,0.022154887997526185,0.013535361250940126,0.7188248005437072,0.0037646798414372458,0.00015598102342129216
1907,2021-08-26,420.36482888327043,420.59908850889707,418.06910170981706,418.1628112792969,57829600,-0.00590326506733152,0.014550142616009287,0.006914515098213059,1.016283940766211,0.006050243423942816,-0.0018374208411851
1908,2021-08-27,418.9686154512516,422.2763599432397,418.91239543351816,421.90155029296875,77235100,0.00894086923280879,0.015540300066515744,0.014573444306426486,1.3475032533869857,0.007973340006419985,-0.00815081805470863
1909,2021-08-30,422.5762498396636,424.5440363918998,422.3326106810009,423.7569274902344,48357400,0.0043976543721568895,0.011111939606202936,0.01735709535781349,0.8514242094433058,0.005218618428249395,-0.01782269443736484
1910,2021-08-31,423.6632387027082,424.0005588501911,422.5294300788062,423.1291198730469,59300200,-0.0014815276788647802,0.008013965096274278,0.014661743438187491,1.0429487667656088,0.003476784513971359,-0.008149313077191356
1911,2021-09-01,424.0661623524176,424.58152211457764,423.11974426960506,423.35400390625,48721400,0.0005314785077203954,0.006437735857817373,0.013740896157462323,0.8553966480721561,0.0034528499352430315,-0.010247855031377262
1912,2021-09-02,424.77834425136786,425.4623641266029,423.45711639620544,424.6565246582031,42501000,0.0030766704458558003,0.015529150856432805,0.015557566749717422,0.7438797421545944,0.004722046204309324,-0.022895341730179597
1913,2021-09-03,423.5226862527916,425.068794112329,423.1197379507082,424.55340576171875,47170500,-0.00024282894644644948,0.0062854840588013605,0.014107661585414766,0.8254345953698458,0.0045908385969106675,-0.03895443612263172
1914,2021-09-07,424.20675973967593,424.3004693240175,422.3607924531319,423.03546142578125,51671500,-0.003575390787912913,-0.0017025469500312473,0.009427846890763592,0.8960059012942981,0.004585140130683571,-0.036417115362501806
1915,2021-09-08,422.5013195727054,423.2322084875442,420.599103890751,422.5200500488281,56181900,-0.0012183644728411824,-0.0014394419944472325,0.007271229532539225,0.9634898900007177,0.006231904489476678,-0.02583044140336066
1916,2021-09-09,422.3233164530745,424.0755740928611,420.4679696953391,420.71160888671875,57970400,-0.004280130994731235,-0.006241573234574638,0.002377792625903874,0.9824219372271116,0.008575005588907744,-0.009755925592842218
1917,2021-09-10,422.64189201792766,423.06354222411983,417.27265062322766,417.39447021484375,89948200,-0.007884590303207428,-0.017101007571246996,-0.00556219030385352,1.4611568175091514,0.013873905895091146,-0.0002422282601781678
1918,2021-09-13,420.39303344599693,420.655403124016,416.1482209113753,418.46270751953125,83738600,0.0025592991304788093,-0.01434612974370042,-0.003090566350438695,1.3130730334995244,0.010770809755921552,-0.0056472396159154
1919,2021-09-14,419.9057224766755,420.11187210742554,415.3142391694053,416.2044372558594,78197100,-0.005396586656569613,-0.01614763960188792,-0.008160509690001816,1.2219089206565739,0.011527106653769072,-0.02039875241481881
1920,2021-09-15,416.62615281267944,420.17753758290735,415.5204539816399,419.680908203125,78792200,0.00835279645307696,-0.006719543475806722,-0.00030450064278952915,1.2447077897433034,0.011096724940876835,-0.026878214417226598
1921,2021-09-16,419.15608350800755,420.1305829932493,416.063839190952,419.0155334472656,77786700,-0.001585430127637233,-0.004031444351966562,-0.002778674880026588,1.2401523161054218,0.009705472655965545,-0.037245651060381024
1922,2021-09-17,418.24282930799984,418.6658303177403,414.5766484303606,414.9338684082031,118425000,-0.009741082879392127,-0.005895147114369004,-0.012817863703564969,1.850270791055798,0.009855020760457325,-0.01622102307842288
1923,2021-09-20,408.8047977762208,410.38405885600616,403.14573587535295,408.0151672363281,166445500,-0.01667422618070924,-0.024966478721919372,-0.028419605884008714,2.4218714362551514,0.017740328208094947,-0.01244106044342641
1924,2021-09-21,410.3558416937555,411.6531020580182,407.10330988661246,407.6297302246094,92526100,-0.0009446634406496957,-0.020602151884264397,-0.02801001376191492,1.3105004217912843,0.011161580802506068,-0.001222036546401739
1925,2021-09-22,409.9046994331068,413.64607141513255,407.7426174898221,411.6061706542969,102350100,0.009755030447598623,-0.019240183174879966,-0.017572565937134077,1.3871601545648637,0.01434248159090081,-0.006760253986076492
1926,2021-09-23,413.47685522277226,418.21466778281064,413.2418450775607,416.607177734375,76396000,0.012149980822999895,-0.005747652582416052,-0.005156581460723508,1.010833620842787,0.01193647870469617,-0.010198892654400438
1927,2021-09-24,414.97146438680744,418.00780541065916,414.7552447526697,417.2933654785156,62094800,0.0016470857460313404,0.005686441261987474,-0.0034145331969979154,0.8192954564151423,0.007794422166908224,-0.01362876885832387
1928,2021-09-27,416.25933916263614,417.4249802239827,415.40389884937827,416.09954833984375,61371100,-0.002860858181396919,0.01981392299280138,-0.005576665670389613,0.8183109561899474,0.004857206364842602,-0.01796050532646365
1929,2021-09-28,413.32642918282806,413.65544911085703,406.98115550934745,407.7143859863281,130436300,-0.020151817965125884,0.0002076780848936366,-0.023744643171781266,1.6489794153643376,0.0163700223266917,-0.00023076373214492296
1930,2021-09-29,409.0962556033454,410.8353363854079,407.83660468931265,408.400634765625,82329200,0.0016831605724108023,-0.007787871312950223,-0.020374037310969317,1.025874774524664,0.007342622515305809,0.0016803323033292017
1931,2021-09-30,409.8764821735044,410.58151260645667,403.0705975741562,403.4090270996094,140506000,-0.012222330821988647,-0.031680084598015856,-0.0300270879260508,1.6560919008070423,0.0186186092222619,0.031131923388219684
1932,2021-10-01,405.138703737529,409.88589724112427,401.613551525623,408.2032165527344,129240100,0.011884189819930002,-0.021783593217106323,-0.016554441395493558,1.4492234230610583,0.020265263427762817,0.026782514926170453
1933,2021-10-04,407.0375892196289,407.9400201839394,400.79570572105376,402.93902587890625,128570000,-0.012896004882773981,-0.031628302682484066,-0.026702811075390964,1.3787839076604063,0.01773051008723262,0.04327638431792291
1934,2021-10-05,404.4430607487151,409.3782739253751,403.64404918460883,407.131591796875,90682500,0.010404963651321042,-0.0014294177725499013,-0.014683106453800443,0.9525533724533319,0.014084450473268985,0.0404986534629479
1935,2021-10-06,403.53117578451554,409.0304184562949,401.90492407695274,408.8236083984375,113032200,0.004155945241426151,0.0010356830935271955,-0.008945641875077848,1.1528968148874708,0.017429263459750346,0.040262289707361676
1936,2021-10-07,412.1044451950091,415.1971583599053,411.9258351717762,412.3582458496094,72437500,0.008645874109420415,0.022183982382204537,0.0006360282741160184,0.7334309655034574,0.007933206674184389,0.03403513355197596
1937,2021-10-08,413.1290605510576,413.51448064643256,410.976359506261,411.6061706542969,74557400,-0.0018238393505699557,0.008336421575264374,-0.0004870134634122891,0.7608230236994024,0.006166382627687276,0.03485120419920329
1938,2021-10-11,410.9480912711501,413.86222243707743,408.56038046823124,408.6261901855469,65233300,-0.007239882881281856,0.01411420572687283,-0.0065368651138486555,0.672020132181311,0.012974797250364097,0.04798824304625082
1939,2021-10-12,409.5474002624371,409.9516107361224,406.8306698253898,407.62030029296875,71181200,-0.002461638330429561,0.0012003698704314836,-0.007947205559065917,0.7359537864380417,0.007656490386983884,0.05152003061787824
1940,2021-10-13,408.6450632915193,409.9047143211053,405.665150493523,409.0868835449219,72974000,0.0035979151452933955,0.0006439822482751101,-0.0030927014735826486,0.7567660059888778,0.010363480224163044,0.043108598840175594
1941,2021-10-14,412.7529748558683,416.1183359496485,412.28295460047235,415.9679260253906,70236800,0.01682049158076504,0.008753748014287854,0.014052324515994696,0.7312429181690546,0.009220377604166613,0.03575138493358643
1942,2021-10-15,418.0830843417794,419.5025549212031,417.46265406245044,419.13592529296875,66260200,0.007615970052904375,0.018293590270287874,0.0212522398328443,0.709097410865863,0.0048669196211868935,0.030008636804670585
1943,2021-10-18,417.34983805497893,420.7151708749127,416.6917981413863,420.37677001953125,62213200,0.0029604828688811757,0.028756306169824164,0.02273540733436663,0.7051140523668444,0.009570873132070237,0.02873486033225925
1944,2021-10-19,422.0030022074686,423.68565408047556,421.39195292020696,423.619873046875,46996800,0.00771475318960424,0.03925116767346193,0.028624757548008084,0.5467609276884451,0.005414526810961938,0.024986715822924443
1945,2021-10-20,424.0805321054758,425.58460284430237,423.9677318204224,425.2837829589844,49571600,0.003927837237997611,0.03959281039203466,0.03095304368347307,0.5949828850421426,0.003801863811101201,0.027209758190098743
1946,2021-10-21,424.6820334364951,426.6185143301636,424.24962289295166,426.3929138183594,41305400,0.002607978257854082,0.025061999112721,0.03241719040415525,0.5064326934724578,0.005555653859250219,0.029365998945179328
1947,2021-10-22,425.96055094238534,427.40822132656245,424.0052506620859,425.9511413574219,58845100,-0.0010360689556996316,0.016260157274014198,0.030267664542635186,0.7229217019202756,0.007989110332306973,0.03400872086087792
1948,2021-10-25,427.0416019944035,428.56446303148596,425.26494034706053,428.2354431152344,45214500,0.005362825770422575,0.018694356244608912,0.034274823557187695,0.5610354435253542,0.0077049266646935476,0.029371058546641127
1949,2021-10-26,429.7865805144339,430.99921225220334,428.2449001362051,428.62091064453125,56075100,0.0009001299063262636,0.011805483915771964,0.032598830522208466,0.729450176365323,0.006425986338035825,0.025046048251875286
1950,2021-10-27,429.0815570599391,429.74897787469854,426.64682658288626,426.7220458984375,72438000,-0.0044301729078928265,0.003381889921703962,0.025760464701982233,0.9484076974757767,0.007269723515879956,0.021324298632579897
1951,2021-10-28,428.1508248045862,430.91454608380144,428.1414439075538,430.83935546875,51437900,0.009648691952729438,0.010428038333406109,0.032254502041613176,0.7151588443206367,0.006436510827174793,0.011891347512747119
1952,2021-10-29,428.5362813944523,432.0050333226642,428.2448711186631,431.713623046875,70162400,0.0020292193993600716,0.013528503929087332,0.031444165227687115,1.017270165665392,0.008709853021230205,0.017463251407143332
1953,2021-11-01,432.70062881424144,433.07666796283195,430.7265667229376,432.45623779296875,48433600,0.0017201559238566588,0.009856247878573088,0.029587974153783225,0.7455402328982004,0.005434309959056285,0.016063750015348432
1954,2021-11-02,432.6254811267831,434.51497189123603,432.4938616741639,434.2047424316406,48908400,0.004043194399496519,0.013027436712578444,0.03042995372313162,0.7778581656228882,0.004654740078962472,0.015977344987050612
1955,2021-11-03,433.6407005054024,437.25986241274643,433.19888029300824,436.85565185546875,52509800,0.006105206057820611,0.023747556645908885,0.03328402908766437,0.8773624422949456,0.00929593586002577,0.0073593320966720555
1956,2021-11-04,437.4572875076041,438.9989678887315,437.1094770695545,438.91436767578125,52847100,0.004712576823874048,0.018742512968077607,0.03490321407034713,0.89769015131453,0.004304919041913771,0.006039626636711315
1957,2021-11-05,441.1422252320449,442.43007618696566,438.92374331887703,440.43719482421875,66390600,0.003469531326808495,0.02020684850243093,0.03497596920276114,1.1356245750426561,0.007961028063236198,0.0007684874551057153
1958,2021-11-08,441.5370209098921,442.0352412122443,440.1269602027339,440.81317138671875,50405200,0.0008536439858355394,0.019324345132352372,0.03195683408835093,0.8732657436472356,0.004329001793451949,-0.002900121748206197
1959,2021-11-09,441.17985167362065,441.4148618185051,437.9461097849906,439.3561706542969,51149100,-0.0033052568003774097,0.01186405333531626,0.02473932067852136,0.9018024730450641,0.007895079812692173,0.0017330906964683201
1960,2021-11-10,437.6640656796384,439.35615587855733,434.3363427951768,435.82159423828125,69429700,-0.008044899906041736,-0.002367046443820797,0.01333606053928893,1.2279417649240978,0.011518045800722776,0.012553600930802933
1961,2021-11-11,437.31627671722447,437.3914960298939,435.94382548251065,435.9626159667969,34848500,0.0003235767350218133,-0.006725119810078284,0.011313155730064528,0.6362453445740908,0.003320630013591632,-0.010350056136858687
1962,2021-11-12,437.23166509516153,439.8073670755041,436.2822149398842,439.25274658203125,53466700,0.007546818224168472,-0.002689255712520433,0.01657340783267003,0.9877017355675946,0.008025338857981469,-0.005713994311572934
1963,2021-11-15,440.5405763047511,440.7003671182999,438.2750753466251,439.4031066894531,46980500,0.00034230886110986347,-0.0031987807733372398,0.014687397436196292,0.8802659881433293,0.005519514392939526,-0.025394140346946426
1964,2021-11-16,439.1398906471806,442.2796223088453,439.0647000337654,441.1421813964844,48857500,0.003957811587027127,0.004065063521305978,0.016646499324762143,0.913842039202762,0.007287723574523574,-0.040018548153842315
1965,2021-11-17,440.87903881691875,441.0576488248933,439.4501874408848,440.07061767578125,47858300,-0.00242906655924624,0.009749455955541553,0.012451910280045775,0.8965893735210481,0.0036527350826061904,-0.022941930068541172
1966,2021-11-18,441.1046072166389,441.8284567817868,438.3784954289363,441.56524658203125,50625600,0.003396338783406616,0.012851172118989895,0.01412057777540654,0.9402241802178063,0.00781302736018116,-0.034722144470914484
1967,2021-11-19,441.45246699733707,442.7027371018379,440.40903566695056,440.7756652832031,57315600,-0.0017881418543237437,0.00346706699735444,0.010586827248942665,1.0659856134830379,0.005203784182172605,-0.021540313017691104
1968,2021-11-22,442.6557009805207,445.1468026589416,439.3279494564215,439.5347595214844,72762000,-0.0028152773836129796,0.000299617435623345,0.006438082251465582,1.3194649459208327,0.013238664466161992,0.0015184679234934162
1969,2021-11-23,439.20577420842636,440.9730551422776,436.60187205072765,440.11761474609375,73206500,0.0013260731079469679,-0.002322531586408827,0.006447959232007916,1.3072204122557103,0.009931852180176195,0.002840704617892431
1970,2021-11-24,438.1153823373655,441.4149344948779,437.29755148855867,441.292724609375,61858800,0.00266999052959771,0.0027770700530933556,0.007456752995550486,1.115121693215166,0.009330276201502943,-0.006582514308160037
1971,2021-11-26,434.61831023205275,436.0847710795946,430.32231837166336,431.45037841796875,112669600,-0.02230344087389735,-0.02290684840430124,-0.01508169448420138,1.924848304689859,0.013356003369520374,0.025644362765659068
1972,2021-11-29,436.24463852719293,438.58533038960036,434.0449470141302,436.74285888671875,86268800,0.012266718801259069,-0.009149339934393264,-0.003571967089681327,1.4538151128264356,0.01039601056567672,0.0042401086143080136
1973,2021-11-30,434.29870556860726,436.2069866122317,428.0004228222706,428.2448425292969,148559600,-0.01945771106385985,-0.02568606179060484,-0.02249056611554401,2.308765772859325,0.019163251894620675,0.017121903675600514
1974,2021-12-01,433.9603783525568,436.80870036743414,423.29091126414494,423.4883117675781,131939200,-0.011107035717291436,-0.037783770568031394,-0.032164073589276976,1.926191834774543,0.03192009962888452,0.04461699382389317
1975,2021-12-02,423.7044938415965,431.54442870471775,423.3096641820062,429.97454833984375,127637800,0.015316211550663539,-0.025647774455266448,-0.016567220366619395,1.7665193826735979,0.01915174875933108,0.019785787988507053
1976,2021-12-03,431.6383868949673,432.70060850783227,422.0029722635854,426.233154296875,137331600,-0.008701431415916283,-0.012092292374905611,-0.023708659754729022,1.795699315594564,0.025098085722341297,0.01778853120913526
1977,2021-12-06,428.78070813331755,433.16130061518345,426.3647969926562,431.2812194824219,98977500,0.011843436238258676,-0.012505389139547463,-0.011109071713197305,1.2671973931280907,0.015758867568320536,-0.0048204022820754755
1978,2021-12-07,436.5642266881175,440.7662090115453,431.1495840464495,440.2021789550781,95484700,0.02068478540141916,0.0279217289697149,0.009416632204877207,1.1881913924325342,0.02184592767787542,-0.00767310164722701
1979,2021-12-08,440.5970473857132,441.81908870916527,438.83914733929845,441.36785888671875,72238800,0.002648055796560689,0.04221969443386531,0.011856241550813884,0.8872816127421849,0.006751604834532484,-0.0003980572978484753
1980,2021-12-09,440.07997042228766,441.4712407407317,438.19050845590453,438.3879089355469,61272600,-0.006751624277056223,0.01956711304933645,0.004729007494263637,0.7563770545653449,0.007483628580891089,0.01265860058704793
1981,2021-12-10,441.0952068137605,442.665058357532,438.53829554873346,442.5146484375,77159800,0.009413442793103632,0.03819856333673388,0.013426064943752536,0.9282541084162946,0.009325708930472652,0.017412512275591263
1982,2021-12-13,441.99763801115,442.3454484006168,438.3126666867193,438.5946960449219,87724700,-0.008858356229379805,0.01695755862329662,0.004524468582076002,1.0340446134755128,0.009194779942082277,0.025666943434156986
1983,2021-12-14,435.32340883194223,437.814510746309,432.6536969041149,435.57720947265625,97264100,-0.006879897544307179,-0.01050646658178822,-0.0019492834437919715,1.1134902193921727,0.011848218249164565,0.034093337389478284
1984,2021-12-15,435.63360291576834,442.6274781927471,433.11427244709614,442.3830871582031,116899300,0.015624962779358098,0.0023001862302458598,0.013501136278025072,1.2881075938804936,0.021504451733817962,0.015369333724889467
1985,2021-12-16,444.23497726904446,444.5169779638093,436.930843709259,438.48193359375,116568600,-0.008818496180569402,0.00021447821960096647,0.004746428180864903,1.2376128404962572,0.01730090494806747,0.02182141978216312
1986,2021-12-17,435.400025670144,438.40929266529145,432.1077672413191,433.8152160644531,135511600,-0.010642895799717333,-0.019659083385745957,-0.005063550547982021,1.3766948660077518,0.014525828487851186,0.038793600425233166
1987,2021-12-20,428.7305989396733,429.59845850346267,425.5798363191293,429.2022705078125,107134800,-0.010633434203827674,-0.021414817875835324,-0.014335012553034931,1.061544424926915,0.009363003088447591,0.0496064447778386
1988,2021-12-21,432.62657449075914,436.9659586009306,430.4568968299471,436.824462890625,69806300,0.01775897497884693,0.0028634496728576764,0.003481681265755654,0.6926895646060036,0.0149008636739589,0.011488651841319752
